gyroX,gyroY,gyroZ,accelX,accelY,accelZ,encoderR,encoderL,timestamp,timestamp_s,dt,gyro_x_dps,gyro_y_dps,gyro_z_dps,accel_x_ms2,accel_y_ms2,accel_z_ms2,x,y,theta,linear_displacement,delta_theta_odom,delta_theta_gyro
-49.0,98.0,89.0,212.0,420.0,16972.0,-3.0,0.0,18082.0,18.082,0.0,-0.37404580152671757,0.7480916030534351,0.6793893129770993,0.12689268798828124,0.25139117431640623,10.158597644042969,0.0,0.0,0.0,0.0,0.0,0.0
-49.0,98.0,89.0,212.0,420.0,16972.0,-3.0,0.0,18092.0,18.092,0.00999999999999801,-0.37404580152671757,0.7480916030534351,0.6793893129770993,0.12689268798828124,0.25139117431640623,10.158597644042969,0.0,0.0,0.0001185758041431026,0.0,0.0,0.0001185758041431026
-62.0,79.0,50.0,232.0,452.0,17088.0,-3.0,0.0,18103.0,18.103,0.011000000000002785,-0.4732824427480916,0.6030534351145038,0.3816793893129771,0.1388636962890625,0.2705447875976562,10.228029492187499,0.0,0.0,0.00019185298647876096,0.0,0.0,7.327718233565836e-05
-100.0,116.0,82.0,300.0,480.0,16904.0,-3.0,0.0,18112.0,18.112,0.008999999999996788,-0.7633587786259542,0.8854961832061069,0.6259541984732825,0.17956512451171874,0.28730419921875,10.117896215820313,0.0,0.0,0.00029017764204909344,0.0,0.0,9.832465557033249e-05
-59.0,97.0,57.0,232.0,440.0,16948.0,-3.0,0.0,18122.0,18.122,0.010000000000001563,-0.45038167938931295,0.7404580152671756,0.4351145038167939,0.1388636962890625,0.26336218261718747,10.144232434082031,0.0,0.0,0.0003661194491969502,0.0,0.0,7.594180714785674e-05
-79.0,117.0,44.0,120.0,420.0,16908.0,-3.0,0.0,18132.0,18.132,0.010000000000001563,-0.6030534351145038,0.8931297709923665,0.33587786259541985,0.0718260498046875,0.25139117431640623,10.120290417480469,0.0,0.0,0.00042474119506547117,0.0,0.0,5.8621745868521e-05
-53.0,68.0,81.0,224.0,412.0,16944.0,-3.0,0.0,18143.0,18.143,0.010999999999999233,-0.40458015267175573,0.5190839694656488,0.6183206106870229,0.13407529296874998,0.24660277099609373,10.141838232421874,0.0,0.0,0.0005434502304491993,0.0,0.0,0.00011870903538372818
-65.0,95.0,63.0,156.0,468.0,17048.0,-3.0,0.0,18152.0,18.152,0.009000000000000341,-0.4961832061068702,0.7251908396946565,0.48091603053435117,0.09337386474609374,0.28012159423828126,10.204087475585936,0.0,0.0,0.0006189923438752163,0.0,0.0,7.554211342601697e-05
-26.0,111.0,81.0,176.0,444.0,16908.0,-3.0,0.0,18162.0,18.162,0.00999999999999801,-0.1984732824427481,0.8473282442748091,0.6183206106870229,0.105344873046875,0.2657563842773437,10.120290417480469,0.0,0.0,0.0007269096487695008,0.0,0.0,0.0001079173048942844
-61.0,110.0,47.0,192.0,432.0,16984.0,-3.0,0.0,18172.0,18.172,0.010000000000001563,-0.46564885496183206,0.8396946564885496,0.35877862595419846,0.1149216796875,0.258573779296875,10.165780249023436,0.0,0.0,0.00078952833185633,0.0,0.0,6.261868308682925e-05
-102.0,87.0,53.0,184.0,456.0,16952.0,-3.0,0.0,18182.0,18.182,0.00999999999999801,-0.7786259541984732,0.6641221374045801,0.40458015267175573,0.11013327636718749,0.27293898925781246,10.146626635742187,0.0,0.0,0.0008601408893797507,0.0,0.0,7.061255752342067e-05
-64.0,90.0,68.0,220.0,444.0,16996.0,-3.0,0.0,18192.0,18.192,0.010000000000001563,-0.48854961832061067,0.6870229007633588,0.5190839694656488,0.13168109130859373,0.2657563842773437,10.172962854003906,0.0,0.0,0.0009507381329947377,0.0,0.0,9.0597243614987e-05
-77.0,100.0,58.0,192.0,492.0,16924.0,-3.0,0.0,18202.0,18.202,0.010000000000001563,-0.5877862595419847,0.7633587786259542,0.44274809160305345,0.1149216796875,0.29448680419921874,10.129867224121092,0.0,0.0,0.0010280122525486973,0.0,0.0,7.72741195539595e-05
-67.0,101.0,45.0,204.0,440.0,17084.0,-3.0,0.0,18212.0,18.212,0.00999999999999801,-0.5114503816793893,0.7709923664122137,0.3435114503816794,0.12210428466796874,0.26336218261718747,10.225635290527343,0.0,0.0,0.0010879663108232997,0.0,0.0,5.9954058274602445e-05
-33.0,71.0,75.0,156.0,400.0,17068.0,-3.0,0.0,18222.0,18.222,0.010000000000001563,-0.25190839694656486,0.5419847328244275,0.5725190839694656,0.09337386474609374,0.239420166015625,10.216058483886718,0.0,0.0,0.001187889741281006,0.0,0.0,9.992343045770624e-05
-54.0,120.0,55.0,192.0,452.0,17016.0,-3.0,0.0,18232.0,18.232,0.00999999999999801,-0.4122137404580153,0.916030534351145,0.4198473282442748,0.1149216796875,0.2705447875976562,10.184933862304687,0.0,0.0,0.001261166923616631,0.0,0.0,7.32771823356252e-05
-101.0,142.0,65.0,28.0,360.0,16972.0,-3.0,0.0,18243.0,18.243,0.010999999999999233,-0.7709923664122137,1.083969465648855,0.4961832061068702,0.016759411621093748,0.2154781494140625,10.158597644042969,0.0,0.0,0.0013564272606529561,0.0,0.0,9.526033703632508e-05
-71.0,75.0,77.0,204.0,432.0,16980.0,-3.0,0.0,18252.0,18.252,0.009000000000000341,-0.5419847328244275,0.5725190839694656,0.5877862595419847,0.12210428466796874,0.258573779296875,10.16338604736328,0.0,0.0,0.0014487565103958658,0.0,0.0,9.232924974290964e-05
-74.0,141.0,90.0,204.0,416.0,17444.0,-3.0,0.0,18262.0,18.262,0.010000000000001563,-0.5648854961832062,1.0763358778625953,0.6870229007633588,0.12210428466796874,0.24899697265624998,10.441113439941406,0.0,0.0,0.0015686646269451132,0.0,0.0,0.0001199081165492475
-169.0,-678.0,4185.0,4396.0,-108.0,16888.0,-3.0,0.0,18272.0,18.272,0.00999999999999801,-1.2900763358778626,-5.175572519083969,31.946564885496183,2.6312276245117188,-0.06464344482421874,10.108319409179687,0.0,0.0,0.0071443920464831405,0.0,0.0,0.0055757274195380275
99.0,412.0,3596.0,3040.0,-1132.0,17536.0,-3.0,0.0,18282.0,18.282,0.010000000000001563,0.7557251908396947,3.145038167938931,27.450381679389313,1.8195932617187498,-0.6775590698242188,10.496180078124999,0.0,0.0,0.01193538745882863,0.0,0.0,0.004790995412345489
-291.0,539.0,1327.0,-1104.0,1108.0,17028.0,-3.0,0.0,18293.0,18.293,0.010999999999999233,-2.2213740458015265,4.114503816793893,10.129770992366412,-0.6607996582031249,0.6631938598632812,10.192116467285155,0.0,0.0,0.013880163878016374,0.0,0.0,0.0019447764191877443
321.0,793.0,3684.0,-8608.0,-1216.0,12692.0,-3.0,0.0,18303.0,18.303,0.010000000000001563,2.450381679389313,6.0534351145038165,28.12213740458015,-5.1523219726562495,-0.7278373046875,7.596801867675781,0.0,0.0,0.018788402782098906,0.0,0.0,0.004908238904082531
-386.0,867.0,6493.0,-7452.0,-2240.0,12012.0,-3.0,0.0,18313.0,18.313,0.00999999999999801,-2.946564885496183,6.6183206106870225,49.56488549618321,-4.460397692871093,-1.3407529296874998,7.189787585449218,0.0,0.0,0.02743910723492099,0.0,0.0,0.008650704452822082
-3285.0,-1562.0,12872.0,-12208.0,4876.0,18560.0,-3.0,0.0,18323.0,18.323,0.010000000000001563,-25.076335877862597,-11.923664122137405,98.25954198473282,-7.307103466796875,2.9185318237304685,11.109095703125,0.0,0.0,0.04458863252627558,0.0,0.0,0.017149525291354595
620.0,1982.0,8846.0,-15188.0,-860.0,17084.0,-3.0,0.0,18332.0,18.332,0.009000000000000341,4.732824427480916,15.129770992366412,67.52671755725191,-9.090783703613281,-0.5147533569335937,10.225635290527343,0.0,0.0,0.05519570451622076,0.0,0.0,0.010607071989945177
-420.0,-188.0,7988.0,-7836.0,-3728.0,14600.0,-3.0,0.0,18342.0,18.342,0.00999999999999801,-3.2061068702290076,-1.4351145038167938,60.97709923664122,-4.690241052246093,-2.231395947265625,8.738836059570312,0.0,0.0,0.06583821601616574,0.0,0.0,0.010642511499944985
-2045.0,-1980.0,4614.0,-5904.0,-232.0,20768.0,-3.0,0.0,18352.0,18.352,0.010000000000001563,-15.610687022900763,-15.114503816793894,35.221374045801525,-3.5338416503906247,-0.1388636962890625,12.43069501953125,0.0,0.0,0.07198550545792383,0.0,0.0,0.006147289441758088
-1099.0,586.0,122.0,-3384.0,5980.0,18828.0,-3.0,0.0,18362.0,18.362,0.00999999999999801,-8.389312977099237,4.473282442748092,0.9312977099236641,-2.0254946044921875,3.5793314819335937,11.269507214355468,0.0,0.0,0.07214804757146831,0.0,0.0,0.00016254211354447775
-1099.0,586.0,122.0,-3384.0,5980.0,18828.0,-3.0,0.0,18372.0,18.372,0.010000000000001563,-8.389312977099237,4.473282442748092,0.9312977099236641,-2.0254946044921875,3.5793314819335937,11.269507214355468,0.0,0.0,0.07231058968501285,0.0,0.0,0.00016254211354453549
-527.0,275.0,-4776.0,-6052.0,700.0,14476.0,-4.0,0.0,18382.0,18.382,0.010000000000001563,-4.022900763358779,2.099236641221374,-36.458015267175576,-3.622427111816406,0.41898529052734373,8.664615808105468,-0.03447497994285642,-0.0023870254442421657,0.06594746563346611,-0.03455751918948772,-0.6520286639525985,-0.006363124051546734
-1978.0,-254.0,-8522.0,-6592.0,-624.0,18732.0,-4.0,0.0,18393.0,18.393,0.010999999999999233,-15.099236641221374,-1.9389312977099236,-65.05343511450381,-3.9456443359374997,-0.373495458984375,11.212046374511718,-0.03447497994285642,-0.0023870254442421657,0.053458102676180536,0.0,0.0,-0.012489362957285574
-1701.0,-689.0,-12432.0,-5184.0,1908.0,20440.0,-4.0,0.0,18402.0,18.402,0.009000000000000341,-12.98473282442748,-5.259541984732825,-94.90076335877863,-3.1028853515624997,1.1420341918945311,12.234370483398436,-0.03447497994285642,-0.0023870254442421657,0.038551125626779856,0.0,0.0,-0.014906977049400683
2855.0,392.0,-15295.0,-6808.0,5564.0,17920.0,-4.0,0.0,18412.0,18.412,0.00999999999999801,21.793893129770993,2.9923664122137406,-116.7557251908397,-4.074931225585937,3.3303345092773435,10.726023437499999,-0.03447497994285642,-0.0023870254442421657,0.018173407375445535,0.0,0.0,-0.02037771825133432
862.0,541.0,-18576.0,-1516.0,-316.0,15480.0,-4.0,0.0,18422.0,18.422,0.010000000000001563,6.580152671755725,4.129770992366412,-141.80152671755727,-0.9074024291992187,-0.18914193115234373,9.265560424804686,-0.03447497994285642,-0.0023870254442421657,-0.0065756278803191515,0.0,0.0,-0.024749035255764686
1391.0,-1144.0,-20876.0,-4240.0,-1088.0,14532.0,-4.0,0.0,18432.0,18.432,0.00999999999999801,10.618320610687023,-8.732824427480915,-159.3587786259542,-2.5378537597656248,-0.6512228515624999,8.698134631347656,-0.03447497994285642,-0.0023870254442421657,-0.03438898167011027,0.0,0.0,-0.027813353789791124
2121.0,1959.0,-23483.0,-112.0,1316.0,19588.0,-4.0,0.0,18443.0,18.443,0.011000000000002785,16.19083969465649,14.954198473282442,-179.25954198473283,-0.06703764648437499,0.7876923461914062,11.724405529785155,-0.03447497994285642,-0.0023870254442421657,-0.06880434312587558,0.0,0.0,-0.0344153614557653
1915.0,-1242.0,-24409.0,-2376.0,3888.0,16976.0,-4.0,0.0,18452.0,18.452,0.009000000000000341,14.618320610687023,-9.48091603053435,-186.32824427480915,-1.4221557861328125,2.327164013671875,10.160991845703125,-0.03447497994285642,-0.0023870254442421657,-0.09807271529437793,0.0,0.0,-0.029268372168502352
-316.0,-1786.0,-24603.0,-1280.0,2372.0,15004.0,-4.0,0.0,18462.0,18.462,0.00999999999999801,-2.4122137404580153,-13.633587786259541,-187.8091603053435,-0.7661445312499999,1.419761584472656,8.980650427246093,-0.03447497994285642,-0.0023870254442421657,-0.13085159742171223,0.0,0.0,-0.03277888212733431
-3328.0,-452.0,-22998.0,3320.0,5160.0,21400.0,-4.0,0.0,18472.0,18.472,0.010000000000001563,-25.404580152671755,-3.450381679389313,-175.55725190839695,1.9871873779296874,3.0885201416015624,12.808978881835937,-0.03447497994285642,-0.0023870254442421657,-0.16149211813726327,0.0,0.0,-0.03064052071555104
462.0,-787.0,-22325.0,3412.0,3860.0,17628.0,-4.0,0.0,18482.0,18.482,0.00999999999999801,3.5267175572519083,-6.00763358778626,-170.4198473282443,2.042254016113281,2.310404602050781,10.551246716308594,-0.03447497994285642,-0.0023870254442421657,-0.1912359926034966,0.0,0.0,-0.02974387446623333
-5534.0,-401.0,-22154.0,-1084.0,6308.0,13760.0,-4.0,0.0,18492.0,18.492,0.010000000000001563,-42.2442748091603,-3.0610687022900764,-169.1145038167939,-0.6488286499023437,3.775656018066406,8.2360537109375,-0.03447497994285642,-0.0023870254442421657,-0.22075204164829693,0.0,0.0,-0.029516049044800322
2503.0,745.0,-20811.0,-5040.0,3436.0,13844.0,-5.0,0.0,18502.0,18.502,0.00999999999999801,19.106870229007633,5.687022900763359,-158.86259541984734,-3.0166940917968748,2.0566192260742184,8.28633194580078,-0.06808575499676804,0.0056465250041688045,-0.2484787951316914,-0.03455751918948772,-0.6520286639525985,-0.02772675348339448
-117.0,-1338.0,-20016.0,-2252.0,-956.0,16860.0,-5.0,0.0,18512.0,18.512,0.010000000000001563,-0.8931297709923665,-10.213740458015268,-152.793893129771,-1.3479355346679687,-0.5722141967773438,10.091559997558592,-0.06808575499676804,0.0056465250041688045,-0.27514636025224404,0.0,0.0,-0.02666756512055264
4693.0,-904.0,-18829.0,184.0,-3656.0,18024.0,-5.0,0.0,18522.0,18.522,0.00999999999999801,35.82442748091603,-6.900763358778626,-143.73282442748092,0.11013327636718749,-2.1883003173828124,10.788272680664061,-0.06808575499676804,0.0056465250041688045,-0.3002324705467438,0.0,0.0,-0.025086110294499763
112.0,-1633.0,-17924.0,-972.0,-164.0,18492.0,-5.0,0.0,18532.0,18.532,0.010000000000001563,0.8549618320610687,-12.465648854961833,-136.82442748091603,-0.5817910034179687,-0.09816226806640624,11.068394274902342,-0.06808575499676804,0.0056465250041688045,-0.3241128381137295,0.0,0.0,-0.02388036756698569
2495.0,2157.0,-17722.0,2716.0,-6020.0,13996.0,-5.0,0.0,18543.0,18.543,0.010999999999999233,19.045801526717558,16.46564885496183,-135.2824427480916,1.6256629272460936,-3.603273498535156,8.377311608886718,-0.06808575499676804,0.0056465250041688045,-0.35008520262077186,0.0,0.0,-0.025972364507042354
-2427.0,634.0,-17252.0,996.0,2372.0,13452.0,-5.0,0.0,18552.0,18.552,0.009000000000000341,-18.52671755725191,4.8396946564885495,-131.6946564885496,0.5961562133789062,1.419761584472656,8.051700183105469,-0.06808575499676804,0.0056465250041688045,-0.3707717508878456,0.0,0.0,-0.020686548267073727
1007.0,5796.0,-19400.0,-4772.0,5320.0,31204.0,-5.0,0.0,18562.0,18.562,0.010000000000001563,7.687022900763359,44.2442748091603,-148.0916030534351,-2.8562825805664063,3.1842882080078123,18.677167150878905,-0.06808575499676804,0.0056465250041688045,-0.39661861156623895,0.0,0.0,-0.025846860678393344
-541.0,-2927.0,-20807.0,-1532.0,5516.0,15320.0,-5.0,0.0,18572.0,18.572,0.00999999999999801,-4.129770992366412,-22.34351145038168,-158.8320610687023,-0.9169792358398436,3.3016040893554686,9.169792358398437,-0.06808575499676804,0.0056465250041688045,-0.424340035800009,0.0,0.0,-0.02772142423377007
1392.0,-1108.0,-22989.0,-2604.0,5796.0,13264.0,-5.0,0.0,18582.0,18.582,0.010000000000001563,10.625954198473282,-8.458015267175572,-175.4885496183206,-1.5586252807617187,3.469198205566406,7.939172705078125,-0.06808575499676804,0.0056465250041688045,-0.45496856570390515,0.0,0.0,-0.030628529903896116
-1200.0,1274.0,-23993.0,252.0,9212.0,21376.0,-6.0,0.0,18592.0,18.592,0.00999999999999801,-9.16030534351145,9.725190839694656,-183.15267175572518,0.15083470458984374,5.513846423339843,12.794613671875,-0.09888123533357007,0.0213264651621366,-0.48693473726351705,-0.03455751918948772,-0.6520286639525985,-0.03196617155961192
3245.0,3614.0,-25332.0,-1080.0,2256.0,14796.0,-6.0,0.0,18602.0,18.602,0.010000000000001563,24.770992366412212,27.587786259541986,-193.3740458015267,-0.6464344482421874,1.350329736328125,8.856151940917968,-0.09888123533357007,0.0213264651621366,-0.5206848751349119,0.0,0.0,-0.03375013787139486
4268.0,-1496.0,-25413.0,1100.0,4032.0,15404.0,-6.0,0.0,18612.0,18.612,0.00999999999999801,32.58015267175573,-11.419847328244275,-193.99236641221373,0.6584054565429687,2.4133552734375,9.220070593261719,-0.09888123533357007,0.0213264651621366,-0.5545429303111891,0.0,0.0,-0.03385805517627715
2303.0,-1597.0,-22820.0,1848.0,2736.0,14496.0,-6.0,0.0,18622.0,18.622,0.010000000000001563,17.580152671755727,-12.19083969465649,-174.19847328244273,1.1061211669921875,1.637633935546875,8.67658681640625,-0.09888123533357007,0.0213264651621366,-0.5849462994184538,0.0,0.0,-0.030403369107264752
3496.0,-1303.0,-21439.0,-1088.0,1912.0,17656.0,-6.0,0.0,18633.0,18.633,0.010999999999999233,26.68702290076336,-9.946564885496183,-163.65648854961833,-0.6512228515624999,1.1444283935546875,10.568006127929687,-0.09888123533357007,0.0213264651621366,-0.6163660896603272,0.0,0.0,-0.03141979024187344
2225.0,1357.0,-18502.0,-2748.0,4860.0,17696.0,-6.0,0.0,18642.0,18.642,0.009000000000000341,16.984732824427482,10.358778625954198,-141.23664122137404,-1.6448165405273436,2.9089550170898435,10.59194814453125,-0.09888123533357007,0.0213264651621366,-0.6385514893842664,0.0,0.0,-0.022185399723939146
2225.0,1357.0,-18502.0,-2748.0,4860.0,17696.0,-6.0,0.0,18652.0,18.652,0.010000000000001563,16.984732824427482,10.358778625954198,-141.23664122137404,-1.6448165405273436,2.9089550170898435,10.59194814453125,-0.09888123533357007,0.0213264651621366,-0.6632019335219795,0.0,0.0,-0.02465044413771308
801.0,-273.0,-16115.0,2252.0,-952.0,20408.0,-6.0,0.0,18662.0,18.662,0.00999999999999801,6.114503816793893,-2.0839694656488548,-123.01526717557252,1.3479355346679687,-0.5698199951171875,12.215216870117187,-0.09888123533357007,0.0213264651621366,-0.6846721479463177,0.0,0.0,-0.021470214424338187
-46.0,331.0,-14388.0,-1820.0,1892.0,16852.0,-6.0,0.0,18672.0,18.672,0.010000000000001563,-0.3511450381679389,2.5267175572519083,-109.83206106870229,-1.0893617553710937,1.1324573852539062,10.08677159423828,-0.09888123533357007,0.0213264651621366,-0.7038414588453241,0.0,0.0,-0.019169310899006364
176.0,600.0,-14512.0,2120.0,560.0,17436.0,-7.0,0.0,18682.0,18.682,0.00999999999999801,1.3435114503816794,4.580152671755725,-110.77862595419847,1.2689268798828124,0.33518823242187495,10.436325036621094,-0.12500914273371683,0.043944037698135444,-0.7231759764826804,-0.03455751918948772,-0.6520286639525985,-0.01933451763735624
3733.0,2713.0,-15256.0,-100.0,2688.0,21568.0,-7.0,0.0,18692.0,18.692,0.010000000000001563,28.49618320610687,20.709923664122137,-116.45801526717557,-0.05985504150390625,1.608903515625,12.9095353515625,-0.12500914273371683,0.043944037698135444,-0.743501734550184,0.0,0.0,-0.02032575806750355
3733.0,2713.0,-15256.0,-100.0,2688.0,21568.0,-7.0,0.0,18702.0,18.702,0.010000000000001563,28.49618320610687,20.709923664122137,-116.45801526717557,-0.05985504150390625,1.608903515625,12.9095353515625,-0.12500914273371683,0.043944037698135444,-0.7638274926176876,0.0,0.0,-0.02032575806750355
1233.0,451.0,-15454.0,3184.0,2572.0,16468.0,-7.0,0.0,18712.0,18.712,0.00999999999999801,9.412213740458014,3.4427480916030535,-117.96946564885496,1.905784521484375,1.5394716674804687,9.85692823486328,-0.12500914273371683,0.043944037698135444,-0.7844170485415921,0.0,0.0,-0.020589555923904584
-344.0,-638.0,-15535.0,-448.0,2932.0,17444.0,-7.0,0.0,18722.0,18.722,0.010000000000001563,-2.6259541984732824,-4.870229007633588,-118.58778625954199,-0.26815058593749996,1.7549498168945312,10.441113439941406,-0.12500914273371683,0.043944037698135444,-0.8051145217703983,0.0,0.0,-0.02069747322880622
-2101.0,-626.0,-17908.0,-1676.0,4476.0,12552.0,-7.0,0.0,18732.0,18.732,0.00999999999999801,-16.0381679389313,-4.778625954198473,-136.70229007633588,-1.0031704956054688,2.6791116577148437,7.513004809570312,-0.12500914273371683,0.043944037698135444,-0.8289735723388779,0.0,0.0,-0.023859050568479572
-1291.0,289.0,-20792.0,2852.0,7868.0,17472.0,-7.0,0.0,18742.0,18.742,0.010000000000001563,-9.854961832061068,2.2061068702290076,-158.7175572519084,1.707065783691406,4.709394665527343,10.457872851562499,-0.12500914273371683,0.043944037698135444,-0.8566750118865663,0.0,0.0,-0.02770143954768838
-1015.0,-659.0,-22328.0,-3252.0,8448.0,15276.0,-7.0,0.0,18752.0,18.752,0.00999999999999801,-7.748091603053435,-5.030534351145038,-170.44274809160305,-1.946485949707031,5.05655390625,9.143456140136719,-0.12500914273371683,0.043944037698135444,-0.8864228832900178,0.0,0.0,-0.029747871403451632
277.0,206.0,-24076.0,-488.0,2740.0,13676.0,-7.0,0.0,18762.0,18.762,0.010000000000001563,2.114503816793893,1.5725190839694656,-183.78625954198472,-0.2920926025390625,1.6400281372070311,8.185775476074218,-0.12500914273371683,0.043944037698135444,-0.9184996367793477,0.0,0.0,-0.032076753489329805
404.0,1514.0,-25081.0,232.0,4980.0,20188.0,-8.0,0.0,18772.0,18.772,0.00999999999999801,3.0839694656488548,11.557251908396946,-191.45801526717557,0.1388636962890625,2.980781066894531,12.083535778808592,-0.14552426441561894,0.07175324327665855,-0.9519153642367988,-0.03455751918948772,-0.6520286639525985,-0.033415727457451194
1607.0,2171.0,-24935.0,236.0,1828.0,19308.0,-8.0,0.0,18782.0,18.782,0.010000000000001563,12.267175572519085,16.572519083969464,-190.34351145038167,0.14125789794921875,1.0941501586914062,11.556811413574218,-0.14552426441561894,0.07175324327665855,-0.9851365740829708,0.0,0.0,-0.033221209846172065
849.0,-434.0,-24133.0,4804.0,-400.0,15040.0,-8.0,0.0,18792.0,18.792,0.010000000000001563,6.480916030534351,-3.312977099236641,-184.22137404580153,2.8754361938476563,-0.239420166015625,9.0021982421875,-0.14552426441561894,0.07175324327665855,-1.0172892693794484,0.0,0.0,-0.032152695296477664
128.0,2116.0,-23063.0,-1080.0,1504.0,15992.0,-8.0,0.0,18803.0,18.803,0.010999999999999233,0.9770992366412213,16.15267175572519,-176.05343511450383,-0.6464344482421874,0.9002198242187499,9.572018237304688,-0.14552426441561894,0.07175324327665855,-1.0510891025035833,0.0,0.0,-0.03379983312413485
2873.0,1711.0,-22242.0,5672.0,2368.0,19472.0,-8.0,0.0,18812.0,18.812,0.009000000000000341,21.931297709923665,13.061068702290076,-169.78625954198472,3.394977954101562,1.4173673828125,11.654973681640625,-0.14552426441561894,0.07175324327665855,-1.0777590657864637,0.0,0.0,-0.026669963282880467
-1276.0,-3120.0,-21470.0,6700.0,480.0,16136.0,-8.0,0.0,18822.0,18.822,0.00999999999999801,-9.740458015267176,-23.81679389312977,-163.89312977099237,4.010287780761718,0.28730419921875,9.658209497070311,-0.14552426441561894,0.07175324327665855,-1.1063638131454796,0.0,0.0,-0.02860474735901588
-1391.0,-95.0,-18150.0,2396.0,7396.0,17312.0,-8.0,0.0,18832.0,18.832,0.010000000000001563,-10.618320610687023,-0.7251908396946565,-138.54961832061068,1.4341267944335936,4.426878869628906,10.36210478515625,-0.14552426441561894,0.07175324327665855,-1.1305452833162446,0.0,0.0,-0.02418147017076491
8.0,1610.0,-15321.0,-3472.0,4844.0,16544.0,-9.0,0.0,18842.0,18.842,0.00999999999999801,0.061068702290076333,12.290076335877863,-116.95419847328245,-2.0781670410156248,2.8993782104492185,9.90241806640625,-0.15993169441485014,0.10316419826610554,-1.1509576416901375,-0.03455751918948772,-0.6520286639525985,-0.02041235837389298
-1272.0,520.0,-6918.0,144.0,4588.0,19216.0,-9.0,0.0,18852.0,18.852,0.010000000000001563,-9.709923664122137,3.969465648854962,-52.80916030534351,0.086191259765625,2.7461493041992187,11.501744775390625,-0.15993169441485014,0.10316419826610554,-1.1601745789155562,0.0,0.0,-0.009216937225418824
934.0,3841.0,998.0,1224.0,416.0,13008.0,-9.0,0.0,18862.0,18.862,0.00999999999999801,7.129770992366412,29.3206106870229,7.6183206106870225,0.7326257080078125,0.24899697265624998,7.785943798828124,-0.15993169441485014,0.10316419826610554,-1.1588449311342661,0.0,0.0,0.001329647781290072
5353.0,1019.0,6133.0,-2708.0,2568.0,20872.0,-9.0,0.0,18872.0,18.872,0.010000000000001563,40.86259541984733,7.778625954198473,46.81679389312977,-1.6208745239257811,1.5370774658203123,12.492944262695312,-0.15993169441485014,0.10316419826610554,-1.150673859147638,0.0,0.0,0.008171071986628165
116.0,446.0,11745.0,-2140.0,-524.0,20780.0,-9.0,0.0,18882.0,18.882,0.010000000000001563,0.8854961832061069,3.404580152671756,89.65648854961832,-1.2808978881835937,-0.3136404174804687,12.437877624511717,-0.15993169441485014,0.10316419826610554,-1.135025849937961,0.0,0.0,0.015648009209676798
1366.0,-1038.0,13911.0,3756.0,-896.0,15328.0,-9.0,0.0,18892.0,18.892,0.00999999999999801,10.427480916030534,-7.923664122137405,106.19083969465649,2.2481553588867187,-0.5363011718749999,9.17458076171875,-0.15993169441485014,0.10316419826610554,-1.1164920520566723,0.0,0.0,0.01853379788128877
87.0,1115.0,16451.0,-1476.0,-6504.0,17984.0,-10.0,0.0,18902.0,18.902,0.010000000000001563,0.6641221374045801,8.511450381679388,125.58015267175573,-0.8834604125976562,-3.892971899414062,10.764330664062498,-0.1754362035551867,0.13404837429281916,-1.094574180663876,-0.03455751918948772,-0.6520286639525985,0.02191787139279634
318.0,555.0,17470.0,1368.0,-840.0,16144.0,-10.0,0.0,18922.0,18.922,0.019999999999999574,2.427480916030534,4.236641221374046,133.3587786259542,0.8188169677734375,-0.5027823486328125,9.662997900390625,-0.1754362035551867,0.13404837429281916,-1.0480231851946542,0.0,0.0,0.046550995469221805
2075.0,1183.0,14466.0,1584.0,24.0,23208.0,-10.0,0.0,18932.0,18.932,0.00999999999999801,15.83969465648855,9.030534351145038,110.42748091603053,0.948103857421875,0.0143652099609375,13.891158032226562,-0.1754362035551867,0.13404837429281916,-1.0287499539279787,0.0,0.0,0.019273231266675534
-1068.0,327.0,11431.0,5800.0,-2000.0,13328.0,-10.0,0.0,18942.0,18.942,0.010000000000001563,-8.15267175572519,2.49618320610687,87.25954198473282,3.4715924072265625,-1.197100830078125,7.977479931640625,-0.1754362035551867,0.13404837429281916,-1.0135202908138181,0.0,0.0,0.015229663114160533
-1421.0,-1188.0,5163.0,3320.0,-1664.0,17024.0,-10.0,-1.0,18952.0,18.952,0.010000000000001563,-10.84732824427481,-9.068702290076336,39.412213740458014,1.9871873779296874,-0.9959878906249999,10.189722265624999,-0.1938136223186982,0.16331426932649867,-1.0066415618611095,-0.03455751918948772,0.6520286639525985,0.006878728952708498
-2126.0,-2834.0,921.0,344.0,6552.0,21632.0,-10.0,0.0,18962.0,18.962,0.00999999999999801,-16.229007633587788,-21.633587786259543,7.030534351145038,0.2059013427734375,3.921702319335937,12.947842578125,-0.1753177432326835,0.13412309618516471,-1.0054145021350893,0.03455751918948772,-0.6520286639525985,0.0012270597260201966
410.0,720.0,-6391.0,472.0,4172.0,10564.0,-11.0,0.0,18972.0,18.972,0.010000000000001563,3.1297709923664123,5.4961832061068705,-48.786259541984734,0.2825157958984375,2.4971523315429685,6.323086584472656,-0.19370713079232904,0.16338147204085715,-1.013929310722492,-0.03455751918948772,-0.6520286639525985,-0.008514808587402674
828.0,-886.0,-10016.0,8744.0,4404.0,14140.0,-11.0,0.0,18982.0,18.982,0.00999999999999801,6.320610687022901,-6.763358778625954,-76.45801526717557,5.233724829101562,2.636016027832031,8.463502868652343,-0.19370713079232904,0.16338147204085715,-1.0272737517820125,0.0,0.0,-0.013344441059520401
3441.0,433.0,-13422.0,-580.0,3552.0,16164.0,-11.0,0.0,18992.0,18.992,0.010000000000001563,26.267175572519083,3.3053435114503817,-102.45801526717557,-0.34715924072265625,2.1260510742187497,9.674968908691406,-0.19370713079232904,0.16338147204085715,-1.0451560488967235,0.0,0.0,-0.017882297114711107
3017.0,137.0,-15723.0,1788.0,5076.0,16140.0,-11.0,0.0,19002.0,19.002,0.00999999999999801,23.03053435114504,1.0458015267175573,-120.02290076335878,1.0702081420898437,3.038241906738281,9.660603698730467,-0.19370713079232904,0.16338147204085715,-1.0661039968578696,0.0,0.0,-0.020947947961146095
194.0,-61.0,-14941.0,4480.0,6288.0,16124.0,-11.0,0.0,19012.0,19.012,0.010000000000001563,1.4809160305343512,-0.46564885496183206,-114.05343511450381,2.6815058593749996,3.763685009765625,9.651026892089844,-0.19370713079232904,0.16338147204085715,-1.0860100765174507,0.0,0.0,-0.019906079659581185
882.0,-78.0,-13034.0,3548.0,-3692.0,20392.0,-11.0,-1.0,19022.0,19.022,0.00999999999999801,6.732824427480916,-0.5954198473282443,-99.49618320610686,2.123656872558594,-2.2098481323242187,12.205640063476562,-0.20954551797375692,0.19409576226581585,-1.1033754364185877,-0.03455751918948772,0.6520286639525985,-0.01736535990113707
-1729.0,-126.0,-10016.0,-2424.0,-2224.0,15264.0,-11.0,0.0,19032.0,19.032,0.010000000000001563,-13.198473282442748,-0.9618320610687023,-76.45801526717557,-1.4508862060546874,-1.3311761230468748,9.13627353515625,-0.19418059422503453,0.1631419054669005,-1.1167198774781129,0.03455751918948772,-0.6520286639525985,-0.013344441059525142
1067.0,80.0,-6527.0,1036.0,2240.0,15788.0,-11.0,0.0,19042.0,19.042,0.010000000000001563,8.145038167938932,0.6106870229007634,-49.82442748091603,0.6200982299804687,1.3407529296874998,9.449913952636718,-0.19418059422503453,0.1631419054669005,-1.1254158805527454,0.0,0.0,-0.008696003074632648
562.0,465.0,-2702.0,1072.0,-1996.0,15232.0,-12.0,0.0,19052.0,19.052,0.00999999999999801,4.290076335877862,3.549618320610687,-20.625954198473284,0.6416460449218749,-1.1947066284179686,9.117119921875,-0.20901185844439488,0.19435497539261165,-1.1290157886740337,-0.03455751918948772,-0.6520286639525985,-0.0035999081212883515
-5574.0,-3194.0,703.0,-796.0,-176.0,16396.0,-12.0,0.0,19062.0,19.062,0.010000000000001563,-42.54961832061068,-24.38167938931298,5.366412213740458,-0.47644613037109373,-0.105344873046875,9.813832604980469,-0.20901185844439488,0.19435497539261165,-1.1280791730525435,0.0,0.0,0.0009366156214902331
1802.0,613.0,2244.0,4704.0,876.0,17288.0,-12.0,0.0,19072.0,19.072,0.00999999999999801,13.755725190839694,4.679389312977099,17.129770992366414,2.81558115234375,0.5243301635742187,10.347739575195313,-0.20901185844439488,0.19435497539261165,-1.12508946401325,0.0,0.0,0.002989709039293509
2553.0,-1468.0,3892.0,1648.0,4960.0,18640.0,-12.0,0.0,19082.0,19.082,0.010000000000001563,19.48854961832061,-11.206106870229007,29.709923664122137,0.9864110839843749,2.96881005859375,11.156979736328124,-0.20901185844439488,0.19435497539261165,-1.1199041041286981,0.0,0.0,0.005185359884551903
656.0,7057.0,5642.0,-3804.0,2284.0,9008.0,-12.0,-1.0,19092.0,19.092,0.00999999999999801,5.00763358778626,53.87022900763359,43.06870229007634,-2.2768857788085937,1.3670891479492187,5.391742138671875,-0.22418774125801633,0.22540195130587962,-1.1123871975334692,-0.03455751918948772,0.6520286639525985,0.007516906595229045
3234.0,-729.0,6456.0,-2864.0,1228.0,24188.0,-12.0,-1.0,19102.0,19.102,0.010000000000001563,24.68702290076336,-5.564885496183206,49.282442748091604,-1.714248388671875,0.7350199096679687,14.477737438964843,-0.22418774125801633,0.22540195130587962,-1.1037857886396698,0.0,0.0,0.008601408893799354
1411.0,2042.0,6594.0,-3844.0,760.0,15604.0,-12.0,0.0,19112.0,19.112,0.00999999999999801,10.770992366412214,15.587786259541986,50.33587786259542,-2.300827795410156,0.45489831542968745,9.33978067626953,-0.20849389790281167,0.19461355392514362,-1.0950005206338314,0.03455751918948772,-0.6520286639525985,0.00878526800583841
1411.0,2042.0,6594.0,-3844.0,760.0,15604.0,-12.0,0.0,19122.0,19.122,0.010000000000001563,10.770992366412214,15.587786259541986,50.33587786259542,-2.300827795410156,0.45489831542968745,9.33978067626953,-0.20849389790281167,0.19461355392514362,-1.0862152526279898,0.0,0.0,0.008785268005841533
2131.0,825.0,4793.0,-676.0,476.0,17024.0,-13.0,0.0,19132.0,19.132,0.010000000000001563,16.267175572519083,6.297709923664122,36.587786259541986,-0.40462008056640625,0.28490999755859375,10.189722265624999,-0.22468964614295261,0.22514091659331043,-1.0798294792655394,-0.03455751918948772,-0.6520286639525985,0.00638577336245048
-2622.0,-897.0,4206.0,-944.0,5872.0,22336.0,-13.0,0.0,19142.0,19.142,0.00999999999999801,-20.015267175572518,-6.847328244274809,32.10687022900763,-0.565031591796875,3.5146880371093747,13.3692220703125,-0.22468964614295261,0.22514091659331043,-1.0742257732854732,0.0,0.0,0.005603705980066175
-1165.0,824.0,1240.0,-4692.0,-308.0,16048.0,-13.0,0.0,19152.0,19.152,0.010000000000001563,-8.893129770992367,6.290076335877862,9.465648854961833,-2.808398547363281,-0.18435352783203124,9.605537060546874,-0.22468964614295261,0.22514091659331043,-1.0725737059019058,0.0,0.0,0.00165206738356741
648.0,19.0,405.0,700.0,-1452.0,20344.0,-13.0,0.0,19162.0,19.162,0.00999999999999801,4.9465648854961835,0.1450381679389313,3.0916030534351147,0.41898529052734373,-0.8690952026367187,12.176909643554687,-0.22468964614295261,0.22514091659331043,-1.0720341193774343,0.0,0.0,0.0005395865244714221
-1441.0,574.0,-1137.0,-40.0,108.0,15544.0,-13.0,-1.0,19172.0,19.172,0.010000000000001563,-11.0,4.3816793893129775,-8.679389312977099,-0.023942016601562498,0.06464344482421874,9.303867651367186,-0.2411968615042698,0.2555009886213361,-1.0735489585831732,-0.03455751918948772,0.6520286639525985,-0.0015148392057388266
-2328.0,215.0,-2456.0,-2652.0,3168.0,18400.0,-13.0,0.0,19182.0,19.182,0.00999999999999801,-17.770992366412212,1.6412213740458015,-18.748091603053435,-1.5873557006835937,1.89620771484375,11.01332763671875,-0.22476236016638504,0.22510149358758796,-1.0768211178525604,0.03455751918948772,-0.6520286639525985,-0.003272159269387191
-1514.0,877.0,-3903.0,2848.0,2632.0,18016.0,-13.0,0.0,19192.0,19.192,0.010000000000001563,-11.557251908396946,6.694656488549619,-29.793893129770993,1.70467158203125,1.5753846923828123,10.78348427734375,-0.22476236016638504,0.22510149358758796,-1.0820211331735794,0.0,0.0,-0.005200015321019033
-1709.0,330.0,-4951.0,224.0,60.0,13160.0,-13.0,0.0,19202.0,19.202,0.010000000000001563,-13.045801526717558,2.519083969465649,-37.79389312977099,0.13407529296874998,0.03591302490234375,7.876923461914062,-0.22476236016638504,0.22510149358758796,-1.0886174118961942,0.0,0.0,-0.006596278722614714
-1032.0,-2227.0,-5164.0,2388.0,-252.0,12984.0,-14.0,0.0,19212.0,19.212,0.00999999999999801,-7.877862595419847,-17.0,-39.41984732824427,1.429338391113281,-0.15083470458984374,7.771578588867187,-0.24068163405347517,0.25577393808488263,-1.0954974731613063,-0.03455751918948772,-0.6520286639525985,-0.006880061265112156
871.0,-917.0,-6091.0,3232.0,3896.0,16796.0,-14.0,0.0,19222.0,19.222,0.010000000000001563,6.648854961832061,-7.0,-46.49618320610687,1.93451494140625,2.3319524169921872,10.053252770996092,-0.24068163405347517,0.25577393808488263,-1.1036125880268781,0.0,0.0,-0.00811511486557185
2285.0,498.0,-5419.0,824.0,1164.0,16196.0,-14.0,0.0,19232.0,19.232,0.00999999999999801,17.442748091603054,3.801526717557252,-41.36641221374046,0.49320554199218747,0.6967126831054687,9.694122521972655,-0.24068163405347517,0.25577393808488263,-1.1108323889555463,0.0,0.0,-0.007219800928668238
2735.0,359.0,-4445.0,-1864.0,2620.0,15368.0,-14.0,-1.0,19242.0,19.242,0.010000000000001563,20.87786259541985,2.7404580152671754,-33.93129770992366,-1.1156979736328125,1.5682020874023437,9.198522778320312,-0.25593050343772883,0.28678513146781753,-1.116754517600673,-0.03455751918948772,0.6520286639525985,-0.0059221286451267225
941.0,181.0,-4103.0,-680.0,688.0,14980.0,-14.0,-1.0,19252.0,19.252,0.00999999999999801,7.183206106870229,1.381679389312977,-31.3206106870229,-0.4070142822265625,0.411802685546875,8.966285217285156,-0.25593050343772883,0.28678513146781753,-1.1222209954029108,0.0,0.0,-0.005466477802237641
-606.0,-412.0,-3678.0,-948.0,3236.0,18700.0,-14.0,0.0,19262.0,19.262,0.010000000000001563,-4.625954198473282,-3.145038167938931,-28.076335877862597,-0.5674257934570313,1.936909143066406,11.192892761230468,-0.24101985890444583,0.2556099039284091,-1.1271212404325566,0.03455751918948772,-0.6520286639525985,-0.004900245029645914
-2501.0,289.0,-2944.0,-2176.0,1704.0,17200.0,-14.0,0.0,19272.0,19.272,0.00999999999999801,-19.091603053435115,2.2061068702290076,-22.47328244274809,-1.3024457031249999,1.0199299072265624,10.295067138671874,-0.24101985890444583,0.2556099039284091,-1.1310435681561217,0.0,0.0,-0.003922327723565102
-1458.0,-45.0,-2415.0,-1472.0,-1536.0,17592.0,-15.0,0.0,19282.0,19.282,0.010000000000001563,-11.129770992366412,-0.3435114503816794,-18.435114503816795,-0.8810662109374999,-0.9193734375,10.529698901367187,-0.25568121490842577,0.2869031423778948,-1.1342611026168599,-0.03455751918948772,-0.6520286639525985,-0.0032175344607381414
-1489.0,-318.0,-2898.0,-428.0,720.0,18268.0,-15.0,0.0,19292.0,19.292,0.010000000000001563,-11.366412213740459,-2.427480916030534,-22.12213740458015,-0.2561795776367187,0.430956298828125,10.934318981933593,-0.25568121490842577,0.2869031423778948,-1.1381221439697455,0.0,0.0,-0.003861041352885769
-1452.0,-1383.0,-3725.0,-684.0,676.0,13260.0,-15.0,0.0,19302.0,19.302,0.00999999999999801,-11.083969465648854,-10.557251908396946,-28.435114503816795,-0.40940848388671874,0.40462008056640625,7.936778503417968,-0.25568121490842577,0.2869031423778948,-1.1430850076824766,0.0,0.0,-0.004962863712730981
-407.0,-2141.0,-5235.0,1068.0,3564.0,11112.0,-15.0,-1.0,19312.0,19.312,0.010000000000001563,-3.1068702290076335,-16.34351145038168,-39.961832061068705,0.6392518432617187,2.133233679199219,6.6510922119140625,-0.2699055626838068,0.3183974285723274,-1.1500596631284246,-0.03455751918948772,0.6520286639525985,-0.006974655445947896
2879.0,1008.0,-6027.0,1200.0,612.0,15644.0,-15.0,-1.0,19322.0,19.322,0.00999999999999801,21.977099236641223,7.694656488549619,-46.00763358778626,0.718260498046875,0.36631285400390623,9.363722692871093,-0.2699055626838068,0.3183974285723274,-1.158089510000003,0.0,0.0,-0.00802984687157842
1892.0,597.0,-6701.0,1624.0,-1468.0,22136.0,-15.0,0.0,19332.0,19.332,0.010000000000001563,14.442748091603054,4.557251908396947,-51.152671755725194,0.9720458740234375,-0.8786720092773437,13.249511987304686,-0.25618632279829945,0.28667985316852773,-1.1670173354332976,0.03455751918948772,-0.6520286639525985,-0.008927825433294527
-2352.0,-417.0,-8206.0,5760.0,-700.0,15708.0,-15.0,0.0,19342.0,19.342,0.00999999999999801,-17.954198473282442,-3.183206106870229,-62.6412213740458,3.447650390625,-0.41898529052734373,9.402029919433593,-0.25618632279829945,0.28667985316852773,-1.1779502910377728,0.0,0.0,-0.010932955604475282
161.0,1767.0,-9348.0,1668.0,-988.0,15704.0,-15.0,0.0,19352.0,19.352,0.010000000000001563,1.2290076335877862,13.488549618320612,-71.3587786259542,0.9983820922851562,-0.5913678100585937,9.399635717773437,-0.25618632279829945,0.28667985316852773,-1.1904047474100212,0.0,0.0,-0.012454456372248507
-774.0,79.0,-9083.0,3372.0,4280.0,15656.0,-15.0,0.0,19362.0,19.362,0.00999999999999801,-5.908396946564886,0.6030534351145038,-69.33587786259542,2.0183119995117185,2.5617957763671875,9.370905297851563,-0.25618632279829945,0.28667985316852773,-1.2025061409946483,0.0,0.0,-0.012101393584626979
267.0,-469.0,-8697.0,-1152.0,4832.0,19592.0,-16.0,0.0,19372.0,19.372,0.010000000000001563,2.0381679389312977,-3.5801526717557253,-66.38931297709924,-0.689530078125,2.89219560546875,11.726799731445311,-0.26844075488626923,0.31899163162055894,-1.2140932619905238,-0.03455751918948772,-0.6520286639525985,-0.011587120995875616
-749.0,-696.0,-9293.0,288.0,-1688.0,19412.0,-16.0,-1.0,19382.0,19.382,0.010000000000001563,-5.717557251908397,-5.312977099236641,-70.93893129770993,0.17238251953125,-1.0103531005859374,11.61906065673828,-0.2803070870610635,0.3514479452320776,-1.2264744411804367,-0.03455751918948772,0.6520286639525985,-0.012381179189912855
-4788.0,-329.0,-10318.0,2112.0,2624.0,14836.0,-16.0,0.0,19392.0,19.392,0.00999999999999801,-36.54961832061068,-2.5114503816793894,-78.76335877862596,1.2641384765625,1.5705962890624998,8.88009395751953,-0.2688657643453659,0.3188393839782125,-1.2402212405866,0.03455751918948772,-0.6520286639525985,-0.013746799406163291
414.0,896.0,-12047.0,456.0,2336.0,16960.0,-16.0,0.0,19402.0,19.402,0.010000000000001563,3.1603053435114505,6.8396946564885495,-91.9618320610687,0.27293898925781246,1.39821376953125,10.151415039062499,-0.2688657643453659,0.3188393839782125,-1.2562716081429197,0.0,0.0,-0.01605036755631983
599.0,35.0,-14132.0,-1636.0,2680.0,14148.0,-16.0,0.0,19413.0,19.413,0.010999999999999233,4.572519083969466,0.26717557251908397,-107.87786259541984,-0.9792284790039062,1.6041151123046875,8.468291271972657,-0.2688657643453659,0.3188393839782125,-1.2769826709582635,0.0,0.0,-0.020711062815343784
599.0,35.0,-14132.0,-1636.0,2680.0,14148.0,-16.0,0.0,19423.0,19.423,0.00999999999999801,4.572519083969466,0.26717557251908397,-107.87786259541984,-0.9792284790039062,1.6041151123046875,8.468291271972657,-0.2688657643453659,0.3188393839782125,-1.2958109098813009,0.0,0.0,-0.018828238923037373
714.0,1992.0,-16986.0,4396.0,6660.0,28160.0,-16.0,0.0,19432.0,19.432,0.009000000000000341,5.450381679389313,15.206106870229007,-129.66412213740458,2.6312276245117188,3.986345764160156,16.855179687499998,-0.2688657643453659,0.3188393839782125,-1.3161785025583537,0.0,0.0,-0.02036759267705277
3236.0,-864.0,-19314.0,52.0,6728.0,17216.0,-16.0,-1.0,19442.0,19.442,0.010000000000001563,24.702290076335878,-6.595419847328245,-147.4351145038168,0.031124621582031248,4.027047192382812,10.304643945312499,-0.27713896359506834,0.35239197414211093,-1.3419107843698221,-0.03455751918948772,0.6520286639525985,-0.025732281811468517
922.0,1204.0,-20118.0,-992.0,6724.0,12892.0,-16.0,0.0,19452.0,19.452,0.010000000000001563,7.038167938931298,9.19083969465649,-153.57251908396947,-0.59376201171875,4.024652990722656,7.716511950683593,-0.26974987221042784,0.31863366463109954,-1.3687142453557972,0.03455751918948772,-0.6520286639525985,-0.026803460985975122
-1129.0,-486.0,-22070.0,1244.0,3144.0,13036.0,-17.0,0.0,19462.0,19.462,0.00999999999999801,-8.618320610687023,-3.7099236641221376,-168.4732824427481,0.7445967163085937,1.8818425048828125,7.802703210449218,-0.2761874339246779,0.3525862776631923,-1.3981183801584744,-0.03455751918948772,-0.6520286639525985,-0.029404134802677246
1364.0,882.0,-23512.0,556.0,6692.0,14652.0,-17.0,0.0,19472.0,19.472,0.010000000000001563,10.412213740458014,6.732824427480916,-179.48091603053436,0.3327940307617187,4.005499377441406,8.769960681152343,-0.2761874339246779,0.3525862776631923,-1.4294437094507624,0.0,0.0,-0.03132532929228786
422.0,-993.0,-27032.0,2844.0,6444.0,20224.0,-17.0,0.0,19482.0,19.482,0.00999999999999801,3.2213740458015265,-7.580152671755725,-206.35114503816794,1.7022773803710936,3.8570588745117185,12.105083593749999,-0.2761874339246779,0.3525862776631923,-1.465458778412519,0.0,0.0,-0.03601506896175674
-674.0,448.0,-29880.0,3040.0,3676.0,17300.0,-17.0,0.0,19492.0,19.492,0.010000000000001563,-5.145038167938932,3.4198473282442747,-228.0916030534351,1.8195932617187498,2.2002713256835937,10.35492218017578,-0.2761874339246779,0.3525862776631923,-1.5052682731068692,0.0,0.0,-0.03980949469435017
319.0,210.0,-30596.0,644.0,4148.0,14136.0,-17.0,0.0,19502.0,19.502,0.00999999999999801,2.435114503816794,1.6030534351145038,-233.55725190839695,0.3854664672851562,2.482787121582031,8.461108666992187,-0.2761874339246779,0.3525862776631923,-1.5460317034839743,0.0,0.0,-0.04076343037710526
246.0,2800.0,-31350.0,-3896.0,5848.0,15756.0,-17.0,0.0,19512.0,19.512,0.010000000000001563,1.8778625954198473,21.374045801526716,-239.31297709923663,-2.3319524169921872,3.5003228271484375,9.430760339355468,-0.2761874339246779,0.3525862776631923,-1.5877996974152955,0.0,0.0,-0.041767993931321204
547.0,26.0,-31180.0,-2956.0,3256.0,21392.0,-17.0,0.0,19522.0,19.522,0.00999999999999801,4.175572519083969,0.1984732824427481,-238.01526717557252,-1.7693150268554687,1.9488801513671874,12.804190478515624,-0.2761874339246779,0.3525862776631923,-1.6293411982375645,0.0,0.0,-0.041541500822268984
-1173.0,507.0,-27723.0,-348.0,4464.0,17864.0,-17.0,0.0,19532.0,19.532,0.010000000000001563,-8.954198473282442,3.8702290076335877,-211.6259541984733,-0.20829554443359374,2.6719290527343746,10.692504614257812,-0.2761874339246779,0.3525862776631923,-1.666276895071951,0.0,0.0,-0.036935696834386536
-694.0,923.0,-25476.0,-76.0,3808.0,20652.0,-17.0,0.0,19543.0,19.543,0.010999999999999233,-5.297709923664122,7.0458015267175576,-194.4732824427481,-0.04548983154296875,2.27927998046875,12.361263171386717,-0.2761874339246779,0.3525862776631923,-1.7036130850156037,0.0,0.0,-0.03733618994365258
772.0,768.0,-23443.0,2040.0,-88.0,16856.0,-17.0,-1.0,19553.0,19.553,0.010000000000001563,5.893129770992366,5.862595419847328,-178.95419847328245,1.2210428466796874,-0.0526724365234375,10.089165795898436,-0.27107675702426376,0.3867638011859899,-1.7348464847518705,-0.03455751918948772,0.6520286639525985,-0.031233399736266765
-375.0,473.0,-19758.0,-3836.0,1820.0,17964.0,-18.0,0.0,19562.0,19.562,0.009000000000000341,-2.8625954198473282,3.6106870229007635,-150.82442748091603,-2.2960393920898436,1.0893617553710937,10.752359655761719,-0.27107675702426376,0.3867638011859899,-1.758537930419668,0.0,-1.304057327905197,-0.023691445667797514
-2214.0,-1253.0,-18615.0,-2500.0,2216.0,14176.0,-18.0,0.0,19572.0,19.572,0.00999999999999801,-16.900763358778626,-9.564885496183207,-142.09923664122138,-1.4963760375976562,1.3263877197265623,8.48505068359375,-0.27107675702426376,0.3867638011859899,-1.7833389258592618,0.0,0.0,-0.024800995439593878
789.0,105.0,-19588.0,-880.0,2128.0,14468.0,-18.0,0.0,19582.0,19.582,0.010000000000001563,6.022900763358779,0.8015267175572519,-149.5267175572519,-0.5267243652343749,1.2737152832031249,8.659827404785156,-0.27107675702426376,0.3867638011859899,-1.8094362612700026,0.0,0.0,-0.026097335410740666
795.0,700.0,-22631.0,724.0,6388.0,15780.0,-18.0,0.0,19592.0,19.592,0.00999999999999801,6.068702290076335,5.343511450381679,-172.75572519083968,0.4333505004882812,3.8235400512695312,9.445125549316407,-0.27107675702426376,0.3867638011859899,-1.8395878233325031,0.0,0.0,-0.03015156206250062
3360.0,1323.0,-25551.0,-2264.0,-412.0,17960.0,-18.0,0.0,19602.0,19.602,0.010000000000001563,25.64885496183206,10.099236641221374,-195.04580152671755,-1.3551181396484375,-0.24660277099609373,10.749965454101561,-0.27107675702426376,0.3867638011859899,-1.8736297376208344,0.0,0.0,-0.034041914288331365
380.0,-646.0,-28630.0,8.0,3068.0,18976.0,-18.0,0.0,19612.0,19.612,0.00999999999999801,2.900763358778626,-4.931297709923665,-218.54961832061068,0.0047884033203125,1.8363526733398436,11.358092675781249,-0.27107675702426376,0.3867638011859899,-1.9117738418075425,0.0,0.0,-0.038144104186708175
678.0,-1139.0,-31410.0,-1492.0,9052.0,14348.0,-18.0,0.0,19622.0,19.622,0.010000000000001563,5.175572519083969,-8.694656488549619,-239.7709923664122,-0.8930372192382812,5.418078356933593,8.588001354980468,-0.27107675702426376,0.3867638011859899,-1.9536217744832298,0.0,0.0,-0.04184793267568737
-1545.0,-2560.0,-32768.0,-1952.0,10160.0,20792.0,-18.0,0.0,19632.0,19.632,0.010000000000001563,-11.793893129770993,-19.541984732824428,-250.13740458015266,-1.16837041015625,6.081272216796875,12.445060229492187,-0.27107675702426376,0.3867638011859899,-1.9972789874064047,0.0,0.0,-0.043657212923174905
-3004.0,-492.0,-32768.0,-2896.0,7780.0,15972.0,-18.0,0.0,19642.0,19.642,0.00999999999999801,-22.931297709923665,-3.7557251908396947,-250.13740458015266,-1.7334020019531249,4.656722229003906,9.560047229003906,-0.27107675702426376,0.3867638011859899,-2.0409362003295644,0.0,0.0,-0.04365721292315939
-3004.0,-492.0,-32768.0,-2896.0,7780.0,15972.0,-18.0,0.0,19653.0,19.653,0.010999999999999233,-22.931297709923665,-3.7557251908396947,-250.13740458015266,-1.7334020019531249,4.656722229003906,9.560047229003906,-0.27107675702426376,0.3867638011859899,-2.088959134545046,0.0,0.0,-0.04802293421548154
-30.0,731.0,-32768.0,-3528.0,6720.0,13452.0,-18.0,0.0,19663.0,19.663,0.010000000000001563,-0.22900763358778625,5.580152671755725,-250.13740458015266,-2.1116858642578125,4.0222587890625,8.051700183105469,-0.27107675702426376,0.3867638011859899,-2.1326163474682205,0.0,0.0,-0.043657212923174905
2476.0,3587.0,-32768.0,-872.0,11892.0,16376.0,-19.0,0.0,19672.0,19.672,0.009000000000000341,18.900763358778626,27.38167938931298,-250.13740458015266,-0.5219359619140624,7.117961535644531,9.801861596679688,-0.25209606011699565,0.415642085024304,-2.1719078390990734,-0.03455751918948772,-0.6520286639525985,-0.03929149163085276
1815.0,1748.0,-32623.0,3376.0,5664.0,12428.0,-19.0,0.0,19682.0,19.682,0.00999999999999801,13.854961832061068,13.34351145038168,-249.03053435114504,2.020706201171875,3.39018955078125,7.438784558105469,-0.25209606011699565,0.415642085024304,-2.215371866723348,0.0,0.0,-0.04346402762427457
767.0,-440.0,-29523.0,60.0,3284.0,22156.0,-19.0,0.0,19692.0,19.692,0.010000000000001563,5.854961832061068,-3.3587786259541983,-225.36641221374046,0.03591302490234375,1.9656395629882812,13.261482995605467,-0.25209606011699565,0.415642085024304,-2.2547057258887193,0.0,0.0,-0.039333859165371486
-3526.0,764.0,-25506.0,-864.0,1860.0,14576.0,-19.0,0.0,19702.0,19.702,0.010000000000001563,-26.916030534351144,5.8320610687022905,-194.70229007633588,-0.51714755859375,1.1133037719726562,8.724470849609375,-0.25209606011699565,0.415642085024304,-2.288687686118776,0.0,0.0,-0.033981960230056736
-356.0,591.0,-21526.0,-20.0,5072.0,18736.0,-19.0,-1.0,19712.0,19.712,0.00999999999999801,-2.717557251908397,4.511450381679389,-164.3206106870229,-0.011971008300781249,3.0358477050781247,11.214440576171874,-0.2289933050125533,0.4413419846178039,-2.3173670429725335,-0.03455751918948772,0.6520286639525985,-0.02867935685375761
-1587.0,277.0,-17210.0,2080.0,3680.0,20916.0,-19.0,0.0,19722.0,19.722,0.010000000000001563,-12.114503816793894,2.114503816793893,-131.3740458015267,1.24498486328125,2.2026655273437497,12.51928048095703,-0.2527514614068019,0.41624672336635965,-2.340296139481562,0.03455751918948772,-0.6520286639525985,-0.022929096509028326
-1779.0,-1132.0,-13687.0,-624.0,1060.0,15004.0,-19.0,0.0,19732.0,19.732,0.00999999999999801,-13.580152671755725,-8.641221374045802,-104.48091603053435,-0.373495458984375,0.6344634399414062,8.980650427246093,-0.2527514614068019,0.41624672336635965,-2.3585314993838837,0.0,0.0,-0.018235359902321856
-15.0,-2285.0,-12477.0,1640.0,3196.0,16676.0,-19.0,0.0,19742.0,19.742,0.010000000000001563,-0.11450381679389313,-17.442748091603054,-95.2442748091603,0.9816226806640624,1.9129671264648436,9.981426721191406,-0.2527514614068019,0.41624672336635965,-2.375154761274828,0.0,0.0,-0.01662326189094401
152.0,371.0,-11162.0,1012.0,3736.0,16132.0,-20.0,0.0,19752.0,19.752,0.00999999999999801,1.1603053435114503,2.83206106870229,-85.20610687022901,0.6057330200195312,2.2361843505859373,9.655815295410155,-0.22767918584009125,0.4400291355745175,-2.3900260323517415,-0.03455751918948772,-0.6520286639525985,-0.014871271076913611
2657.0,2629.0,-12698.0,-2548.0,-816.0,15604.0,-20.0,-1.0,19762.0,19.762,0.010000000000001563,20.282442748091604,20.068702290076335,-96.93129770992367,-1.5251064575195312,-0.488417138671875,9.33978067626953,-0.20223208394471814,0.4634100495356592,-2.4069437352844343,-0.03455751918948772,0.6520286639525985,-0.01691770293269272
2021.0,986.0,-13967.0,1432.0,1264.0,20408.0,-20.0,0.0,19772.0,19.772,0.00999999999999801,15.427480916030534,7.526717557251908,-106.61832061068702,0.8571241943359375,0.7565677246093749,12.215216870117187,-0.22809046595694255,0.4404848186264255,-2.425552142660465,0.03455751918948772,-0.6520286639525985,-0.0186084073760305
940.0,-1801.0,-17047.0,2344.0,4932.0,16860.0,-20.0,0.0,19782.0,19.782,0.010000000000001563,7.175572519083969,-13.748091603053435,-130.12977099236642,1.4030021728515625,2.952050646972656,10.091559997558592,-0.22809046595694255,0.4404848186264255,-2.4482640722472984,0.0,0.0,-0.02271192958683358
3387.0,1755.0,-18526.0,-640.0,5884.0,23480.0,-20.0,0.0,19792.0,19.792,0.010000000000001563,25.85496183206107,13.396946564885496,-141.4198473282443,-0.38307226562499996,3.5218706420898434,14.053963745117187,-0.22809046595694255,0.4404848186264255,-2.472946491882758,0.0,0.0,-0.02468241963545955
1717.0,-1026.0,-21134.0,1604.0,1964.0,14656.0,-20.0,0.0,19802.0,19.802,0.00999999999999801,13.106870229007633,-7.8320610687022905,-161.32824427480915,0.9600748657226562,1.1755530151367186,8.772354882812499,-0.22809046595694255,0.4404848186264255,-2.5011035822733234,0.0,0.0,-0.028157090390565513
114.0,-409.0,-23816.0,-888.0,4804.0,19920.0,-20.0,0.0,19812.0,19.812,0.010000000000001563,0.8702290076335878,-3.122137404580153,-181.80152671755727,-0.5315127685546874,2.8754361938476563,11.923124267578125,-0.22809046595694255,0.4404848186264255,-2.5328339345370665,0.0,0.0,-0.03173035226374309
728.0,-1379.0,-24211.0,-1464.0,1492.0,10292.0,-20.0,-1.0,19823.0,19.823,0.010999999999999233,5.557251908396947,-10.526717557251908,-184.81679389312978,-0.8762778076171874,0.8930372192382812,6.160280871582031,-0.19939479682336878,0.4597404854678588,-2.5683162117676277,-0.03455751918948772,0.6520286639525985,-0.03548227723056102
-1488.0,1032.0,-23949.0,-80.0,-3328.0,17148.0,-20.0,0.0,19832.0,19.832,0.009000000000000341,-11.358778625954198,7.877862595419847,-182.81679389312978,-0.047884033203124995,-1.9919757812499999,10.263942517089843,-0.2286936753325288,0.44141569759358057,-2.597033006600004,0.03455751918948772,-0.6520286639525985,-0.028716794832375884
1618.0,3738.0,-22135.0,-1228.0,3992.0,17956.0,-21.0,0.0,19842.0,19.842,0.00999999999999801,12.351145038167939,28.53435114503817,-168.96946564885496,-0.7350199096679687,2.389413256835937,10.747571252441405,-0.19887395941641847,0.45888013789993704,-2.626523741709078,-0.03455751918948772,-0.6520286639525985,-0.02949073510907389
3427.0,983.0,-20608.0,1152.0,2136.0,20564.0,-21.0,0.0,19852.0,19.852,0.010000000000001563,26.16030534351145,7.5038167938931295,-157.31297709923663,0.689530078125,1.2785036865234374,12.30859073486328,-0.19887395941641847,0.45888013789993704,-2.6539800357740435,0.0,0.0,-0.02745629406496547
430.0,-748.0,-18182.0,592.0,2192.0,18484.0,-21.0,0.0,19862.0,19.862,0.00999999999999801,3.282442748091603,-5.709923664122138,-138.793893129771,0.354341845703125,1.3120225097656248,11.06360587158203,-0.19887395941641847,0.45888013789993704,-2.678204139941795,0.0,0.0,-0.024224104167751594
493.0,-633.0,-15878.0,-2348.0,4208.0,15112.0,-21.0,0.0,19872.0,19.872,0.010000000000001563,3.763358778625954,-4.8320610687022905,-121.20610687022901,-1.4053963745117186,2.518700146484375,9.045293872070312,-0.19887395941641847,0.45888013789993704,-2.6993585963258946,0.0,0.0,-0.021154456384099463
-1070.0,267.0,-14626.0,1756.0,1108.0,12928.0,-21.0,0.0,19882.0,19.882,0.010000000000001563,-8.16793893129771,2.0381679389312977,-111.64885496183206,1.0510545288085937,0.6631938598632812,7.738059765625,-0.19887395941641847,0.45888013789993704,-2.7188449975775533,0.0,0.0,-0.01948640125165882
-2313.0,-5.0,-13620.0,-4320.0,3552.0,16112.0,-21.0,0.0,19892.0,19.892,0.00999999999999801,-17.65648854961832,-0.03816793893129771,-103.96946564885496,-2.5857377929687497,2.1260510742187497,9.643844287109374,-0.19887395941641847,0.45888013789993704,-2.7369910925486662,0.0,0.0,-0.018146094971113007
-2377.0,-926.0,-15601.0,3064.0,2840.0,10548.0,-21.0,0.0,19902.0,19.902,0.010000000000001563,-18.14503816793893,-7.068702290076335,-119.09160305343511,1.8339584716796873,1.6998831787109374,6.313509777832031,-0.19887395941641847,0.45888013789993704,-2.757776498396275,0.0,0.0,-0.020785405847608997
-1544.0,185.0,-18570.0,3696.0,4752.0,21200.0,-21.0,0.0,19912.0,19.912,0.00999999999999801,-11.786259541984732,1.4122137404580153,-141.75572519083968,2.212242333984375,2.844311572265625,12.689268798828124,-0.19887395941641847,0.45888013789993704,-2.7825175397775945,0.0,0.0,-0.024741041381319277
1944.0,551.0,-19103.0,-796.0,772.0,17304.0,-21.0,0.0,19922.0,19.922,0.010000000000001563,14.83969465648855,4.206106870229007,-145.82442748091603,-0.47644613037109373,0.46208092041015625,10.357316381835936,-0.19887395941641847,0.45888013789993704,-2.807968703671375,0.0,0.0,-0.025451163893780833
2916.0,776.0,-21210.0,1824.0,1156.0,15652.0,-22.0,-1.0,19932.0,19.932,0.00999999999999801,22.259541984732824,5.923664122137405,-161.9083969465649,1.0917559570312498,0.6919242797851562,9.368511096191405,-0.1332565412405872,0.4805882691429836,-2.8362270498048043,-0.06911503837897544,0.0,-0.02825834613342929
3457.0,-844.0,-23236.0,-1028.0,4148.0,15376.0,-22.0,0.0,19942.0,19.942,0.010000000000001563,26.389312977099237,-6.442748091603053,-177.3740458015267,-0.6153098266601562,2.482787121582031,9.203311181640624,-0.1663721907816371,0.47071021832279775,-2.867184660873008,0.03455751918948772,-0.6520286639525985,-0.030957611068203494
389.0,-515.0,-24678.0,5020.0,3900.0,21980.0,-22.0,0.0,19952.0,19.952,0.010000000000001563,2.969465648854962,-3.931297709923664,-188.38167938931298,3.0047230834960934,2.3343466186523436,13.156138122558593,-0.1663721907816371,0.47071021832279775,-2.9000634664308116,0.0,0.0,-0.03287880555780366
3303.0,7.0,-26582.0,-1888.0,3404.0,20204.0,-22.0,0.0,19962.0,19.962,0.00999999999999801,25.213740458015266,0.05343511450381679,-202.91603053435114,-1.13006318359375,2.0374656127929685,12.093112585449218,-0.1663721907816371,0.47071021832279775,-2.9354789948098223,0.0,0.0,-0.03541552837901071
-1805.0,-459.0,-28022.0,-1680.0,7892.0,15828.0,-22.0,0.0,19972.0,19.972,0.010000000000001563,-13.778625954198473,-3.50381679389313,-213.9083969465649,-1.005564697265625,4.723759875488281,9.473855969238281,-0.1663721907816371,0.47071021832279775,-2.9728130530536334,0.0,0.0,-0.03733405824381126
-2175.0,-161.0,-29316.0,-1796.0,5308.0,15316.0,-22.0,0.0,19982.0,19.982,0.00999999999999801,-16.603053435114504,-1.2290076335877862,-223.78625954198472,-1.0749965454101562,3.1771056030273437,9.167398156738281,-0.1663721907816371,0.47071021832279775,-3.011871123550928,0.0,0.0,-0.03905807049729434
-2175.0,-161.0,-29316.0,-1796.0,5308.0,15316.0,-22.0,0.0,19992.0,19.992,0.010000000000001563,-16.603053435114504,-1.2290076335877862,-223.78625954198472,-1.0749965454101562,3.1771056030273437,9.167398156738281,-0.1663721907816371,0.47071021832279775,-3.050929194048236,0.0,0.0,-0.039058070497308216
-127.0,886.0,-30887.0,-324.0,7152.0,18572.0,-22.0,0.0,20002.0,20.002,0.00999999999999801,-0.9694656488549618,6.763358778625954,-235.77862595419847,-0.19393033447265623,4.280832568359375,11.116278308105468,-0.1663721907816371,0.47071021832279775,-3.092080327335517,0.0,0.0,-0.04115113328728102
501.0,1133.0,-31746.0,3088.0,-1428.0,12028.0,-22.0,0.0,20012.0,20.012,0.010000000000001563,3.8244274809160306,8.648854961832061,-242.33587786259542,1.848323681640625,-0.8547299926757812,7.199364392089843,-0.1663721907816371,0.47071021832279775,-3.134375916979655,0.0,0.0,-0.0422955896441379
2548.0,1743.0,-32768.0,2412.0,3204.0,19908.0,-22.0,0.0,20022.0,20.022,0.00999999999999801,19.450381679389313,13.305343511450381,-250.13740458015266,1.4437036010742186,1.917755529785156,11.915941662597655,-0.1663721907816371,0.47071021832279775,-3.1780331299028144,0.0,0.0,-0.04365721292315939
709.0,-98.0,-32768.0,2300.0,4728.0,15104.0,-23.0,0.0,20032.0,20.032,0.010000000000001563,5.412213740458015,-0.7480916030534351,-250.13740458015266,1.3766659545898436,2.829946362304687,9.04050546875,-0.13187332132562407,0.4686977226609928,-3.221690342825989,-0.03455751918948772,-0.6520286639525985,-0.043657212923174905
657.0,-209.0,-32768.0,204.0,4036.0,20528.0,-23.0,0.0,20043.0,20.043,0.010999999999999233,5.015267175572519,-1.5954198473282444,-250.13740458015266,0.12210428466796874,2.4157494750976563,12.287042919921875,-0.13187332132562407,0.4686977226609928,-3.2697132770414705,0.0,0.0,-0.04802293421548154
-1616.0,-447.0,-32768.0,2760.0,1992.0,11672.0,-23.0,0.0,20052.0,20.052,0.009000000000000341,-12.335877862595419,-3.4122137404580153,-250.13740458015266,1.6519991455078125,1.1923124267578125,6.986280444335937,-0.13187332132562407,0.4686977226609928,-3.3090047686723234,0.0,0.0,-0.03929149163085276
-358.0,281.0,-32768.0,-792.0,872.0,15496.0,-23.0,0.0,20062.0,20.062,0.010000000000001563,-2.732824427480916,2.145038167938931,-250.13740458015266,-0.4740519287109375,0.5219359619140624,9.275137231445312,-0.13187332132562407,0.4686977226609928,-3.352661981595498,0.0,0.0,-0.043657212923174905
-907.0,-264.0,-32768.0,1260.0,5860.0,17792.0,-23.0,0.0,20072.0,20.072,0.00999999999999801,-6.923664122137405,-2.015267175572519,-250.13740458015266,0.7541735229492187,3.507505432128906,10.649408984374999,-0.13187332132562407,0.4686977226609928,-3.3963191945186577,0.0,0.0,-0.04365721292315939
1313.0,899.0,-32768.0,2864.0,6032.0,21244.0,-23.0,-1.0,20082.0,20.082,0.010000000000001563,10.022900763358779,6.862595419847328,-250.13740458015266,1.714248388671875,3.6104561035156246,12.715605017089842,-0.09862892778765603,0.45926202285522744,-3.4399764074418324,-0.03455751918948772,0.6520286639525985,-0.043657212923174905
-723.0,1203.0,-32768.0,3456.0,-4636.0,15592.0,-23.0,0.0,20092.0,20.092,0.00999999999999801,-5.519083969465649,9.183206106870228,-250.13740458015266,2.068590234375,-2.7748797241210936,9.332598071289063,-0.13142983973122685,0.4701396286672582,-3.483633620364992,0.03455751918948772,-0.6520286639525985,-0.04365721292315939
-150.0,-79.0,-32768.0,1076.0,1648.0,19168.0,-23.0,0.0,20102.0,20.102,0.010000000000001563,-1.1450381679389312,-0.6030534351145038,-250.13740458015266,0.6440402465820312,0.9864110839843749,11.473014355468749,-0.13142983973122685,0.4701396286672582,-3.5272908332881667,0.0,0.0,-0.043657212923174905
969.0,-1433.0,-32768.0,220.0,3316.0,14660.0,-23.0,0.0,20112.0,20.112,0.00999999999999801,7.396946564885496,-10.938931297709924,-250.13740458015266,0.13168109130859373,1.9847931762695312,8.774749084472656,-0.13142983973122685,0.4701396286672582,-3.5709480462113263,0.0,0.0,-0.04365721292315939
-2943.0,-627.0,-31710.0,392.0,7720.0,17760.0,-23.0,0.0,20123.0,20.123,0.011000000000002785,-22.46564885496183,-4.786259541984733,-242.06106870229007,0.2346317626953125,4.620809204101562,10.63025537109375,-0.13142983973122685,0.4701396286672582,-3.617420435248601,0.0,0.0,-0.04647238903727453
-2114.0,-1081.0,-28721.0,468.0,8108.0,15668.0,-23.0,0.0,20132.0,20.132,0.009000000000000341,-16.137404580152673,-8.251908396946565,-219.24427480916032,0.28012159423828126,4.853046765136718,9.37808790283203,-0.13142983973122685,0.4701396286672582,-3.651859245402706,0.0,0.0,-0.0344388101541053
-2430.0,-878.0,-24450.0,-1408.0,7612.0,13612.0,-23.0,0.0,20142.0,20.142,0.00999999999999801,-18.549618320610687,-6.702290076335878,-186.6412213740458,-0.842758984375,4.556165759277343,8.147468249511718,-0.13142983973122685,0.4701396286672582,-3.684434283731907,0.0,0.0,-0.03257503832920066
2333.0,1564.0,-22013.0,56.0,5256.0,17888.0,-24.0,0.0,20152.0,20.152,0.010000000000001563,17.80916030534351,11.938931297709924,-168.0381679389313,0.033518823242187495,3.1459809814453124,10.70686982421875,-0.10210511002757001,0.45185623838155686,-3.713762476727447,-0.03455751918948772,-0.6520286639525985,-0.029328192995539834
581.0,290.0,-19199.0,148.0,-1516.0,12040.0,-24.0,0.0,20162.0,20.162,0.00999999999999801,4.435114503816794,2.213740458015267,-146.55725190839695,0.08858546142578125,-0.9074024291992187,7.206546997070312,-0.10210511002757001,0.45185623838155686,-3.7393415426122045,0.0,0.0,-0.02557906588475761
4724.0,1061.0,-18119.0,-2016.0,1268.0,19252.0,-24.0,0.0,20172.0,20.172,0.010000000000001563,36.06106870229008,8.099236641221374,-138.31297709923663,-1.20667763671875,0.7589619262695312,11.52329259033203,-0.10210511002757001,0.45185623838155686,-3.7634817110983803,0.0,0.0,-0.02414016848617572
70.0,-307.0,-15721.0,3028.0,4348.0,17692.0,-24.0,0.0,20182.0,20.182,0.00999999999999801,0.5343511450381679,-2.3435114503816794,-120.00763358778626,1.8124106567382812,2.602497204589844,10.589553942871094,-0.10210511002757001,0.45185623838155686,-3.784426994434714,0.0,0.0,-0.02094528333633389
1072.0,-554.0,-14741.0,1376.0,2904.0,9476.0,-24.0,-1.0,20192.0,20.192,0.010000000000001563,8.183206106870228,-4.229007633587786,-112.52671755725191,0.82360537109375,1.7381904052734374,5.671863732910156,-0.07465003391055341,0.43086955384252984,-3.8040666116130746,-0.03455751918948772,0.6520286639525985,-0.019639617178360637
607.0,2406.0,-13782.0,-1008.0,-1572.0,14584.0,-24.0,0.0,20203.0,20.203,0.010999999999999233,4.633587786259542,18.366412213740457,-105.20610687022901,-0.603338818359375,-0.9409212524414062,8.729259252929687,-0.1016816602552029,0.4523989130920538,-3.824264734152069,0.03455751918948772,-0.6520286639525985,-0.020198122538994345
-2597.0,-1869.0,-14625.0,1672.0,2876.0,19504.0,-24.0,0.0,20212.0,20.212,0.009000000000000341,-19.82442748091603,-14.267175572519085,-111.6412213740458,1.0007762939453124,1.7214309936523438,11.674127294921874,-0.1016816602552029,0.4523989130920538,-3.841801296197394,0.0,0.0,-0.017536562045325367
-1523.0,-1272.0,-16124.0,3220.0,6328.0,15256.0,-24.0,0.0,20222.0,20.222,0.010000000000001563,-11.625954198473282,-9.709923664122137,-123.08396946564885,1.927332336425781,3.787627026367187,9.131485131835937,-0.1016816602552029,0.4523989130920538,-3.863283501433395,0.0,0.0,-0.021482205236000737
-465.0,2426.0,-18152.0,2068.0,3608.0,15624.0,-25.0,0.0,20232.0,20.232,0.00999999999999801,-3.549618320610687,18.519083969465647,-138.5648854961832,1.2378022583007813,2.1595698974609374,9.351751684570312,-0.07601764423976332,0.4292563027273808,-3.8874676362289633,-0.03455751918948772,-0.6520286639525985,-0.024184134795568524
-465.0,2426.0,-18152.0,2068.0,3608.0,15624.0,-25.0,0.0,20242.0,20.242,0.010000000000001563,-3.549618320610687,18.519083969465647,-138.5648854961832,1.2378022583007813,2.1595698974609374,9.351751684570312,-0.07601764423976332,0.4292563027273808,-3.91165177102454,0.0,0.0,-0.024184134795577118
-1654.0,-1058.0,-19299.0,-584.0,4472.0,14048.0,-25.0,-1.0,20252.0,20.252,0.00999999999999801,-12.625954198473282,-8.076335877862595,-147.3206106870229,-0.3495534423828125,2.6767174560546874,8.40843623046875,-0.051521191739297575,0.4048811935496922,-3.937364068149908,-0.03455751918948772,0.6520286639525985,-0.025712297125367836
943.0,1509.0,-19640.0,-2448.0,5328.0,10428.0,-25.0,0.0,20262.0,20.262,0.010000000000001563,7.198473282442748,11.51908396946565,-149.9236641221374,-1.465251416015625,3.189076611328125,6.241683728027343,-0.07537719723796402,0.4298834561308949,-3.9635306838057662,0.03455751918948772,-0.6520286639525985,-0.02616661565585801
2683.0,1240.0,-20093.0,640.0,5392.0,21180.0,-25.0,0.0,20272.0,20.272,0.00999999999999801,20.480916030534353,9.465648854961833,-153.38167938931298,0.38307226562499996,3.227383837890625,12.677297790527343,-0.07537719723796402,0.4298834561308949,-3.990300836981579,0.0,0.0,-0.026770153175813043
238.0,615.0,-18434.0,548.0,3692.0,17408.0,-25.0,0.0,20282.0,20.282,0.010000000000001563,1.816793893129771,4.694656488549619,-140.7175572519084,0.3280056274414062,2.2098481323242187,10.419565624999999,-0.07537719723796402,0.4298834561308949,-4.0148606838756775,0.0,0.0,-0.024559846894098094
642.0,894.0,-17709.0,-468.0,1816.0,17032.0,-25.0,0.0,20292.0,20.292,0.010000000000001563,4.900763358778626,6.824427480916031,-135.18320610687022,-0.28012159423828126,1.0869675537109373,10.194510668945313,-0.07537719723796402,0.4298834561308949,-4.038454604275351,0.0,0.0,-0.023593920399673597
406.0,-615.0,-16532.0,3776.0,3700.0,17108.0,-25.0,0.0,20302.0,20.302,0.00999999999999801,3.099236641221374,-4.694656488549619,-126.19847328244275,2.2601263671875,2.214636535644531,10.24000050048828,-0.07537719723796402,0.4298834561308949,-4.060480392973034,0.0,0.0,-0.022025788697682836
-291.0,868.0,-14574.0,768.0,-612.0,16216.0,-25.0,-1.0,20312.0,20.312,0.010000000000001563,-2.2213740458015265,6.625954198473282,-111.25190839694656,0.45968671875,-0.36631285400390623,9.706093530273437,-0.054678672993720596,0.4022104868893719,-4.079897513979575,-0.03455751918948772,0.6520286639525985,-0.019417121006541475
-1339.0,-577.0,-12616.0,-1724.0,-1008.0,17736.0,-26.0,0.0,20322.0,20.322,0.00999999999999801,-10.221374045801527,-4.404580152671755,-96.30534351145039,-1.0319009155273438,-0.603338818359375,10.615890161132812,-0.054678672993720596,0.4022104868893719,-4.0967059672949615,0.0,-1.304057327905197,-0.016808453315386322
-330.0,-424.0,-11700.0,-1684.0,2560.0,15908.0,-26.0,0.0,20332.0,20.332,0.010000000000001563,-2.519083969465649,-3.236641221374046,-89.31297709923665,-1.0079588989257813,1.5322890624999999,9.521740002441407,-0.054678672993720596,0.4022104868893719,-4.112294022446363,0.0,0.0,-0.015588055151402174
-764.0,1596.0,-11241.0,-3844.0,3088.0,21508.0,-26.0,0.0,20342.0,20.342,0.00999999999999801,-5.8320610687022905,12.183206106870228,-85.80916030534351,-2.300827795410156,1.848323681640625,12.873622326660156,-0.054678672993720596,0.4022104868893719,-4.127270546203359,0.0,0.0,-0.01497652375699569
-468.0,368.0,-10368.0,1208.0,1488.0,16448.0,-26.0,0.0,20352.0,20.352,0.010000000000001563,-3.572519083969466,2.8091603053435112,-79.14503816793894,0.7230489013671875,0.8906430175781249,9.8449572265625,-0.054678672993720596,0.4022104868893719,-4.141083961229833,0.0,0.0,-0.01381341502647331
-805.0,-999.0,-9789.0,3160.0,-416.0,15068.0,-26.0,0.0,20362.0,20.362,0.00999999999999801,-6.145038167938932,-7.625954198473282,-74.72519083969466,1.8914193115234375,-0.24899697265624998,9.018957653808593,-0.054678672993720596,0.4022104868893719,-4.154125967373168,0.0,0.0,-0.013042006143335186
740.0,964.0,-8786.0,544.0,3188.0,17892.0,-26.0,-1.0,20372.0,20.372,0.010000000000001563,5.648854961832061,7.358778625954199,-67.06870229007633,0.32561142578124996,1.908178723144531,10.709264025878905,-0.03654494540189271,0.3727929741434378,-4.1658316641731865,-0.03455751918948772,0.6520286639525985,-0.01170569680001876
-562.0,-603.0,-7574.0,456.0,8.0,15876.0,-26.0,-1.0,20382.0,20.382,0.010000000000001563,-4.290076335877862,-4.603053435114504,-57.81679389312977,0.27293898925781246,0.0047884033203125,9.502586389160156,-0.03654494540189271,0.3727929741434378,-4.175922598337008,0.0,0.0,-0.010090934163822228
212.0,-1478.0,-7290.0,2216.0,-3072.0,15160.0,-26.0,-1.0,20392.0,20.392,0.00999999999999801,1.618320610687023,-11.282442748091603,-55.64885496183206,1.3263877197265623,-1.838746875,9.074024291992187,-0.03654494540189271,0.3727929741434378,-4.185635155777494,0.0,0.0,-0.009712557440485596
742.0,-876.0,-6219.0,-1540.0,-1724.0,13936.0,-27.0,-1.0,20402.0,20.402,0.010000000000001563,5.66412213740458,-6.687022900763359,-47.47328244274809,-0.9217676391601562,-1.0319009155273438,8.341398583984375,-0.019295756097742676,0.3428482316853466,-4.193920806631047,-0.03455751918948772,-0.6520286639525985,-0.008285650853553003
-868.0,-270.0,-4253.0,4336.0,2024.0,17116.0,-27.0,-1.0,20412.0,20.412,0.00999999999999801,-6.625954198473282,-2.0610687022900764,-32.465648854961835,2.5953145996093747,1.2114660400390624,10.244788903808594,-0.019295756097742676,0.3428482316853466,-4.1995871312942,0.0,0.0,-0.0056663246631529825
-209.0,86.0,-2983.0,-1376.0,1468.0,16804.0,-27.0,-1.0,20422.0,20.422,0.010000000000001563,-1.5954198473282444,0.6564885496183206,-22.770992366412212,-0.82360537109375,0.8786720092773437,10.058041174316406,-0.019295756097742676,0.3428482316853466,-4.203561419201604,0.0,0.0,-0.003974287907404503
1572.0,593.0,-3730.0,-1468.0,3244.0,16248.0,-27.0,-1.0,20432.0,20.432,0.00999999999999801,12.0,4.526717557251908,-28.47328244274809,-0.8786720092773437,1.9416975463867185,9.725247143554688,-0.019295756097742676,0.3428482316853466,-4.208530944476365,0.0,0.0,-0.004969525274761491
688.0,636.0,-2664.0,1140.0,696.0,14028.0,-27.0,-2.0,20442.0,20.442,0.010000000000001563,5.251908396946565,4.854961832061068,-20.33587786259542,0.6823474731445313,0.4165910888671875,8.396465222167969,-0.00266485154695709,0.3125557384509747,-4.212080224726223,-0.03455751918948772,0.6520286639525985,-0.0035492802498577262
-429.0,-908.0,-3498.0,2376.0,-2644.0,20000.0,-27.0,-1.0,20452.0,20.452,0.010000000000001563,-3.2748091603053435,-6.931297709923665,-26.702290076335878,1.4221557861328125,-1.5825672973632812,11.97100830078125,-0.019171270055306548,0.342916243726069,-4.21674065352277,0.03455751918948772,-0.6520286639525985,-0.0046604287965474195
289.0,-1324.0,-4011.0,3492.0,2372.0,15492.0,-27.0,-1.0,20462.0,20.462,0.00999999999999801,2.2061068702290076,-10.106870229007633,-30.61832061068702,2.090138049316406,1.419761584472656,9.272743029785156,-0.019171270055306548,0.342916243726069,-4.222084558583646,0.0,0.0,-0.005343905060876231
144.0,-702.0,-5245.0,3456.0,460.0,18500.0,-27.0,-1.0,20472.0,20.472,0.010000000000001563,1.099236641221374,-5.358778625954199,-40.038167938931295,2.068590234375,0.2753331909179687,11.073182678222656,-0.019171270055306548,0.342916243726069,-4.229072537153654,0.0,0.0,-0.006987978570008923
-1818.0,-289.0,-5883.0,-684.0,3808.0,17660.0,-28.0,-1.0,20482.0,20.482,0.00999999999999801,-13.877862595419847,-2.2061068702290076,-44.908396946564885,-0.40940848388671874,2.27927998046875,10.570400329589843,-0.0032317999147240505,0.3122542897086015,-4.236910531038754,-0.03455751918948772,-0.6520286639525985,-0.007837993885099693
184.0,-411.0,-5864.0,812.0,-2000.0,16428.0,-28.0,-1.0,20493.0,20.493,0.010999999999999233,1.4045801526717556,-3.1374045801526718,-44.76335877862596,0.4860229370117187,-1.197100830078125,9.832986218261718,-0.0032317999147240505,0.3122542897086015,-4.245504478983078,0.0,0.0,-0.008593947944323235
1873.0,589.0,-6580.0,516.0,3636.0,16528.0,-28.0,-1.0,20502.0,20.502,0.009000000000000341,14.297709923664122,4.4961832061068705,-50.229007633587784,0.30885201416015623,2.176329309082031,9.892841259765625,-0.0032317999147240505,0.3122542897086015,-4.2533944330520175,0.0,0.0,-0.007889954068939551
1916.0,1197.0,-6070.0,2952.0,-6808.0,14188.0,-28.0,-2.0,20512.0,20.512,0.010000000000001563,14.625954198473282,9.13740458015267,-46.33587786259542,1.7669208251953124,-4.074931225585937,8.492233288574218,0.011953405721185691,0.2812118725616242,-4.261481569357061,-0.03455751918948772,0.6520286639525985,-0.008087136305043692
-2455.0,763.0,-5255.0,-1824.0,-3316.0,19532.0,-28.0,-1.0,20523.0,20.523,0.010999999999999233,-18.740458015267176,5.824427480916031,-40.11450381679389,-1.0917559570312498,-1.9847931762695312,11.690886706542969,-0.0029862716339831164,0.31237319751829556,-4.2691830012205365,0.03455751918948772,-0.6520286639525985,-0.007701431863475205
-2184.0,-469.0,-4169.0,920.0,908.0,18516.0,-28.0,-1.0,20533.0,20.533,0.010000000000001563,-16.671755725190838,-3.5801526717557253,-31.82442748091603,0.5506663818359374,0.5434837768554687,11.082759484863281,-0.0029862716339831164,0.31237319751829556,-4.274737411641579,0.0,0.0,-0.005554410421042364
972.0,992.0,-2305.0,-3936.0,2600.0,15036.0,-28.0,-1.0,20542.0,20.542,0.009000000000000341,7.419847328244275,7.572519083969466,-17.595419847328245,-2.35589443359375,1.5562310791015623,8.999804040527343,-0.0029862716339831164,0.31237319751829556,-4.277501293728038,0.0,0.0,-0.0027638820864598276
602.0,-415.0,-1629.0,-1060.0,228.0,14568.0,-29.0,-1.0,20552.0,20.552,0.00999999999999801,4.595419847328245,-3.16793893129771,-12.435114503816793,-0.6344634399414062,0.13646949462890623,8.719682446289061,0.011539087869251086,0.2810166022976149,-4.279671630637579,-0.03455751918948772,-0.6520286639525985,-0.0021703369095406083
1005.0,-175.0,-976.0,-3520.0,-716.0,16940.0,-29.0,-1.0,20563.0,20.563,0.010999999999999233,7.67175572519084,-1.3358778625954197,-7.450381679389313,-2.1068974609374997,-0.4285620971679687,10.139444030761718,0.011539087869251086,0.2810166022976149,-4.28110200123677,0.0,0.0,-0.001430370599191589
1005.0,-175.0,-976.0,-3520.0,-716.0,16940.0,-29.0,-1.0,20572.0,20.572,0.009000000000000341,7.67175572519084,-1.3358778625954197,-7.450381679389313,-2.1068974609374997,-0.4285620971679687,10.139444030761718,0.011539087869251086,0.2810166022976149,-4.282272304454291,0.0,0.0,-0.001170303217520517
-182.0,-282.0,-615.0,-768.0,3100.0,18064.0,-29.0,-2.0,20582.0,20.582,0.010000000000001563,-1.3893129770992367,-2.1526717557251906,-4.694656488549619,-0.45968671875,1.8555062866210936,10.812214697265624,0.02593590408792147,0.24960078119904033,-4.2830916765840445,-0.03455751918948772,0.6520286639525985,-0.0008193721297531912
1331.0,445.0,-1165.0,-1044.0,124.0,17328.0,-29.0,-1.0,20592.0,20.592,0.00999999999999801,10.16030534351145,3.3969465648854964,-8.893129770992367,-0.6248866333007812,0.07422025146484375,10.371681591796875,0.011576349544137422,0.28103365134854946,-4.284643820537154,0.03455751918948772,-0.6520286639525985,-0.0015521439531091523
-1679.0,-299.0,-1530.0,3820.0,-1396.0,19180.0,-29.0,-1.0,20602.0,20.602,0.010000000000001563,-12.816793893129772,-2.282442748091603,-11.679389312977099,2.2864625854492187,-0.8355763793945312,11.480196960449218,0.011576349544137422,0.28103365134854946,-4.286682258518491,0.0,0.0,-0.0020384379813372074
569.0,1092.0,-1522.0,-1760.0,-2936.0,15300.0,-29.0,-1.0,20612.0,20.612,0.00999999999999801,4.343511450381679,8.335877862595419,-11.618320610687023,-1.0534487304687499,-1.7573440185546874,9.157821350097656,0.011576349544137422,0.28103365134854946,-4.288710038000579,0.0,0.0,-0.002027779482087665
66.0,637.0,-1619.0,2544.0,2888.0,20980.0,-29.0,-1.0,20622.0,20.622,0.010000000000001563,0.5038167938931297,4.862595419847328,-12.358778625954198,1.5227122558593749,1.7286135986328124,12.55758770751953,0.011576349544137422,0.28103365134854946,-4.290867051786059,0.0,0.0,-0.002157013785480352
-825.0,1151.0,-1906.0,-788.0,4228.0,15628.0,-30.0,-1.0,20632.0,20.632,0.010000000000001563,-6.297709923664122,8.786259541984732,-14.549618320610687,-0.47165772705078124,2.530671154785156,9.354145886230468,0.025675497818722692,0.24948311806521062,-4.293406439232092,-0.03455751918948772,-0.6520286639525985,-0.002539387446031841
-714.0,488.0,-2062.0,3592.0,1712.0,15676.0,-30.0,-1.0,20643.0,20.643,0.010999999999999233,-5.450381679389313,3.7251908396946565,-15.740458015267176,2.1499930908203124,1.024718310546875,9.382876306152344,0.025675497818722692,0.24948311806521062,-4.296428390231613,0.0,0.0,-0.0030219509995215743
1489.0,228.0,-1078.0,576.0,624.0,17624.0,-30.0,-2.0,20653.0,20.653,0.00999999999999801,11.366412213740459,1.7404580152671756,-8.229007633587786,0.3447650390625,0.373495458984375,10.548852514648438,0.03961640919207075,0.21786234763480733,-4.297864623005391,-0.03455751918948772,0.6520286639525985,-0.001436232773778254
136.0,218.0,-1481.0,-2520.0,772.0,17796.0,-30.0,-2.0,20663.0,20.663,0.010000000000001563,1.0381679389312977,1.6641221374045803,-11.305343511450381,-1.5083470458984374,0.46208092041015625,10.651803186035156,0.03961640919207075,0.21786234763480733,-4.299837777678829,0.0,0.0,-0.0019731546734381724
947.0,-591.0,-292.0,1020.0,2688.0,18088.0,-30.0,-1.0,20672.0,20.672,0.009000000000000341,7.229007633587786,-4.511450381679389,-2.2290076335877864,0.6105214233398437,1.608903515625,10.826579907226561,0.025766190744475642,0.24952294746307507,-4.300187909379153,0.03455751918948772,-0.6520286639525985,-0.0003501317003237612
-626.0,271.0,-1143.0,1080.0,1360.0,15016.0,-30.0,-1.0,20682.0,20.682,0.00999999999999801,-4.778625954198473,2.068702290076336,-8.725190839694656,0.6464344482421874,0.814028564453125,8.987833032226561,0.025766190744475642,0.24952294746307507,-4.301710742459328,0.0,0.0,-0.0015228330801749022
465.0,1304.0,-1772.0,-2868.0,-300.0,17352.0,-30.0,-1.0,20692.0,20.692,0.010000000000001563,3.549618320610687,9.954198473282442,-13.526717557251908,-1.7166425903320313,-0.17956512451171874,10.386046801757812,0.025766190744475642,0.24952294746307507,-4.304071600042942,0.0,0.0,-0.002360857583614073
-1071.0,170.0,-1514.0,-1916.0,-1164.0,20896.0,-31.0,-1.0,20703.0,20.703,0.010999999999999233,-8.17557251908397,1.297709923664122,-11.557251908396946,-1.1468225952148436,-0.6967126831054687,12.50730947265625,0.03945259749221913,0.21779119045424977,-4.306290433124065,-0.03455751918948772,-0.6520286639525985,-0.002218833081123018
145.0,-406.0,-2071.0,-3128.0,1904.0,17716.0,-31.0,-1.0,20712.0,20.712,0.009000000000000341,1.1068702290076335,-3.099236641221374,-15.80916030534351,-1.8722656982421875,1.139639990234375,10.603919152832031,0.03945259749221913,0.21779119045424977,-4.3087737302177995,0.0,0.0,-0.0024832970937346214
-777.0,-484.0,-1385.0,1904.0,-2728.0,15244.0,-31.0,-2.0,20733.0,20.733,0.021000000000000796,-5.931297709923665,-3.6946564885496183,-10.572519083969466,1.139639990234375,-1.6328455322265625,9.124302526855468,0.05296331196505892,0.18598423010018247,-4.312648760850949,-0.03455751918948772,0.6520286639525985,-0.003875030633149389
-3255.0,-303.0,-964.0,4496.0,2500.0,19252.0,-31.0,-1.0,20742.0,20.742,0.009000000000000341,-24.84732824427481,-2.312977099236641,-7.358778625954199,2.6910826660156246,1.4963760375976562,11.52329259033203,0.039532649685145804,0.2178250756174537,-4.313804675094484,0.03455751918948772,-0.6520286639525985,-0.001155914243534609
3431.0,660.0,-726.0,-3012.0,1688.0,12444.0,-31.0,-1.0,20752.0,20.752,0.00999999999999801,26.19083969465649,5.038167938931298,-5.541984732824427,-1.8028338500976562,1.0103531005859374,7.448361364746093,0.039532649685145804,0.2178250756174537,-4.314771933901314,0.0,0.0,-0.0009672588068302528
449.0,-764.0,-991.0,-16.0,1960.0,20256.0,-31.0,-1.0,20762.0,20.762,0.010000000000001563,3.427480916030534,-5.8320610687022905,-7.564885496183206,-0.009576806640625,1.1731588134765625,12.12423720703125,0.039532649685145804,0.2178250756174537,-4.316092255495762,0.0,0.0,-0.0013203215944478251
2829.0,1188.0,-243.0,-5260.0,1468.0,14556.0,-31.0,-1.0,20772.0,20.772,0.00999999999999801,21.595419847328245,9.068702290076336,-1.8549618320610688,-3.1483751831054687,0.8786720092773437,8.712499841308594,0.039532649685145804,0.2178250756174537,-4.316416007410445,0.0,0.0,-0.0003237519146828532
724.0,357.0,1044.0,2172.0,-3388.0,11352.0,-32.0,-1.0,20782.0,20.782,0.010000000000001563,5.526717557251908,2.7251908396946565,7.969465648854962,1.3000515014648437,-2.0278888061523435,6.794744311523437,0.052883864871166975,0.1859508354604183,-4.315025073258473,-0.03455751918948772,-0.6520286639525985,0.001390934151971271
18.0,-216.0,1653.0,-2100.0,2380.0,16680.0,-32.0,-1.0,20792.0,20.792,0.010000000000001563,0.13740458015267176,-1.6488549618320612,12.618320610687023,-1.2569558715820313,1.4245499877929686,9.983820922851562,0.052883864871166975,0.1859508354604183,-4.312822760851185,0.0,0.0,0.0022023124072878455
1483.0,1734.0,1247.0,3492.0,-56.0,15372.0,-32.0,-2.0,20802.0,20.802,0.00999999999999801,11.320610687022901,13.236641221374045,9.51908396946565,2.090138049316406,-0.033518823242187495,9.200916979980468,0.06635382932875415,0.15412659642720417,-4.311161367280776,-0.03455751918948772,0.6520286639525985,0.001661393570409539
-2030.0,187.0,2107.0,-1212.0,-308.0,15832.0,-32.0,-1.0,20812.0,20.812,0.010000000000001563,-15.49618320610687,1.4274809160305344,16.083969465648856,-0.7254431030273437,-0.18435352783203124,9.476250170898437,0.052812794039270756,0.18592066027284643,-4.308354185041117,0.03455751918948772,-0.6520286639525985,0.002807182239658494
-2117.0,-471.0,483.0,892.0,-160.0,15932.0,-32.0,-1.0,20822.0,20.822,0.00999999999999801,-16.16030534351145,-3.595419847328244,3.687022900763359,0.5339069702148437,-0.09576806640624999,9.536105212402344,0.052812794039270756,0.18592066027284643,-4.30771067814897,0.0,0.0,0.0006435068921473995
-1234.0,-958.0,2139.0,1512.0,-268.0,20680.0,-32.0,-1.0,20832.0,20.832,0.010000000000001563,-9.419847328244275,-7.312977099236641,16.328244274809162,0.9050082275390624,-0.16041151123046873,12.378022583007812,0.052812794039270756,0.18592066027284643,-4.304860861912316,0.0,0.0,0.0028498162366537823
-677.0,2472.0,2913.0,3576.0,-960.0,18688.0,-32.0,-1.0,20842.0,20.842,0.00999999999999801,-5.1679389312977095,18.870229007633586,22.236641221374047,2.1404162841796874,-0.5746083984375,11.18571015625,0.052812794039270756,0.18592066027284643,-4.30097983587334,0.0,0.0,0.0038810260389759315
-121.0,2470.0,1441.0,-3268.0,1136.0,10988.0,-33.0,-1.0,20852.0,20.852,0.010000000000001563,-0.9236641221374046,18.85496183206107,11.0,-1.956062756347656,0.679953271484375,6.5768719604492185,0.06666278892292794,0.15425996264543332,-4.299059973696147,-0.03455751918948772,-0.6520286639525985,0.0019198621771940624
-121.0,2470.0,1441.0,-3268.0,1136.0,10988.0,-33.0,-1.0,20862.0,20.862,0.00999999999999801,-0.9236641221374046,18.85496183206107,11.0,-1.956062756347656,0.679953271484375,6.5768719604492185,0.06666278892292794,0.15425996264543332,-4.297140111518953,0.0,0.0,0.0019198621771933805
-207.0,2063.0,-4457.0,-272.0,-64.0,18192.0,-33.0,-2.0,20872.0,20.872,0.010000000000001563,-1.5801526717557253,15.748091603053435,-34.02290076335878,-0.16280571289062498,-0.0383072265625,10.888829150390624,0.08050995756141313,0.12259802882532113,-4.303078227912953,-0.03455751918948772,0.6520286639525985,-0.005938116393999956
-1054.0,126.0,-8675.0,-1820.0,452.0,16644.0,-33.0,-1.0,20882.0,20.882,0.010000000000001563,-8.045801526717558,0.9618320610687023,-66.22137404580153,-1.0893617553710937,0.2705447875976562,9.962273107910155,0.06694029266078673,0.1543798841364341,-4.314636038035894,0.03455751918948772,-0.6520286639525985,-0.011557810122941355
-1340.0,-104.0,-12273.0,-2492.0,24.0,16384.0,-33.0,-1.0,20892.0,20.892,0.00999999999999801,-10.229007633587786,-0.7938931297709924,-93.68702290076335,-1.4915876342773438,0.0143652099609375,9.80665,0.06694029266078673,0.1543798841364341,-4.330987508195987,0.0,0.0,-0.01635147016009324
-1340.0,-104.0,-12273.0,-2492.0,24.0,16384.0,-33.0,-1.0,20902.0,20.902,0.010000000000001563,-10.229007633587786,-0.7938931297709924,-93.68702290076335,-1.4915876342773438,0.0143652099609375,9.80665,0.06694029266078673,0.1543798841364341,-4.347338978356086,0.0,0.0,-0.01635147016009905
-1159.0,860.0,-14996.0,-1108.0,320.0,12484.0,-33.0,-1.0,20912.0,20.912,0.00999999999999801,-8.84732824427481,6.564885496183206,-114.47328244274809,-0.6631938598632812,0.19153613281249998,7.472303381347656,0.06694029266078673,0.1543798841364341,-4.367318335197996,0.0,0.0,-0.01997935684190974
595.0,566.0,-17351.0,-1544.0,4652.0,16908.0,-33.0,-1.0,20922.0,20.922,0.010000000000001563,4.541984732824427,4.320610687022901,-132.45038167938932,-0.9241618408203125,2.7844565307617186,10.120290417480469,0.06694029266078673,0.1543798841364341,-4.390435287756285,0.0,0.0,-0.023116952558288814
69.0,-536.0,-17804.0,-1336.0,668.0,16840.0,-33.0,-1.0,20932.0,20.932,0.00999999999999801,0.5267175572519084,-4.091603053435114,-135.9083969465649,-0.7996633544921875,0.39983167724609375,10.079588989257813,0.06694029266078673,0.1543798841364341,-4.414155777834529,0.0,0.0,-0.02372049007824493
-3003.0,-3190.0,-17393.0,4852.0,1640.0,18340.0,-34.0,-2.0,20942.0,20.942,0.010000000000001563,-22.923664122137403,-24.35114503816794,-132.7709923664122,2.9041666137695312,0.9816226806640624,10.977414611816405,0.0864816982212684,0.08808492204391893,-4.437328687513874,-0.06911503837897544,0.0,-0.023172909679345127
-1543.0,-570.0,-17225.0,1392.0,1144.0,18260.0,-34.0,-1.0,20952.0,20.952,0.010000000000001563,-11.778625954198473,-4.351145038167939,-131.4885496183206,0.833182177734375,0.6847416748046875,10.929530578613281,0.07747793955942173,0.12144889156930713,-4.460277768708994,0.03455751918948772,-0.6520286639525985,-0.022949081195119864
67.0,5.0,-17498.0,-552.0,3744.0,15928.0,-34.0,-1.0,20962.0,20.962,0.00999999999999801,0.5114503816793893,0.03816793893129771,-133.57251908396947,-0.33039982910156246,2.24097275390625,9.533711010742186,0.07747793955942173,0.12144889156930713,-4.483590571190971,0.0,0.0,-0.023312802481977635
2368.0,-2157.0,-16758.0,-728.0,4928.0,16848.0,-34.0,-1.0,20972.0,20.972,0.010000000000001563,18.076335877862597,-16.46564885496183,-127.92366412213741,-0.43574470214843747,2.9496564453125,10.084377392578125,0.07747793955942173,0.12144889156930713,-4.505917462492441,0.0,0.0,-0.022326891301469885
2314.0,-1406.0,-16003.0,2004.0,3036.0,15904.0,-34.0,-1.0,20982.0,20.982,0.00999999999999801,17.66412213740458,-10.732824427480915,-122.16030534351145,1.199495031738281,1.8171990600585937,9.519345800781249,0.07747793955942173,0.12144889156930713,-4.527238457927296,0.0,0.0,-0.02132099543485473
3305.0,-136.0,-13279.0,-444.0,1580.0,15216.0,-34.0,-1.0,20992.0,20.992,0.010000000000001563,25.229007633587788,-1.0381679389312977,-101.36641221374046,-0.2657563842773437,0.9457096557617187,9.107543115234375,0.07747793955942173,0.12144889156930713,-4.544930234367934,0.0,0.0,-0.017691776440638417
1299.0,2220.0,-11241.0,3348.0,-116.0,16316.0,-34.0,-2.0,21002.0,21.002,0.00999999999999801,9.916030534351146,16.946564885496183,-85.80916030534351,2.003946789550781,-0.06943184814453125,9.765948571777344,0.08298257457247825,0.08733260329076128,-4.55990675812493,-0.03455751918948772,0.6520286639525985,-0.01497652375699569
-1722.0,-450.0,-9705.0,-252.0,1312.0,25544.0,-34.0,-1.0,21012.0,21.012,0.010000000000001563,-13.145038167938932,-3.435114503816794,-74.08396946564885,-0.15083470458984374,0.7852981445312499,15.289371801757811,0.07795449503819454,0.12152237586573945,-4.572836850026157,0.03455751918948772,-0.6520286639525985,-0.012930091901227186
-927.0,-528.0,-9332.0,-3784.0,-876.0,20908.0,-34.0,-1.0,21022.0,21.022,0.00999999999999801,-7.076335877862595,-4.030534351145038,-71.23664122137404,-2.2649147705078123,-0.5243301635742187,12.514492077636717,0.07795449503819454,0.12152237586573945,-4.585269989399903,0.0,0.0,-0.012433139373746445
809.0,-1333.0,-10348.0,-2700.0,2628.0,15436.0,-35.0,-1.0,21032.0,21.032,0.010000000000001563,6.175572519083969,-10.17557251908397,-78.99236641221374,-1.6160861206054686,1.5729904907226562,9.239224206542968,0.08209919217092462,0.08721430657862056,-4.5990567581782535,-0.03455751918948772,-0.6520286639525985,-0.013786768778351256
525.0,380.0,-13805.0,-2048.0,2604.0,16320.0,-35.0,-1.0,21042.0,21.042,0.010000000000001563,4.00763358778626,2.900763358778626,-105.38167938931298,-1.22583125,1.5586252807617187,9.7683427734375,0.08209919217092462,0.08721430657862056,-4.617449330944502,0.0,0.0,-0.018392572766248463
316.0,-1497.0,-17545.0,648.0,5104.0,17684.0,-35.0,-1.0,21053.0,21.053,0.010999999999999233,2.4122137404580153,-11.427480916030534,-133.93129770992365,0.38786066894531246,3.0550013183593747,10.58476553955078,0.08209919217092462,0.08721430657862056,-4.643162294226076,0.0,0.0,-0.025712963281574207
-1043.0,-3875.0,-23480.0,-1428.0,4908.0,15284.0,-35.0,-2.0,21062.0,21.062,0.009000000000000341,-7.961832061068702,-29.580152671755727,-179.23664122137404,-0.8547299926757812,2.9376854370117185,9.14824454345703,0.0840040552136788,0.052709326802939466,-4.671316719991836,-0.03455751918948772,0.6520286639525985,-0.028154425765759977
1989.0,763.0,-27108.0,-5988.0,2568.0,11764.0,-35.0,-1.0,21072.0,21.072,0.00999999999999801,15.183206106870228,5.824427480916031,-206.93129770992365,-3.584119885253906,1.5370774658203123,7.041347082519531,0.08320881528298572,0.08725769472364511,-4.707433044696456,0.03455751918948772,-0.6520286639525985,-0.03611632470462051
1486.0,2079.0,-30682.0,3276.0,2096.0,17508.0,-35.0,-1.0,21083.0,21.083,0.010999999999999233,11.34351145038168,15.870229007633588,-234.21374045801528,1.9608511596679685,1.254561669921875,10.479420666503906,0.08320881528298572,0.08725769472364511,-4.752398854864895,0.0,0.0,-0.04496581016843887
-1611.0,4088.0,-32768.0,200.0,6932.0,23196.0,-35.0,-1.0,21092.0,21.092,0.009000000000000341,-12.297709923664122,31.206106870229007,-250.13740458015266,0.1197100830078125,4.149151477050781,13.883975427246092,0.08320881528298572,0.08725769472364511,-4.791690346495748,0.0,0.0,-0.03929149163085276
-1748.0,-1182.0,-32768.0,1784.0,1872.0,17800.0,-35.0,-1.0,21102.0,21.102,0.010000000000001563,-13.34351145038168,-9.022900763358779,-250.13740458015266,1.0678139404296874,1.120486376953125,10.654197387695312,0.08320881528298572,0.08725769472364511,-4.835347559418922,0.0,0.0,-0.043657212923174905
2120.0,697.0,-32768.0,4600.0,3584.0,17980.0,-35.0,-2.0,21112.0,21.112,0.00999999999999801,16.18320610687023,5.320610687022901,-250.13740458015266,2.7533319091796873,2.1452046874999997,10.761936462402343,0.07822279264770918,0.053061763521054336,-4.879004772342082,-0.03455751918948772,0.6520286639525985,-0.04365721292315939
486.0,-1463.0,-32768.0,-652.0,8580.0,16688.0,-35.0,-1.0,21122.0,21.122,0.010000000000001563,3.7099236641221376,-11.16793893129771,-250.13740458015266,-0.3902548706054687,5.135562561035156,9.988609326171874,0.08469648933954664,0.0870075052816037,-4.922661985265257,0.03455751918948772,-0.6520286639525985,-0.043657212923174905
-2024.0,-2256.0,-32768.0,-976.0,9516.0,14536.0,-35.0,-1.0,21132.0,21.132,0.010000000000001563,-15.450381679389313,-17.221374045801525,-250.13740458015266,-0.584185205078125,5.6958057495117185,8.700528833007812,0.08469648933954664,0.0870075052816037,-4.966319198188431,0.0,0.0,-0.043657212923174905
-1490.0,-140.0,-32768.0,508.0,6140.0,12880.0,-36.0,-1.0,21142.0,21.142,0.00999999999999801,-11.374045801526718,-1.0687022900763359,-250.13740458015266,0.30406361083984373,3.6750995483398436,7.709329345703124,0.07528726580207103,0.05375560841911438,-5.009976411111591,-0.03455751918948772,-0.6520286639525985,-0.04365721292315939
1238.0,1161.0,-32768.0,1620.0,7676.0,15392.0,-36.0,-1.0,21152.0,21.152,0.010000000000001563,9.450381679389313,8.86259541984733,-250.13740458015266,0.9696516723632812,4.594472985839843,9.212887988281249,0.07528726580207103,0.05375560841911438,-5.053633624034766,0.0,0.0,-0.043657212923174905
3643.0,1602.0,-31351.0,4436.0,4856.0,15964.0,-36.0,-2.0,21163.0,21.163,0.010999999999999233,27.80916030534351,12.229007633587786,-239.3206106870229,2.655169641113281,2.906560815429687,9.555258825683593,0.06297723854670194,0.021464969504656803,-5.099579882902855,-0.03455751918948772,0.6520286639525985,-0.04594625886808966
2153.0,1039.0,-27594.0,1824.0,-40.0,23292.0,-36.0,-1.0,21172.0,21.172,0.009000000000000341,16.435114503816795,7.931297709923665,-210.6412213740458,1.0917559570312498,-0.023942016601562498,13.941436267089843,0.0765533478277092,0.05324407253356497,-5.132667328583451,0.03455751918948772,-0.6520286639525985,-0.033087445680595434
-1245.0,867.0,-24161.0,-1228.0,3548.0,14956.0,-36.0,-1.0,21182.0,21.182,0.00999999999999801,-9.50381679389313,6.6183206106870225,-184.4351145038168,-0.7350199096679687,2.123656872558594,8.951920007324219,0.0765533478277092,0.05324407253356497,-5.164857328627288,0.0,0.0,-0.032190000043837104
-688.0,-1443.0,-21581.0,1332.0,-104.0,20964.0,-36.0,-1.0,21192.0,21.192,0.010000000000001563,-5.251908396946565,-11.01526717557252,-164.74045801526717,0.7972691528320313,-0.062249243164062495,12.548010900878905,0.0765533478277092,0.05324407253356497,-5.193609962663391,0.0,0.0,-0.028752634036103442
-1069.0,2336.0,-20170.0,-1552.0,2232.0,18200.0,-36.0,-1.0,21202.0,21.202,0.010000000000001563,-8.16030534351145,17.83206106870229,-153.96946564885496,-0.928950244140625,1.3359645263671873,10.893617553710937,0.0765533478277092,0.05324407253356497,-5.220482703894484,0.0,0.0,-0.026872741231092467
-1988.0,-571.0,-19120.0,268.0,2256.0,20312.0,-36.0,-2.0,21213.0,21.213,0.010999999999999233,-15.17557251908397,-4.358778625954199,-145.95419847328245,0.16041151123046873,1.350329736328125,12.157756030273436,0.059319333091480034,0.023290594127823045,-5.248503898419631,-0.03455751918948772,0.6520286639525985,-0.028021194525146703
-1988.0,-571.0,-19120.0,268.0,2256.0,20312.0,-36.0,-1.0,21222.0,21.222,0.009000000000000341,-15.17557251908397,-4.358778625954199,-145.95419847328245,0.16041151123046873,1.350329736328125,12.157756030273436,0.07731070321624096,0.05279538583299649,-5.271430330303844,0.03455751918948772,-0.6520286639525985,-0.022926431884213408
-257.0,1644.0,-22228.0,-3908.0,3832.0,13008.0,-36.0,-1.0,21232.0,21.232,0.00999999999999801,-1.9618320610687023,12.549618320610687,-169.6793893129771,-2.3391350219726563,2.2936451904296873,7.785943798828124,0.07731070321624096,0.05279538583299649,-5.301044970466686,0.0,0.0,-0.0296146401628414
2319.0,3903.0,-24173.0,-2232.0,1660.0,24208.0,-37.0,-1.0,21242.0,21.242,0.010000000000001563,17.702290076335878,29.793893129770993,-184.5267175572519,-1.3359645263671873,0.9935936889648437,14.489708447265624,0.0576625479731826,0.024367017464824354,-5.333250958259407,-0.03455751918948772,-0.6520286639525985,-0.032205987792721776
3408.0,194.0,-27240.0,28.0,5580.0,14564.0,-37.0,-1.0,21252.0,21.252,0.00999999999999801,26.015267175572518,1.4809160305343512,-207.93893129770993,0.016759411621093748,3.3399113159179685,8.717288244628906,0.0576625479731826,0.024367017464824354,-5.369543148201633,0.0,0.0,-0.036292189942226015
1760.0,579.0,-29178.0,168.0,3352.0,16200.0,-37.0,-1.0,21262.0,21.262,0.010000000000001563,13.435114503816793,4.419847328244275,-222.73282442748092,0.1005564697265625,2.0063409912109376,9.696516723632811,0.0576625479731826,0.024367017464824354,-5.4084173595869,0.0,0.0,-0.03887421138526604
1760.0,579.0,-29178.0,168.0,3352.0,16200.0,-37.0,-2.0,21273.0,21.273,0.010999999999999233,13.435114503816793,4.419847328244275,-222.73282442748092,0.1005564697265625,2.0063409912109376,9.696516723632811,0.03494323642138439,-0.0016724720682701893,-5.451178992110683,-0.03455751918948772,0.6520286639525985,-0.042761632523782976
484.0,-452.0,-30925.0,1284.0,3820.0,17756.0,-37.0,-1.0,21282.0,21.282,0.009000000000000341,3.6946564885496183,-3.450381679389313,-236.06870229007635,0.7685387329101562,2.2864625854492187,10.627861169433594,0.058683708309557645,0.02343951963009311,-5.488260577153533,0.03455751918948772,-0.6520286639525985,-0.0370815850428504
-1733.0,450.0,-32768.0,1564.0,4132.0,17684.0,-37.0,-1.0,21292.0,21.292,0.010000000000001563,-13.229007633587786,3.435114503816794,-250.13740458015266,0.9361328491210937,2.473210314941406,10.58476553955078,0.058683708309557645,0.02343951963009311,-5.531917790076708,0.0,0.0,-0.043657212923174905
-2306.0,-657.0,-32768.0,-520.0,4884.0,15620.0,-37.0,-1.0,21303.0,21.303,0.010999999999999233,-17.603053435114504,-5.015267175572519,-250.13740458015266,-0.3112462158203125,2.923320227050781,9.349357482910156,0.058683708309557645,0.02343951963009311,-5.5799407242921895,0.0,0.0,-0.04802293421548154
-939.0,-271.0,-32768.0,152.0,9980.0,15392.0,-37.0,-1.0,21312.0,21.312,0.009000000000000341,-7.1679389312977095,-2.068702290076336,-250.13740458015266,0.0909796630859375,5.973533142089844,9.212887988281249,0.058683708309557645,0.02343951963009311,-5.619232215923042,0.0,0.0,-0.03929149163085276
-320.0,1295.0,-32768.0,2124.0,7956.0,20808.0,-37.0,-1.0,21322.0,21.322,0.00999999999999801,-2.4427480916030535,9.885496183206106,-250.13740458015266,1.2713210815429687,4.762067102050781,12.454637036132812,0.058683708309557645,0.02343951963009311,-5.662889428846202,0.0,0.0,-0.04365721292315939
4275.0,1767.0,-31010.0,-2244.0,-2772.0,18288.0,-37.0,-1.0,21332.0,21.332,0.010000000000001563,32.63358778625954,13.488549618320612,-236.7175572519084,-1.3431471313476562,-1.659181750488281,10.946289990234375,0.058683708309557645,0.02343951963009311,-5.704204436559448,0.0,0.0,-0.041315007713246275
824.0,-269.0,-27476.0,464.0,1460.0,15868.0,-38.0,-1.0,21342.0,21.342,0.00999999999999801,6.290076335877862,-2.053435114503817,-209.74045801526717,0.277727392578125,0.8738836059570312,9.497797985839844,0.029417117938078725,0.0050632082330833855,-5.740811052229514,-0.03455751918948772,-0.6520286639525985,-0.03660661567006615
3034.0,650.0,-23134.0,-4848.0,5212.0,17856.0,-38.0,-1.0,21352.0,21.352,0.010000000000001563,23.16030534351145,4.961832061068702,-176.59541984732823,-2.901772412109375,3.1196447631835937,10.687716210937499,0.029417117938078725,0.0050632082330833855,-5.771632767432295,0.0,0.0,-0.030821715202781014
