timestamp,gyroX,gyroY,gyroZ,accelX,accelY,accelZ,dt,gyro_x_dps,gyro_y_dps,gyro_z_dps,accel_x_ms2,accel_y_ms2,accel_z_ms2,x_ins,y_ins,theta_ins
22742907,-14,19,-12,-88,4,-67,0.0,-0.10687022900763359,0.1450381679389313,-0.0916030534351145,-0.0526724365234375,0.00239420166015625,-0.040102877807617184,-0.0,0.0,-0.0
22752947,-14,19,-12,-88,4,-67,10040.0,-0.10687022900763359,0.1450381679389313,-0.0916030534351145,-0.0526724365234375,0.00239420166015625,-0.040102877807617184,-0.005309462002869985,0.00024142458398803942,-1.6051699868723423e-05
22762924,-8,-8,43,-176,-16,5,9977.0,-0.061068702290076333,-0.061068702290076333,0.3282442748091603,-0.105344873046875,-0.009576806640625,0.002992752075195312,-0.02107165285665397,-0.0004723771862235168,4.110596789672232e-05
22772920,-16,-3,1,-140,-52,-11,9996.0,-0.12213740458015267,-0.022900763358778626,0.007633587786259542,-0.08379705810546874,-0.031124621582031248,-0.006584054565429687,-0.045236732311501625,-0.004297866321375617,4.243774737786242e-05
22782952,-1,18,-23,-84,8,13,10032.0,-0.007633587786259542,0.13740458015267176,-0.17557251908396945,-0.05027823486328125,0.0047884033203125,0.007781155395507812,-0.07454889954189278,-0.0076552820998045485,1.1696503844414816e-05
22792953,-18,10,-21,-144,40,93,10001.0,-0.13740458015267176,0.07633587786259542,-0.16030534351145037,-0.086191259765625,0.023942016601562498,0.05566518859863281,-0.11239129979283323,-0.008607502175247833,-1.628485453979137e-05
22802936,-65,-23,33,-120,-248,9,9983.0,-0.4961832061068702,-0.17557251908396945,0.25190839694656486,-0.0718260498046875,-0.1484405029296875,0.0053869537353515625,-0.15732338700950557,-0.024351829456079995,2.760671213561014e-05
22812913,14,-7,20,-124,4,37,9977.0,0.10687022900763359,-0.05343511450381679,0.15267175572519084,-0.07422025146484375,0.00239420166015625,0.022146365356445312,-0.2096164050625145,-0.03984877431846677,5.419167388698026e-05
22822915,-30,-22,-7,-196,0,-27,10002.0,-0.22900763358778625,-0.16793893129770993,-0.05343511450381679,-0.11731588134765625,0.0,-0.016160861206054686,-0.27377673826615123,-0.05538507738794479,4.4863621806893925e-05
22832912,-3,-3,6,-92,44,-39,9997.0,-0.022900763358778626,-0.022900763358778626,0.04580152671755725,-0.055066638183593745,0.02633621826171875,-0.023343466186523436,-0.3434084971427495,-0.06828186285343124,5.285509808117819e-05
22842962,0,-49,-2,-108,24,-67,10050.0,0.0,-0.37404580152671757,-0.015267175572519083,-0.06464344482421874,0.0143652099609375,-0.040102877807617184,-0.4199386374198905,-0.07979642729079063,5.0177150144912085e-05
22852904,-21,-6,-17,-132,-44,-43,9942.0,-0.16030534351145037,-0.04580152671755725,-0.1297709923664122,-0.07900865478515624,-0.02633621826171875,-0.025737667846679687,-0.5034557734690214,-0.09379062953631585,2.765920524441059e-05
22863039,-16,-5,21,-120,48,-87,10135.0,-0.12213740458015267,-0.03816793893129771,0.16030534351145037,-0.0718260498046875,0.028730419921875,-0.052073886108398436,-0.5959722033346198,-0.10510577107516314,5.601547633969403e-05
22872931,-19,17,-17,-168,-48,-295,9892.0,-0.1450381679389313,0.1297709923664122,-0.1297709923664122,-0.1005564697265625,-0.028730419921875,-0.17657237243652343,-0.6961099530942337,-0.11896126727560095,3.3610777993711255e-05
22882918,-10,5,30,-192,-12,-23,9987.0,-0.07633587786259542,0.03816793893129771,0.22900763358778625,-0.1149216796875,-0.00718260498046875,-0.013766659545898436,-0.8086716528294247,-0.1336670648198912,7.352818999294949e-05
22893229,13,-23,13,-124,-108,-23,10311.0,0.09923664122137404,-0.17557251908396945,0.09923664122137404,-0.07422025146484375,-0.06464344482421874,-0.013766659545898436,-0.932775324567996,-0.1557233505989484,9.138690517806978e-05
22902912,13,-23,13,-124,-108,-23,9683.0,0.09923664122137404,-0.17557251908396945,0.09923664122137404,-0.07422025146484375,-0.06464344482421874,-0.013766659545898436,-1.0562786308163958,-0.18249803363899292,0.00010815792051484797
22912926,4,3,-13,-140,16,-75,10014.0,0.030534351145038167,0.022900763358778626,-0.09923664122137404,-0.08379705810546874,0.009576806640625,-0.044891281127929686,-1.1924069998410205,-0.20922837137114325,9.081361114972386e-05
22922941,-27,-9,33,-84,24,-467,10015.0,-0.20610687022900764,-0.06870229007633588,0.25190839694656486,-0.05027823486328125,0.0143652099609375,-0.27952304382324217,-1.3335920751852466,-0.23452122463859607,0.0001348458700152098
22933089,-184,-868,-6627,1216,132,393,10148.0,-1.4045801526717556,-6.625954198473282,-50.587786259541986,0.7278373046875,0.07900865478515624,0.23523031311035156,-1.4016291430857089,-0.25267528982931087,-0.008825061113091906
22943029,-14,-584,-14196,-1300,2108,-1731,9940.0,-0.10687022900763359,-4.458015267175573,-108.36641221374046,-0.7781155395507812,1.2617442749023438,-1.036090768432617,-1.5416795218417016,-0.14371638296076836,-0.027625086988621397
22952924,367,231,-18051,880,2632,185,9895.0,2.801526717557252,1.7633587786259541,-137.793893129771,0.5267243652343749,1.5753846923828123,0.11073182678222655,-1.6216636739998578,0.1161421104466552,-0.05142213773313152
22962979,-159,2063,-8908,-1972,-1028,-1611,10055.0,-1.213740458015267,15.748091603053435,-68.0,-1.180341418457031,-0.6153098266601562,-0.9642647186279296,-1.8259765156474694,0.3256731443083107,-0.06335565196071755
22973053,1303,2125,-170,-8976,-4496,-1779,10074.0,9.946564885496183,16.221374045801525,-1.297709923664122,-5.372588525390625,-2.6910826660156246,-1.064821188354492,-2.592166740137845,0.29769125661239315,-0.06358382111876186
22983249,68,-1952,556,1472,-3004,-3443,10196.0,0.5190839694656488,-14.900763358778626,4.244274809160306,0.8810662109374999,-1.7980454467773437,-2.060809078979492,-3.2879586034239727,0.07706640263813382,-0.0628285364132921
22994682,1522,250,6884,-17044,4912,6345,11433.0,11.618320610687023,1.9083969465648856,52.54961832061068,-10.20169327392578,2.940079638671875,3.797802383422851,-5.379731500661127,0.2832235508075275,-0.052342601997784906
23002935,-726,483,11429,-2912,1092,-43,8253.0,-5.541984732824427,3.687022900763359,87.2442748091603,-1.7429788085937499,0.6536170532226562,-0.025737667846679687,-7.0065476121096015,0.48124449548206066,-0.039775760144527696
23012960,864,1944,9270,-6140,-1128,2525,10025.0,6.595419847328245,14.83969465648855,70.76335877862596,-3.6750995483398436,-0.6751648681640625,1.5113397979736327,-9.353726907471714,0.6640702774177581,-0.027394347799945706
23022898,-2442,-1506,9781,-608,-896,-4495,9938.0,-18.641221374045802,-11.49618320610687,74.66412213740458,-0.36391865234375,-0.5363011718749999,-2.6904841156005856,-11.717239942960433,0.7928669221967509,-0.014443794511250099
23033030,-2263,-1878,8871,-5324,1016,-2803,10132.0,-17.27480916030534,-14.335877862595419,67.7175572519084,-3.1866824096679687,0.6081272216796875,-1.677736813354492,-14.453872671976912,0.98741404145958,-0.00246884110443458
23043660,-2004,-1025,6663,-3756,596,-2183,10630.0,-15.297709923664122,-7.824427480916031,50.86259541984733,-2.2481553588867187,0.35673604736328124,-1.3066355560302734,-17.57932347767242,1.230062472764782,0.006967619903823911
23052916,-2004,-1025,6663,-3756,596,-2183,9256.0,-15.297709923664122,-7.824427480916031,50.86259541984733,-2.2481553588867187,0.35673604736328124,-1.3066355560302734,-20.49383772455703,1.46898174784986,0.01518435396708267
23062934,-1014,-107,3200,-912,-2732,2501,10018.0,-7.740458015267175,-0.816793893129771,24.427480916030536,-0.5458779785156249,-1.6352397338867186,1.4969745880126952,-23.69987072573122,1.5624221276810204,0.019455427786069953
23072941,615,-377,529,-1772,-272,1157,10007.0,4.694656488549619,-2.877862595419847,4.038167938931298,-1.0606313354492187,-0.16280571289062498,0.6925228302001952,-27.00824485131382,1.6373186907141521,0.020160714404182177
23083046,-1004,-440,-2546,-3496,-528,1569,10105.0,-7.66412213740458,-3.3587786259541983,-19.435114503816795,-2.0925322509765625,-0.316034619140625,0.939125601196289,-30.562119104124154,1.6771074354279139,0.016733030310692766
23092970,-1588,-400,-3110,-2240,316,-491,9924.0,-12.122137404580153,-3.053435114503817,-23.740458015267176,-1.3407529296874998,0.18914193115234373,-0.29388825378417965,-34.1846063003332,1.7331432926729837,0.0126210292637445
23102979,-1029,-27,-3627,-448,-288,1317,10009.0,-7.854961832061068,-0.20610687022900764,-27.68702290076336,-0.26815058593749996,-0.17238251953125,0.7882908966064452,-37.864848546560125,1.7721812183255357,0.007784383099423343
23112895,-360,-53,-1479,-4972,-2496,-759,9916.0,-2.7480916030534353,-0.40458015267175573,-11.290076335877863,-2.9759926635742184,-1.4939818359375,-0.4542997650146484,-41.80265445868796,1.6622539802360223,0.00583044516720614
23122928,-200,-197,-1379,1216,1400,1925,10033.0,-1.5267175572519085,-1.5038167938931297,-10.526717557251908,0.7278373046875,0.8379705810546875,1.1522095489501953,-45.71399498968088,1.6356721744681466,0.0039871234051242835
23132985,395,1162,1614,-3008,-628,-131,10057.0,3.015267175572519,8.870229007633588,12.320610687022901,-1.8004396484374998,-0.3758896606445312,-0.07841010437011718,-49.816556930845024,1.5698889260801683,0.006149732636247449
23142938,1039,977,4255,-3180,-1024,-179,9953.0,7.931297709923665,7.458015267175573,32.48091603053435,-1.9033903198242186,-0.612915625,-0.10714052429199218,-54.064519029278486,1.4418499991116935,0.011792077674560322
23152899,814,1395,6153,-3432,-1848,1305,9961.0,6.213740458015267,10.648854961832061,46.969465648854964,-2.0542250244140625,-1.1061211669921875,0.7811082916259765,-58.517488038663416,1.1999113894077904,0.01995782480819374
23162945,266,936,7475,-1844,-1268,1553,10046.0,2.030534351145038,7.145038167938932,57.06106870229008,-1.1037269653320312,-0.7589619262695312,0.929548794555664,-63.1175012633131,0.8760095297850553,0.029962671605894074
23173011,147,-130,8252,-1136,-108,-811,10066.0,1.1221374045801527,-0.9923664122137404,62.99236641221374,-0.679953271484375,-0.06464344482421874,-0.48542438659667964,-67.79524156747469,0.5420924230323925,0.041029475578088295
23182927,-352,-3018,6882,320,580,-4267,9916.0,-2.687022900763359,-23.0381679389313,52.534351145038165,0.19153613281249998,0.34715924072265625,-2.5540146209716794,-72.38617648001362,0.24818706142667482,0.05012143017546408
23192971,-1945,-2617,6120,-120,-392,2521,10044.0,-14.84732824427481,-19.977099236641223,46.717557251908396,-0.0718260498046875,-0.2346317626953125,1.5089455963134766,-77.04222734702007,-0.07356431344105178,0.058311058609283165
23202960,-223,-252,5654,1892,-2644,2513,9989.0,-1.702290076335878,-1.9236641221374047,43.16030534351145,1.1324573852539062,-1.5825672973632812,1.504157192993164,-81.54964165665467,-0.5436866307610311,0.06583566676960842
23212974,-223,-252,5654,1892,-2644,2513,10014.0,-1.702290076335878,-1.9236641221374047,43.16030534351145,1.1324573852539062,-1.5825672973632812,1.504157192993164,-85.94344463700705,-1.1649329597814047,0.07337910716579393
23223043,-553,-436,5178,464,-2652,141,10069.0,-4.221374045801527,-3.3282442748091605,39.52671755725191,0.277727392578125,-1.5873557006835937,0.08439560852050781,-90.32040004376852,-1.9477468205129755,0.08032542192870061
23232914,-1089,-241,4377,2368,-996,-871,9871.0,-8.312977099236642,-1.8396946564885497,33.412213740458014,1.4173673828125,-0.5961562133789062,-0.5213374114990235,-94.46869936487316,-2.761166045295156,0.08608172657513194
23242894,-1695,-436,2804,1192,76,-1679,9980.0,-12.938931297709924,-3.3282442748091605,21.404580152671755,0.7134720947265625,0.04548983154296875,-1.004966146850586,-98.59243671828175,-3.5726813480223027,0.08981005895387004
23252910,-534,-417,1489,-712,-644,-635,10016.0,-4.076335877862595,-3.183206106870229,11.366412213740459,-0.4261678955078125,-0.3854664672851562,-0.3800795135498047,-102.77007772390415,-4.429550353424838,0.09179704622763302
23262935,-1246,-583,1473,-1264,-140,6149,10025.0,-9.511450381679388,-4.450381679389313,11.244274809160306,-0.7565677246093749,-0.08379705810546874,3.680486502075195,-107.0263856352823,-5.302692959540092,0.09376444864225754
23273103,21,129,218,1136,-1744,1413,10168.0,0.16030534351145037,0.9847328244274809,1.6641221374045803,0.679953271484375,-1.0438719238281249,0.8457517364501953,-111.26328220169307,-6.2891347917357745,0.094059772207744
23282957,1794,-370,773,1116,460,-2115,9854.0,13.694656488549619,-2.8244274809160306,5.900763358778626,0.6679822631835937,0.2753331909179687,-1.265934127807617,-115.3073073197596,-7.2123422072171195,0.09507461348630847
23292924,798,-158,484,-3240,308,-4247,9967.0,6.091603053435114,-1.2061068702290076,3.6946564885496183,-1.9393033447265624,0.18435352783203124,-2.542043612670898,-119.59122792754732,-8.146318421624388,0.09571732472148707
23302988,0,-810,872,-5024,656,-1195,10064.0,0.0,-6.183206106870229,6.656488549618321,-3.0071172851562498,0.39264907226562495,-0.7152677459716796,-124.2238319726189,-9.079264497846031,0.09688653650868446
23312960,715,1196,1009,-1716,136,2833,9972.0,5.458015267175573,9.129770992366412,7.702290076335878,-1.0271125122070313,0.08140285644531249,1.695693325805664,-128.91652547328647,-10.0056427896667,0.0982270756774322
23322918,547,-685,1549,-736,48,-395,9958.0,4.175572519083969,-5.229007633587786,11.82442748091603,-0.44053310546874996,0.028730419921875,-0.23642741394042968,-133.6463805465309,-10.932259255533266,0.10028215983643342
23332968,-272,-1047,1047,-240,376,-1103,10050.0,-2.0763358778625953,-7.99236641221374,7.99236641221374,-0.143652099609375,0.22505495605468748,-0.6602011077880859,-138.43667550545715,-11.846295665275289,0.10168406558106872
23342934,427,-324,1302,96,292,-2307,9966.0,3.2595419847328246,-2.4732824427480917,9.938931297709924,0.05746083984375,0.17477672119140625,-1.3808558074951172,-143.1830475385381,-12.734836945939547,0.1034128384532549
23353705,244,585,2170,-1148,-360,2765,10771.0,1.8625954198473282,4.465648854961832,16.564885496183205,-0.6871358764648438,-0.2154781494140625,1.6549918975830078,-148.38941384322882,-13.728482715239702,0.1065268615662252
23372981,294,643,2673,-1056,648,-1031,19276.0,2.2442748091603053,4.908396946564886,20.404580152671755,-0.63206923828125,0.38786066894531246,-0.6171054779052734,-157.95648506005253,-15.390115165158004,0.11339156766439591
23382913,-251,829,2476,1768,512,-4139,9932.0,-1.916030534351145,6.32824427480916,18.900763358778626,1.0582371337890624,0.3064578125,-2.4774001678466795,-162.7857780121715,-16.204098622569926,0.11666794130438674
23392939,718,978,1069,-2040,-748,-1699,10026.0,5.480916030534351,7.465648854961832,8.16030534351145,-1.2210428466796874,-0.4477157104492187,-1.016937155151367,-167.77735973821208,-17.084938554713645,0.11809588629561188
23403559,2131,304,-719,4460,88,2741,10620.0,16.267175572519083,2.3206106870229006,-5.488549618320611,2.6695348510742187,0.0526724365234375,1.6406266876220703,-172.76634573134348,-17.976894976315766,0.11707856185318491
23412947,2131,304,-719,4460,88,2741,9388.0,16.267175572519083,2.3206106870229006,-5.488549618320611,2.6695348510742187,0.0526724365234375,1.6406266876220703,-176.94341771545356,-18.733493767262253,0.11617925470954044
23422894,997,-1,416,-3796,-472,1973,9947.0,7.6106870229007635,-0.007633587786259542,3.1755725190839694,-2.272097375488281,-0.2825157958984375,1.1809399688720703,-181.58923195097714,-19.58908860371888,0.11673055918808611
23432922,22,-920,367,-2944,528,-1563,10028.0,0.16793893129770993,-7.022900763358779,2.801526717557252,-1.7621324218749999,0.316034619140625,-0.9355342987060546,-186.45257999646952,-20.44081226108356,0.11722088692535426
23442924,93,-862,607,-1008,1088,-2047,10002.0,0.7099236641221374,-6.580152671755725,4.633587786259542,-0.603338818359375,0.6512228515624999,-1.225232699584961,-191.3709283259804,-21.232740061618053,0.11802976229858461
23452940,945,320,622,400,1140,2317,10016.0,7.213740458015267,2.4427480916030535,4.748091603053435,0.239420166015625,0.6823474731445313,1.3868413116455078,-196.2804289351889,-21.95495789976335,0.11885978653248695
23462940,169,-40,294,-1140,164,1773,10000.0,1.2900763358778626,-0.3053435114503817,2.2442748091603053,-0.6823474731445313,0.09816226806640624,1.0612298858642577,-201.25100486045503,-22.67439334627174,0.1192514863798811
23472930,752,-308,-542,3208,436,-519,9990.0,5.740458015267175,-2.351145038167939,-4.137404580152672,1.9201497314453124,0.2609679809570312,-0.31064766540527344,-206.0294034979654,-23.34458656050967,0.11853009516909763
23482974,2049,-3,-859,388,-3308,2081,10044.0,15.641221374045802,-0.022900763358778626,-6.557251908396947,0.23223756103515625,-1.9800047729492187,1.2455834136962889,-210.78697137374425,-24.214030909685995,0.11738060320428544
23493077,176,-901,-2495,-360,-316,9,10103.0,1.3435114503816794,-6.877862595419847,-19.045801526717558,-0.2154781494140625,-0.18914193115234373,0.0053869537353515625,-215.59214057508447,-25.110265351540264,0.11402224532069137
23503000,674,1642,-3618,2648,3624,1129,9923.0,5.145038167938932,12.534351145038167,-27.61832061068702,1.5849614990234373,2.1691467041015624,0.6757634185791015,-220.17984973859484,-25.761203640038122,0.10923905539380903
23512944,1463,1216,-5360,3260,-476,389,9944.0,11.16793893129771,9.282442748091603,-40.916030534351144,1.9512743530273435,-0.28490999755859375,0.2328361114501953,-224.58245277123282,-26.421872416607517,0.10213785158628098
23522932,-1226,330,-3532,1992,444,-351,9988.0,-9.358778625954198,2.519083969465649,-26.9618320610687,1.1923124267578125,0.2657563842773437,-0.21009119567871093,-228.888734456806,-27.04750693463025,0.09743777104082883
23532933,1319,1741,-2263,-3296,-204,3061,10001.0,10.068702290076336,13.290076335877863,-17.27480916030534,-1.9728221679687499,-0.12210428466796874,1.8321628204345701,-233.39591228622066,-27.70471814564412,0.09442244656352128
23542920,-173,316,1147,100,-1284,-623,9987.0,-1.3206106870229009,2.4122137404580153,8.755725190839694,0.05985504150390625,-0.7685387329101562,-0.37289690856933594,-237.88349462121315,-28.43673903200246,0.09594862228229216
23552936,-1019,450,3020,1824,2420,1149,10016.0,-7.778625954198473,3.435114503816794,23.053435114503817,1.0917559570312498,1.448492004394531,0.6877344268798827,-242.28963359882206,-29.0153661526992,0.09997864348226812
23562930,-1019,450,3020,1824,2420,1149,9994.0,-7.778625954198473,3.435114503816794,23.053435114503817,1.0917559570312498,1.448492004394531,0.6877344268798827,-246.59265822054613,-29.43750840239848,0.10399981279861793
23572920,-352,705,5625,-2872,-956,25,9990.0,-2.687022900763359,5.3816793893129775,42.93893129770992,-1.7190367919921874,-0.5722141967773438,0.014963760375976562,-251.05810207772882,-29.935321241120153,0.1114865758256604
23583029,225,1276,7513,-1936,-664,1021,10109.0,1.717557251908397,9.740458015267176,57.35114503816794,-1.158793603515625,-0.39743747558593745,0.6111199737548828,-255.68935587829222,-30.493743885865594,0.12160534426057563
23592940,188,251,6902,-1584,-1936,3385,9911.0,1.4351145038167938,1.916030534351145,52.68702290076336,-0.948103857421875,-1.158793603515625,2.0260931549072265,-260.3073984339085,-31.166223019500435,0.1307191234674758
23602943,-456,47,5962,-2312,-1120,-2187,10003.0,-3.480916030534351,0.35877862595419846,45.51145038167939,-1.3838485595703125,-0.6703764648437499,-1.3090297576904295,-265.09617575042313,-31.9305176870607,0.1386647530066287
23612946,-1,-783,5110,-1476,-3716,-2163,10003.0,-0.007633587786259542,-5.977099236641221,39.00763358778626,-0.8834604125976562,-2.224213342285156,-1.294664547729492,-269.94015631390596,-32.9278308880326,0.14547491183673125
23622986,182,-1372,3703,744,1316,105,10040.0,1.3893129770992367,-10.473282442748092,28.267175572519083,0.44532150878906246,0.7876923461914062,0.06284779357910156,-274.769571143674,-33.84360191267008,0.15042819888788816
23632915,-996,7,3138,-816,-628,3841,9929.0,-7.603053435114504,0.05343511450381679,23.954198473282442,-0.488417138671875,-0.3758896606445312,2.299032144165039,-279.58746405960756,-34.793277104208215,0.15457931156429244
23643062,1197,-597,2062,1864,516,1269,10147.0,9.13740458015267,-4.557251908396947,15.740458015267176,1.1156979736328125,0.30885201416015623,0.7595604766845703,-284.4026671096896,-35.714393439264995,0.15736692399994223
23652915,468,-205,1571,1652,-1060,5637,9853.0,3.572519083969466,-1.5648854961832062,11.992366412213741,0.9888052856445312,-0.6344634399414062,3.374028689575195,-288.97379821644165,-36.65439523982952,0.15942921876691651
23663055,1433,451,-214,-1620,-2244,-575,10140.0,10.938931297709924,3.4427480916030535,-1.633587786259542,-0.9696516723632812,-1.3431471313476562,-0.3441664886474609,-293.75463256626875,-37.77393362634797,0.15914011230404188
23672951,1370,275,-180,-1996,-896,757,9896.0,10.458015267175572,2.099236641221374,-1.3740458015267176,-1.1947066284179686,-0.5363011718749999,0.4531026641845703,-298.52763916750257,-38.936904425873976,0.15890279015976763
23682956,666,1298,-420,-1768,2356,4985,10005.0,5.083969465648855,9.908396946564885,-3.2061068702290076,-1.0582371337890624,1.4101847778320311,2.9837738189697265,-303.4800810023966,-39.98999440666973,0.1583429391635993
23692906,-409,-2115,-541,2964,1112,801,9950.0,-3.122137404580153,-16.14503816793893,-4.129770992366412,1.7741034301757812,0.6655880615234374,0.479438882446289,-308.2421785775425,-40.944646327264394,0.15762576205695633
23703033,-409,-2115,-541,2964,1112,801,10127.0,-3.122137404580153,-16.14503816793893,-4.129770992366412,1.7741034301757812,0.6655880615234374,0.479438882446289,-312.9199443269517,-41.82042933130393,0.15689582712640623
23712939,-504,-219,-737,596,-708,1589,9906.0,-3.8473282442748094,-1.6717557251908397,-5.625954198473282,0.35673604736328124,-0.42377369384765623,0.9510966094970703,-317.4545887448026,-42.71274402622146,0.15592314287699566
23722926,141,-343,-2383,1632,112,-3383,9987.0,1.0763358778625953,-2.618320610687023,-18.19083969465649,0.97683427734375,0.06703764648437499,-2.024896054077148,-321.9310345666875,-43.59092176965396,0.15275236978385617
23732951,-68,-74,-3639,-1772,-2272,265,10025.0,-0.5190839694656488,-0.5648854961832062,-27.778625954198475,-1.0606313354492187,-1.35990654296875,0.15861585998535155,-326.509804536394,-44.623327479599745,0.1478919642259345
23742973,517,-848,-4717,3280,-1748,237,10022.0,3.946564885496183,-6.473282442748092,-36.00763358778626,1.9632453613281249,-1.0462661254882812,0.14185644836425781,-330.87715833988915,-45.73163249221461,0.14159362066758574
23753062,798,399,-5844,3592,720,-4203,10089.0,6.091603053435114,3.045801526717557,-44.61068702290076,2.1499930908203124,0.430956298828125,-2.5157073944091795,-335.0626691572466,-46.774691847403915,0.13373829126638126
23762999,529,-533,-5860,5124,-1900,-6611,9937.0,4.038167938931298,-4.068702290076335,-44.732824427480914,3.066972326660156,-1.1372457885742187,-3.957016793823242,-338.87056676643454,-47.87539116120128,0.12598012687602886
23772902,237,257,-3490,2064,-3592,4237,9903.0,1.8091603053435115,1.9618320610687023,-26.641221374045802,1.235408056640625,-2.1499930908203124,2.536058108520508,-342.5196419921125,-49.16695246431813,0.12137545935061478
23782934,172,1188,921,-3064,884,-527,10032.0,1.3129770992366412,9.068702290076336,7.030534351145038,-1.8339584716796873,0.5291185668945312,-0.31543606872558594,-346.4059498693383,-50.44505980963453,0.12260644566775848
23792929,656,1968,2916,4240,72,2113,9995.0,5.00763358778626,15.022900763358779,22.259541984732824,2.5378537597656248,0.0430956298828125,1.264737026977539,-350.0269612388892,-51.682198731365986,0.1264895261324654
23802957,720,319,5530,-2528,-1072,981,10028.0,5.4961832061068705,2.435114503816794,42.213740458015266,-1.5131354492187499,-0.6416460449218749,0.5871779571533203,-353.802115814737,-53.00767963536177,0.13387784326350854
23812998,548,33,6365,224,-1692,-143,10041.0,4.183206106870229,0.25190839694656486,48.587786259541986,0.13407529296874998,-1.0127473022460938,-0.08559270935058594,-357.55429330019814,-54.43403401760063,0.14239278041905706
23822894,548,33,6365,224,-1692,-143,9896.0,4.183206106870229,0.25190839694656486,48.587786259541986,0.13407529296874998,-1.0127473022460938,-0.08559270935058594,-361.2244071433523,-55.935872219536044,0.15078475513186537
23832950,-888,-285,7248,-4380,-1188,1669,10056.0,-6.778625954198473,-2.1755725190839694,55.32824427480916,-2.6216508178710938,-0.7110778930664062,0.9989806427001953,-365.2040711872138,-57.57534110607649,0.1604954324130854
23842925,-1699,-127,7662,-2996,-1924,-1619,9975.0,-12.969465648854962,-0.9694656488549618,58.48854961832061,-1.7932570434570312,-1.1516109985351561,-0.9690531219482421,-369.3080545321602,-59.34483178585929,0.17067808962450418
23852902,-483,-537,6239,-1640,-1680,5053,9977.0,-3.687022900763359,-4.099236641221374,47.62595419847328,-0.9816226806640624,-1.005564697265625,3.024475247192383,-373.49119271485114,-61.230567216628884,0.17897126844284408
23862909,-1160,-1209,4904,-784,-28,-2239,10007.0,-8.854961832061068,-9.229007633587786,37.43511450381679,-0.469263525390625,-0.016759411621093748,-1.3401543792724608,-377.7327854878425,-63.13228994987603,0.18550950204439862
23873011,-507,-746,2633,808,164,-711,10102.0,-3.8702290076335877,-5.694656488549619,20.099236641221374,0.4836287353515625,0.09816226806640624,-0.4255693450927734,-381.9680526464376,-65.0329522494873,0.18905326199103234
23882950,84,290,1459,2408,2884,5301,9939.0,0.6412213740458015,2.213740458015267,11.13740458015267,1.4413093994140624,1.7262193969726563,3.17291575012207,-386.02756248543983,-66.7084976091366,0.19098524834435288
23892959,1405,434,531,-2372,240,1689,10009.0,10.725190839694656,3.312977099236641,4.0534351145038165,-1.419761584472656,0.143652099609375,1.0109516510009764,-390.258031681689,-68.40881451402063,0.1916933429440922
23903008,139,-566,675,-316,4,345,10049.0,1.0610687022900764,-4.320610687022901,5.152671755725191,-0.18914193115234373,0.00239420166015625,0.20649989318847656,-394.5242006717475,-70.11934517399872,0.1925970604414946
23912936,436,-515,644,556,-1708,-443,9928.0,3.3282442748091605,-3.931297709923664,4.916030534351145,0.3327940307617187,-1.0223241088867188,-0.2651578338623047,-398.6874390378177,-71.90185933510466,0.19344889196486004
23923053,55,458,2181,-5184,-1448,1653,10117.0,0.4198473282442748,3.49618320610687,16.64885496183206,-3.1028853515624997,-0.8667010009765624,0.9894038360595703,-403.2241102775153,-73.86728343167447,0.19638866287085488
23932923,-503,577,4885,-1136,-948,-2099,9870.0,-3.8396946564885495,4.404580152671755,37.29007633587786,-0.679953271484375,-0.5674257934570313,-1.256357321166992,-407.7037687971936,-75.85220904823085,0.20281240047531626
23942920,-226,-970,6518,-2240,-3068,-255,9997.0,-1.7251908396946565,-7.404580152671755,49.7557251908397,-1.3407529296874998,-1.8363526733398436,-0.15263035583496093,-412.3335518462415,-78.07023941096384,0.21149380753461375
23952939,-282,331,8415,1208,-52,561,10019.0,-2.1526717557251906,2.5267175572519083,64.23664122137404,0.7230489013671875,-0.031124621582031248,0.33578678283691404,-416.9020462489825,-80.28016588364851,0.22272651810887162
23962910,-916,355,10078,-5048,-2764,165,9971.0,-6.99236641221374,2.7099236641221376,76.93129770992367,-3.0214824951171875,-1.6543933471679686,0.0987608184814453,-421.70224044412186,-82.70969357124451,0.2361146241087298
23972899,-2480,291,10048,-2600,-504,-387,9989.0,-18.931297709923665,2.2213740458015265,76.70229007633588,-1.5562310791015623,-0.3016694091796875,-0.2316390106201172,-426.6541413785569,-85.21111572342168,0.24948697338268597
23982921,-1393,-1070,9153,792,-1292,-19,10022.0,-10.633587786259541,-8.16793893129771,69.87022900763358,0.4740519287109375,-0.7733271362304687,-0.011372457885742187,-431.5563123431644,-87.7835109538843,0.26170845707773926
23992966,-1576,-1627,7455,-976,-516,-2195,10045.0,-12.030534351145038,-12.419847328244275,56.908396946564885,-0.584185205078125,-0.30885201416015623,-1.313818161010742,-436.5181539208111,-90.40764875255421,0.27168554181567744
24002927,-41,-464,6802,-1912,904,2597,9961.0,-0.31297709923664124,-3.5419847328244276,51.9236641221374,-1.1444283935546875,0.5410895751953124,1.5544354278564452,-441.5624837244278,-92.98971471454678,0.2807125874849403
24012943,-238,-27,6477,228,-2224,517,10016.0,-1.816793893129771,-0.20610687022900764,49.44274809160305,0.13646949462890623,-1.3311761230468748,0.3094505645751953,-446.5834397244216,-95.71012344745553,0.2893557819591934
24022934,-238,-27,6477,228,-2224,517,9991.0,-1.816793893129771,-0.20610687022900764,49.44274809160305,0.13646949462890623,-1.3311761230468748,0.3094505645751953,-451.5398299676868,-98.54676512929133,0.2979774029648107
24032934,1009,148,5910,272,-5624,685,10000.0,7.702290076335878,1.1297709923664123,45.11450381679389,0.16280571289062498,-3.366247534179687,0.4100070343017578,-456.3838005308056,-101.70206224189141,0.3058513692848767
24042948,-79,-255,7246,-1692,2560,1325,10014.0,-0.6030534351145038,-1.9465648854961832,55.31297709923664,-1.0127473022460938,1.5322890624999999,0.7930792999267577,-461.37877941550124,-104.7472183729622,0.3155188204894682
24052928,-423,117,8004,-996,-4260,749,9980.0,-3.2290076335877864,0.8931297709923665,61.099236641221374,-0.5961562133789062,-2.549824768066406,0.4483142608642578,-466.331673855082,-108.04163492766178,0.3261613213309161
24062938,1491,-703,9729,-568,-1968,6741,10010.0,11.381679389312977,-5.366412213740458,74.26717557251908,-0.3399766357421875,-1.177947216796875,4.03482834777832,-471.29231663691684,-111.46859495683476,0.33913635079728666
24072896,123,124,11487,-2360,28,-2267,9958.0,0.9389312977099237,0.9465648854961832,87.68702290076335,-1.4125789794921875,0.016759411621093748,-1.3569137908935547,-476.35913659968315,-114.92480035967543,0.35437634546122915
24082910,-641,134,12790,-2752,976,-515,10014.0,-4.893129770992366,1.0229007633587786,97.63358778625954,-1.6472107421875,0.584185205078125,-0.3082534637451172,-481.6296313790166,-118.4058092849235,0.37144047752122433
24092953,-1231,-1017,13050,-1812,-1304,1213,10043.0,-9.396946564885496,-7.763358778625954,99.61832061068702,-1.0845733520507812,-0.7805097412109374,0.7260416534423828,-486.986762702747,-122.01122253932358,0.38890191713153094
24102929,-2311,-1589,13098,3428,1888,-1851,9976.0,-17.641221374045802,-12.129770992366412,99.98473282442748,2.051830822753906,1.13006318359375,-1.1079168182373047,-492.16502897395856,-125.40857038815625,0.40631066351971373
24112929,-512,-328,14034,-312,-640,2973,10000.0,-3.9083969465648853,-2.50381679389313,107.12977099236642,-0.1867477294921875,-0.38307226562499996,1.7794903839111327,-497.3569712035735,-128.85669086191578,0.4250083358269568
24122940,-1071,-285,14943,-472,-1228,1093,10011.0,-8.17557251908397,-2.1755725190839694,114.06870229007633,-0.2825157958984375,-0.7350199096679687,0.6542156036376953,-502.54847652243984,-132.3872822450804,0.4449389797300599
24132914,-1505,879,17219,-1064,-5072,-3035,9974.0,-11.488549618320612,6.709923664122138,131.44274809160305,-0.6368576416015624,-3.0358477050781247,-1.8166005096435547,-507.64115395236496,-136.20295262590358,0.4678204202237058
24142962,-1392,-380,17499,1812,-5300,-4579,10048.0,-10.625954198473282,-2.900763358778626,133.5801526717557,1.0845733520507812,-3.172317199707031,-2.740762350463867,-512.523977106636,-140.27768756029982,0.4912464628651072
24152906,1728,-62,19883,-5056,-1540,-1795,9944.0,13.19083969465649,-0.4732824427480916,151.77862595419847,-3.0262708984374997,-0.9217676391601562,-1.0743979949951172,-517.5712133314529,-144.53751931384525,0.517588484377249
24162904,-317,366,21670,-3700,-352,-3507,9998.0,-2.4198473282442747,2.7938931297709924,165.4198473282443,-2.214636535644531,-0.21068974609375,-2.099116305541992,-522.8240505889673,-148.95351721363872,0.5464539199755231
24172939,32,183,22702,-2420,-2244,2277,10035.0,0.24427480916030533,1.3969465648854962,173.29770992366412,-1.448492004394531,-1.3431471313476562,1.3628992950439451,-528.1448304025354,-153.57877816548296,0.5768059377657146
24183149,-1070,333,22864,-332,-5212,-2739,10210.0,-8.16793893129771,2.5419847328244276,174.53435114503816,-0.19871873779296872,-3.1196447631835937,-1.6394295867919921,-533.3896621380893,-158.56347291451465,0.6079076304267589
24192954,679,-1791,21601,2652,-1380,3377,9805.0,5.183206106870229,-13.67175572519084,164.89312977099237,1.5873557006835937,-0.8259995727539062,2.021304751586914,-538.2565148427511,-163.32365721802074,0.6361257147454376
24202925,679,-1791,21601,2652,-1380,3377,9971.0,5.183206106870229,-13.67175572519084,164.89312977099237,1.5873557006835937,-0.8259995727539062,2.021304751586914,-543.0308960768951,-168.1317041966352,0.6648215351168343
24212946,295,860,22359,-224,-2000,121,10021.0,2.2519083969465647,6.564885496183206,170.6793893129771,-0.13407529296874998,-1.197100830078125,0.07242460021972656,-547.762609726865,-173.06483552567562,0.6946732654683659
24224021,920,1370,23437,1268,-5236,-2607,11075.0,7.022900763358779,10.458015267175572,178.9083969465649,0.7589619262695312,-3.134009973144531,-1.5604209320068358,-552.6664517115104,-178.74144020877836,0.7292554024603374
24232898,1862,1643,25086,-4272,-7868,-1359,8877.0,14.213740458015268,12.541984732824428,191.49618320610688,-2.5570073730468748,-4.709394665527343,-0.8134300140380859,-556.4878795798884,-183.69936012359298,0.7589244571929372
24242998,1199,-480,25511,-3988,-5240,4369,10100.0,9.15267175572519,-3.66412213740458,194.74045801526717,-2.3870190551757813,-3.1364041748046874,2.615066763305664,-560.7786099351224,-189.73831992339024,0.79325296520294
24252910,-382,492,26992,416,-3564,-5619,9912.0,-2.9160305343511452,3.7557251908396947,206.04580152671755,0.24899697265624998,-2.133233679199219,-3.363254782104492,-564.8184398891773,-195.78845166887336,0.8288982780355632
24263061,-2746,-223,28646,-3528,-1992,-1667,10151.0,-20.9618320610687,-1.702290076335878,218.67175572519085,-2.1116858642578125,-1.1923124267578125,-0.9977835418701171,-569.0026638697977,-202.22989141532784,0.8676399970806733
24272899,-3872,76,29232,-556,1756,12433,9838.0,-29.557251908396946,0.5801526717557252,223.14503816793894,-0.3327940307617187,1.0510545288085937,7.4417773101806635,-573.1578023328038,-208.43530364874792,0.9059552256045287
24282968,-722,-603,29646,-184,-1880,-2407,10069.0,-5.511450381679389,-4.603053435114504,226.3053435114504,-0.11013327636718749,-1.1252747802734375,-1.4407108489990235,-577.3245241978901,-214.86223374519867,0.9457254935576247
24292905,-822,-668,30778,-2920,-5620,-1523,9937.0,-6.2748091603053435,-5.099236641221374,234.94656488549617,-1.7477672119140624,-3.3638533325195312,-0.9115922821044922,-581.2547741661753,-221.53208866064983,0.986473067551868
24303063,-811,-668,31534,-2472,-7812,8989,10158.0,-6.190839694656488,-5.099236641221374,240.7175572519084,-1.4796166259765624,-4.675875842285156,5.380369680786132,-584.9377257018624,-228.72984379990442,1.0291500145686474
24312928,929,-1629,31274,-1908,-5660,-607,9865.0,7.091603053435114,-12.435114503816793,238.73282442748092,-1.1420341918945311,-3.3877953491210935,-0.3633201019287109,-588.2785336141959,-235.9757119424959,1.0702542517915543
24322922,929,-1629,31274,-1908,-5660,-607,9994.0,7.091603053435114,-12.435114503816793,238.73282442748092,-1.1420341918945311,-3.3877953491210935,-0.3633201019287109,-591.4101897663204,-243.56848264017484,1.1118959899370922
24332946,1152,-435,32618,-628,-1560,-4107,10024.0,8.793893129770993,-3.3206106870229006,248.99236641221373,-0.3758896606445312,-0.9337386474609375,-2.4582465545654295,-594.4806407849172,-251.25646115414062,1.1554576536778942
24342951,-323,145,32700,-448,-7496,3633,10005.0,-2.4656488549618323,1.1068702290076335,249.61832061068702,-0.26815058593749996,-4.486733911132812,2.174533657836914,-597.1365781544938,-259.11801802510735,1.199046052665287
24353036,-1554,-1310,31612,3244,-3168,1497,10085.0,-11.86259541984733,-10.0,241.31297709923663,1.9416975463867185,-1.89620771484375,0.8960299713134765,-599.5673971966584,-266.91792277343393,1.241521107455145
24363046,-1431,-1664,31268,-768,-2516,-2819,10010.0,-10.923664122137405,-12.702290076335878,238.68702290076337,-0.45968671875,-1.5059528442382812,-1.687313619995117,-601.8485028348931,-274.74678887048265,1.2832215105134734
24373145,537,2008,31368,-5756,-5776,3473,10099.0,4.099236641221374,15.32824427480916,239.45038167938932,-3.4452561889648434,-3.4572271972656248,2.0787655914306638,-603.8932048433835,-283.0717706811292,1.3254272266260887
24382926,-251,-218,30658,2596,-8832,4161,9781.0,-1.916030534351145,-1.6641221374045803,234.03053435114504,1.5538368774414062,-5.286397265624999,2.490568276977539,-605.3480950701759,-291.0922447107977,1.3653787322333366
24392919,-251,-218,30658,2596,-8832,4161,9993.0,-1.916030534351145,-1.6641221374045803,234.03053435114504,1.5538368774414062,-5.286397265624999,2.490568276977539,-606.2883295881933,-299.2199914871145,1.406196173756006
24402907,1404,-1355,30338,-872,-5760,417,9988.0,10.717557251908397,-10.34351145038168,231.58778625954199,-0.5219359619140624,-3.447650390625,0.24959552307128904,-606.8932578981454,-307.4379559431252,1.4465673638998133
24412894,-599,65,30208,-536,-4116,-4947,9987.0,-4.572519083969466,0.4961832061068702,230.59541984732823,-0.32082302246093747,-2.463633508300781,-2.961028903198242,-607.2559554000417,-315.70760864282846,1.4867615366222462
24422962,-2437,791,28808,1012,-5232,2973,10068.0,-18.603053435114504,6.038167938931298,219.9083969465649,0.6057330200195312,-3.1316157714843746,1.7794903839111327,-607.3017003587921,-323.99740030445446,1.5254037849566542
24433009,-3087,-1666,25748,-288,352,385,10047.0,-23.564885496183205,-12.717557251908397,196.54961832061068,-0.17238251953125,0.21068974609375,0.23044190979003906,-607.3688062528759,-332.28706823204175,1.5598693953741944
24442916,-192,-383,23296,1576,-1680,-3039,9907.0,-1.465648854961832,-2.9236641221374047,177.8320610687023,0.9433154541015625,-1.005564697265625,-1.8189947113037108,-607.3381367308763,-340.3667005704572,1.5906182959735025
24452976,-201,-423,21254,3720,-3020,1189,10060.0,-1.534351145038168,-3.2290076335877864,162.24427480916032,2.2266075439453124,-1.8076222534179687,0.7116764434814453,-607.1351508181963,-348.3371998405041,1.6191051656600817
24462911,656,1706,19660,952,-7664,3345,9935.0,5.00763358778626,13.022900763358779,150.0763358778626,0.5698199951171875,-4.587290380859375,2.002151138305664,-606.4873292922305,-356.11894840323157,1.6451281713616819
24472929,544,1721,17240,3040,-5544,-515,10018.0,4.152671755725191,13.13740458015267,131.6030534351145,1.8195932617187498,-3.318363500976562,-0.3082534637451172,-605.5203883054445,-363.7515906670236,1.6681385815614758
24483022,-56,-309,15200,-1084,-3432,1729,10093.0,-0.42748091603053434,-2.3587786259541983,116.03053435114504,-0.6488286499023437,-2.0542250244140625,1.034893667602539,-604.3306301453739,-371.4824220725625,1.688578065815961
24492911,-56,-309,15200,-1084,-3432,1729,9889.0,-0.42748091603053434,-2.3587786259541983,116.03053435114504,-0.6488286499023437,-2.0542250244140625,1.034893667602539,-602.9572201574184,-379.0922502385204,1.7086044266395621
24502979,-1799,-352,13362,-2424,-888,1945,10068.0,-13.732824427480915,-2.687022900763359,102.0,-1.4508862060546874,-0.5315127685546874,1.1641805572509765,-601.4829148474811,-386.97675564719293,1.7265278410468226
24512945,-521,-1180,10933,4108,828,-823,9966.0,-3.9770992366412212,-9.007633587786259,83.45801526717557,2.4588451049804685,0.4955997436523437,-0.49260699157714843,-600.1134344414627,-394.5490374128669,1.7410444875995195
24523031,488,-262,8348,5100,-596,-1547,10086.0,3.7251908396946565,-2.0,63.725190839694655,3.0526071166992184,-0.35673604736328124,-0.9259574920654297,-598.7478127910266,-401.90051241111905,1.7522622820037723
24533017,-355,-414,6737,2356,-756,1161,9986.0,-2.7099236641221376,-3.1603053435114505,51.42748091603053,1.4101847778320311,-0.4525041137695312,0.6949170318603515,-597.3780401538792,-409.03247659090675,1.7612255045795333
24542899,98,-25,5115,4632,320,517,9882.0,0.7480916030534351,-0.19083969465648856,39.045801526717554,2.7724855224609373,0.19153613281249998,0.3094505645751953,-596.0939106910238,-415.82832957127124,1.7679598681568527
24552930,1320,1046,5133,-484,140,-4435,10031.0,10.076335877862595,7.984732824427481,39.18320610687023,-0.28969840087890625,0.08379705810546874,-2.654571090698242,-594.7927700313169,-422.7569033846189,1.7748198278920766
24562922,444,546,7052,-780,912,533,9992.0,3.3893129770992365,4.1679389312977095,53.83206106870229,-0.46686932373046874,0.5458779785156249,0.3190273712158203,-593.5400799832539,-429.71563703037737,1.7842077786062414
24572894,728,470,8164,2276,-1372,1869,9972.0,5.557251908396947,3.5877862595419847,62.3206106870229,1.3623007446289062,-0.8212111694335937,1.1186907257080076,-592.240406138984,-436.5102058059994,1.795054321493909
24582983,-442,555,11554,-4436,1228,2113,10089.0,-3.3740458015267176,4.236641221374046,88.19847328244275,-2.655169641113281,0.7350199096679687,1.264737026977539,-590.9339719443474,-443.66479433604763,1.8105848615181248
24592920,-179,1070,14362,-3948,-1516,-4783,9937.0,-1.366412213740458,8.16793893129771,109.63358778625954,-2.3630770385742186,-0.9074024291992187,-2.862866635131836,-589.5008867795311,-450.91423031794295,1.829598983868678
24602991,-754,-458,15116,-2704,-3340,769,10071.0,-5.755725190839694,-3.49618320610687,115.38931297709924,-1.618480322265625,-1.9991583862304687,0.46028526916503903,-587.8083365749278,-458.3633707534862,1.8498812067630714
24612919,-2323,-1116,16246,176,108,-1863,9928.0,-17.732824427480917,-8.51908396946565,124.01526717557252,0.105344873046875,0.06464344482421874,-1.1150994232177733,-586.1489793160782,-465.69870806866044,1.8713701119316966
24622907,-1872,-745,16359,-196,-1784,3609,9988.0,-14.290076335877863,-5.687022900763359,124.87786259541984,-0.11731588134765625,-1.0678139404296874,2.1601684478759764,-584.374847403378,-473.0557311572277,1.8931392562247462
24632923,-1040,-991,16823,928,-2468,-1611,10016.0,-7.938931297709924,-7.564885496183206,128.4198473282443,0.55545478515625,-1.4772224243164063,-0.9642647186279296,-582.4751031207633,-480.33084465541066,1.9155886094191819
24642928,-1040,-991,16823,928,-2468,-1611,10005.0,-7.938931297709924,-7.564885496183206,128.4198473282443,0.55545478515625,-1.4772224243164063,-0.9642647186279296,-580.4593955413294,-487.49298599744577,1.9380133077728487
24652895,-746,641,18687,212,-368,-231,9967.0,-5.694656488549619,4.893129770992366,142.64885496183206,0.12689268798828124,-0.22026655273437498,-0.13826514587402344,-578.4359385548585,-494.6079152755978,1.9628280698633085
24662934,28,1144,20288,-4420,-4780,-375,10039.0,0.21374045801526717,8.732824427480915,154.87022900763358,-2.645592834472656,-2.8610709838867185,-0.22445640563964842,-576.0259666379926,-501.9004305860505,1.9899634407792874
24672894,279,495,21522,1416,-2364,3565,9960.0,2.1297709923664123,3.7786259541984735,164.29007633587787,0.8475473876953125,-1.4149731811523436,2.133832229614258,-573.5448262860502,-508.99900049245537,2.01852277227301
24683381,3641,-1510,22883,2316,-2280,77,10487.0,27.793893129770993,-11.526717557251908,174.6793893129771,1.3862427612304686,-1.3646949462890625,0.04608838195800781,-570.8696187271286,-516.2686532236227,2.050494808805071
24692943,-241,-2070,24842,-2480,-1240,-119,9562.0,-1.8396946564885497,-15.801526717557252,189.63358778625954,-1.484405029296875,-0.7422025146484375,-0.07122749938964844,-568.3047800168413,-522.9822436535153,2.082142451647563
24702949,921,-1107,25940,3888,-948,-2179,10006.0,7.030534351145038,-8.450381679389313,198.01526717557252,2.327164013671875,-0.5674257934570313,-1.304241354370117,-565.6932669119506,-529.7789459309697,2.1167233715721516
24712920,-3093,1229,26383,-2424,-1220,-467,9971.0,-23.610687022900763,9.381679389312977,201.3969465648855,-1.4508862060546874,-0.7302315063476562,-0.27952304382324217,-562.9510308805822,-536.632609294782,2.1517718336275453
24723018,-1049,-735,25950,500,-4240,1929,10098.0,-8.007633587786259,-5.6106870229007635,198.0916030534351,0.29927520751953124,-2.5378537597656248,1.1546037506103515,-559.9802611031348,-543.399162323451,2.1866841609339023
24732927,-1313,-230,26389,-164,456,-2803,9909.0,-10.022900763358779,-1.7557251908396947,201.44274809160305,-0.09816226806640624,0.27293898925781246,-1.677736813354492,-557.0805781694477,-550.0629714902759,2.221522611650572
24742958,-1313,-230,26389,-164,456,-2803,10031.0,-10.022900763358779,-1.7557251908396947,201.44274809160305,-0.09816226806640624,0.27293898925781246,-1.677736813354492,-554.1601884922719,-556.8338650700196,2.2567899947506747
24752993,-1571,-4189,27481,1548,-2828,7009,10035.0,-11.992366412213741,-31.977099236641223,209.77862595419847,0.9265560424804687,-1.6927005737304686,4.1952398590087885,-551.1725073313177,-563.4247328631333,2.293531418453091
24762911,-94,-425,25996,716,-11260,1933,9918.0,-0.7175572519083969,-3.2442748091603053,198.44274809160305,0.4285620971679687,-6.739677673339843,1.1569979522705078,-547.7667470895939,-569.4527904972207,2.3278822064569984
24772938,965,3963,26080,-2944,-3712,-1003,10027.0,7.366412213740458,30.251908396946565,199.08396946564886,-1.7621324218749999,-2.221819140625,-0.6003460662841796,-544.0405453247498,-575.5125683879683,2.362722730118541
24783017,-893,888,27816,-1816,-4144,-1959,10079.0,-6.816793893129771,6.778625954198473,212.33587786259542,-1.0869675537109373,-2.480392919921875,-1.1725602630615233,-540.0434051066569,-581.4925347695428,2.4000751028616056
24792910,-2448,-790,29041,2212,-4592,625,9893.0,-18.68702290076336,-6.030534351145038,221.68702290076337,1.3239935180664062,-2.748543505859375,0.37409400939941406,-536.0449043517408,-587.0731634257395,2.4383527864221635
24802919,-1765,-479,28546,-612,-8748,825,10009.0,-13.473282442748092,-3.6564885496183206,217.9083969465649,-0.36631285400390623,-5.236119030761718,0.49380409240722656,-531.6468926324573,-592.3291520650439,2.476419205337717
24812941,-694,800,28740,-4164,-7228,1865,10022.0,-5.297709923664122,6.106870229007634,219.38931297709922,-2.492363928222656,-4.3263223999023435,1.1162965240478515,-526.7855402283716,-597.3868657381045,2.514794103337917
24822945,-373,791,28036,1524,-7256,-119,10004.0,-2.8473282442748094,6.038167938931298,214.01526717557252,0.9121908325195311,-4.3430818115234375,-0.07122749938964844,-521.767186335275,-602.0234366743063,2.552161755039655
24832901,3076,-440,27109,-3244,-6520,-311,9956.0,23.480916030534353,-3.3587786259541983,206.93893129770993,-1.9416975463867185,-3.902548706054687,-0.18614917907714842,-516.4058462341967,-606.4098524907846,2.588120494365814
24842928,3076,-440,27109,-3244,-6520,-311,10027.0,23.480916030534353,-3.3587786259541983,206.93893129770993,-1.9416975463867185,-3.902548706054687,-0.18614917907714842,-510.64256787796256,-610.5830497638558,2.624335669056794
24852943,1174,-2007,27801,2184,-1316,-735,10015.0,8.961832061068701,-15.320610687022901,212.22137404580153,1.3072341064453123,-0.7876923461914062,-0.43993455505371093,-504.9659816153198,-614.6206155190384,2.6614308456846536
24862920,962,478,27591,1472,-3196,-1463,9977.0,7.343511450381679,3.648854961832061,210.61832061068702,0.8810662109374999,-1.9129671264648436,-0.8756792572021483,-499.3084450898278,-618.4332324665772,2.6981061296687563
24872974,-159,2231,28221,-880,-2660,1341,10054.0,-1.213740458015267,17.03053435114504,215.42748091603053,-0.5267243652343749,-1.5921441040039062,0.8026561065673827,-493.4948098357723,-622.1484108028922,2.7359083536988043
24882940,-3230,2731,28794,-812,-3540,-5483,9966.0,-24.65648854961832,20.84732824427481,219.80152671755727,-0.4860229370117187,-2.118868469238281,-3.2818519256591796,-487.6114085643401,-625.6520123531225,2.7741405242684882
24892909,1178,-3088,27173,5196,-1412,8097,9969.0,8.992366412213741,-23.572519083969464,207.42748091603053,3.1100679565429687,-0.8451531860351562,4.846462710571289,-481.99117863086593,-628.976691865606,2.8102312202119784
24902941,1043,269,26207,-376,-2564,-1447,10032.0,7.961832061068702,2.053435114503817,200.05343511450383,-0.22505495605468748,-1.5346832641601562,-0.8661024505615234,-476.26866616005526,-632.1812760095252,2.8452588623546333
24913101,-435,-995,26990,444,-4468,-11147,10160.0,-3.3206106870229006,-7.595419847328245,206.03053435114504,0.2657563842773437,-2.674323254394531,-6.672041476440429,-470.4287356660717,-635.1529063320564,2.881793319984792
24923018,1516,1126,26012,1272,-5716,6089,9917.0,11.572519083969466,8.595419847328245,198.5648854961832,0.7613561279296874,-3.421314172363281,3.6445734771728513,-464.7262519712868,-637.7087641674848,2.916161784576779
24932922,820,1193,26457,8,-3316,-6019,9904.0,6.259541984732825,9.106870229007633,201.9618320610687,0.0047884033203125,-1.9847931762695312,-3.602674948120117,-458.9948369450537,-640.0700185207318,2.9510723836074826
24942946,-2422,-69,26159,-472,-2984,-4263,10024.0,-18.48854961832061,-0.5267175572519084,199.68702290076337,-0.2825157958984375,-1.7860744384765623,-2.5516204193115235,-453.13812420665323,-642.2869833793807,2.9860079885432738
24952909,-3829,-1484,23696,-1216,-4100,6285,9963.0,-29.229007633587788,-11.32824427480916,180.8854961832061,-0.7278373046875,-2.454056701660156,3.7618893585205075,-447.21520178590697,-644.2576833682518,3.0174616525616123
24962983,-2967,-495,22121,828,-432,-1275,10074.0,-22.64885496183206,-3.7786259541984735,168.86259541984734,0.4955997436523437,-0.258573779296875,-0.7631517791748046,-441.2738882285148,-646.2194718644644,3.0471518287092483
24972900,-6,99,21363,1568,-1772,2501,9917.0,-0.04580152671755725,0.7557251908396947,163.0763358778626,0.93852705078125,-1.0606313354492187,1.4969745880126952,-435.5103652355666,-648.0404980722633,3.075377782464385
24983030,679,454,18783,4428,-4332,4669,10130.0,5.183206106870229,3.4656488549618323,143.38167938931298,2.6503812377929687,-2.592920397949219,2.7946318878173826,-429.8839284358065,-649.6236704069457,3.1007279290992185
24992906,1149,1760,17510,-4548,-4452,21,9876.0,8.770992366412214,13.435114503816793,133.66412213740458,-2.722207287597656,-2.664746447753906,0.012569558715820313,-424.1284671398529,-650.9120130106467,3.123767442331211
25002929,1149,1760,17510,-4548,-4452,21,10023.0,8.770992366412214,13.435114503816793,133.66412213740458,-2.722207287597656,-2.664746447753906,0.012569558715820313,-418.0153557982012,-651.9503145805267,3.1471498887795977
25012906,2761,77,17002,2240,-7864,-1435,9977.0,21.076335877862597,0.5877862595419847,129.78625954198472,1.3407529296874998,-4.707000463867187,-0.8589198455810546,-412.0768975091451,-652.5192566588958,3.1697497647644375
25022916,-640,-869,15606,-2492,-1292,-8447,10010.0,-4.885496183206107,-6.633587786259542,119.12977099236642,-1.4915876342773438,-0.7733271362304687,-5.055955355834961,-405.9733121106145,-653.0053700177832,3.1905626242414833
25032910,-189,261,15512,-684,-3972,2065,9994.0,-1.4427480916030535,1.9923664122137406,118.41221374045801,-0.40940848388671874,-2.3774422485351563,1.236006607055664,-399.8552096187008,-653.2509779077286,3.21121705418692
25042925,-856,-441,13422,972,-1048,1025,10015.0,-6.534351145038168,-3.366412213740458,102.45801526717557,0.5817910034179687,-0.6272808349609375,0.613514175415039,-393.78788201723785,-653.4395277480282,3.2291261747473
25053227,-2183,-233,11460,1792,460,4101,10302.0,-16.66412213740458,-1.7786259541984732,87.48091603053435,1.0726023437499999,0.2753331909179687,2.454655252075195,-387.6569009734402,-653.6742808656039,3.2448555775864882
25062921,-21,-225,8876,368,-1436,-23,9694.0,-0.16030534351145037,-1.717557251908397,67.7557251908397,0.22026655273437498,-0.8595183959960937,-0.013766659545898436,-381.9175656934298,-653.8173078694009,3.2563193189926074
25072924,-1278,-19,6650,260,-620,-2659,10003.0,-9.755725190839694,-0.1450381679389313,50.76335877862596,0.15562310791015624,-0.3711012573242187,-1.5915455535888672,-376.01531724836343,-653.9299643361111,3.2651818544564395
25082905,-893,201,5299,-1408,-1676,-263,9981.0,-6.816793893129771,1.534351145038168,40.45038167938932,-0.842758984375,-1.0031704956054688,-0.15741875915527342,-370.0558274024715,-653.9323518768205,3.272228364041841
25092929,397,788,5326,2312,340,421,10024.0,3.030534351145038,6.015267175572519,40.656488549618324,1.3838485595703125,0.20350714111328125,0.2519897247314453,-364.2055878837507,-653.9740979410441,3.2793412900668426
25102938,1300,1047,5191,4216,-512,-483,10009.0,9.923664122137405,7.99236641221374,39.62595419847328,2.5234885498046875,-0.3064578125,-0.28909985046386716,-358.618691127234,-654.0218471216053,3.286263548197251
25112953,-144,-671,5908,-3656,-4612,-451,10015.0,-1.099236641221374,-5.122137404580153,45.099236641221374,-2.1883003173828124,-2.760514514160156,-0.2699462371826172,-352.8535828543376,-653.7626064360478,3.2941466568450477
25122910,-615,-1043,6307,1744,2044,1189,9957.0,-4.694656488549619,-7.961832061068702,48.14503816793893,1.0438719238281249,1.2234370483398436,0.7116764434814453,-347.20458186870843,-653.6411759403829,3.3025134187446517
25133737,106,745,6582,-2248,-656,-3319,10827.0,0.8091603053435115,5.687022900763359,50.2442748091603,-1.3455413330078123,-0.39264907226562495,-1.9865888275146484,-340.9143564825169,-653.4370246169642,3.3120079184788698
25142907,-987,593,6026,-1332,40,2645,9170.0,-7.534351145038168,4.526717557251908,46.0,-0.7972691528320313,0.023942016601562498,1.5831658477783201,-335.5204671719362,-653.254243035654,3.319370066329632
25153030,-987,593,6026,-1332,40,2645,10123.0,-7.534351145038168,4.526717557251908,46.0,-0.7972691528320313,0.023942016601562498,1.5831658477783201,-329.4852673511598,-653.0397757862175,3.327497331617884
25162927,-390,329,4590,1496,1416,745,9897.0,-2.9770992366412212,2.5114503816793894,35.038167938931295,0.8954314208984374,0.8475473876953125,0.44592005920410155,-323.6550647048822,-652.9283225486986,3.3335496578282715
25173060,-1004,-987,3239,-732,-2152,-55,10133.0,-7.66412213740458,-7.534351145038168,24.72519083969466,-0.4381389038085937,-1.2880804931640624,-0.032920272827148434,-317.6675139916085,-652.6757196126777,3.3379224119980866
25182912,78,555,2466,2612,-1920,1665,9852.0,0.5954198473282443,4.236641221374046,18.82442748091603,1.5634136840820312,-1.149216796875,0.996586441040039,-312.01685442649824,-652.3508735641827,3.3411592692521124
25192935,-438,355,3027,-532,-2128,-3051,10023.0,-3.3435114503816794,2.7099236641221376,23.106870229007633,-0.3184288208007812,-1.2737152832031249,-1.8261773162841797,-306.262662059554,-651.8886058510295,3.3452014545975874
25202934,-157,-575,4005,3100,1796,3317,9999.0,-1.1984732824427482,-4.3893129770992365,30.572519083969464,1.8555062866210936,1.0749965454101562,1.9853917266845702,-300.68143286343565,-651.5710661326893,3.3505368321929097
25212906,58,-32,4081,-1528,-2784,-2527,9972.0,0.44274809160305345,-0.24427480916030533,31.15267175572519,-0.9145850341796874,-1.66636435546875,-1.512536898803711,-295.0616591082026,-651.073125025667,3.355958775054812
25222909,213,-369,4747,-3704,1680,2605,10003.0,1.6259541984732824,-2.816793893129771,36.23664122137404,-2.2170307373046874,1.005564697265625,1.5592238311767577,-289.18593385321793,-650.6232513081404,3.3622851593926786
25232911,-194,119,5232,-436,-784,-507,10002.0,-1.4809160305343512,0.9083969465648855,39.93893129770992,-0.2609679809570312,-0.469263525390625,-0.30346506042480464,-283.29595807727424,-650.1217963227451,3.369257212033109
25243032,-130,-226,5444,-2536,-328,-2095,10121.0,-0.9923664122137404,-1.7251908396946565,41.55725190839695,-1.5179238525390624,-0.19632453613281248,-1.253963119506836,-277.18937418584187,-649.5586124491247,3.376598083387671
25252940,-686,-791,5188,-1764,-2300,-3511,9908.0,-5.236641221374046,-6.038167938931298,39.603053435114504,-1.0558429321289062,-1.3766659545898436,-2.1015105072021485,-271.14303937061123,-648.8512445143057,3.383446529412313
25262949,-17,-455,3919,-188,-320,3973,10009.0,-0.1297709923664122,-3.4732824427480917,29.916030534351144,-0.11252747802734374,-0.19153613281249998,2.3780407989501953,-265.02883177666286,-648.1153033667746,3.388672560930916
25272955,78,-4,1755,4060,2180,1513,10006.0,0.5954198473282443,-0.030534351145038167,13.396946564885496,2.4301146850585935,1.3048399047851562,0.9056067779541015,-259.11998363713093,-647.5662381762481,3.3910121721285895
25282939,-89,-168,842,3372,132,825,9984.0,-0.6793893129770993,-1.282442748091603,6.427480916030534,2.0183119995117185,0.07900865478515624,0.49380409240722656,-253.41707918906354,-647.0758892637425,3.392132184283254
25292906,-384,-199,-98,6092,-540,-1299,9967.0,-2.931297709923664,-1.5190839694656488,-0.7480916030534351,3.6463691284179687,-0.3232172241210937,-0.7775169891357422,-248.08277835821428,-646.6450298415865,3.392002048537288
25302956,-565,-357,-1470,-1340,-700,-1263,10050.0,-4.312977099236641,-2.7251908396946565,-11.221374045801527,-0.8020575561523438,-0.41898529052734373,-0.7559691741943358,-242.63593952034944,-646.1496434287682,3.3900337568041325
25312913,-870,-179,-1600,2256,-376,-1487,9957.0,-6.641221374045801,-1.366412213740458,-12.213740458015268,1.350329736328125,-0.22505495605468748,-0.8900444671630859,-237.37477822396352,-645.6698455395368,3.3879112232637225
25322950,-147,276,-382,-220,-84,733,10037.0,-1.1221374045801527,2.1068702290076335,-2.9160305343511452,-0.13168109130859373,-0.05027823486328125,0.4387374542236328,-232.05971143213284,-645.1780517622007,3.3874003968342365
25332918,598,1624,-472,2812,-1876,821,9968.0,4.564885496183206,12.396946564885496,-3.6030534351145036,1.6831237670898436,-1.1228805786132812,0.4914098907470703,-226.9705005529829,-644.6219986993184,3.3867735577032145
25342922,598,1624,-472,2812,-1876,821,10004.0,4.564885496183206,12.396946564885496,-3.6030534351145036,1.6831237670898436,-1.1228805786132812,0.4914098907470703,-222.05355387437663,-643.9956878626053,3.386144454706952
25352948,1186,340,2794,-40,-1252,1753,10026.0,9.053435114503817,2.595419847328244,21.328244274809162,-0.023942016601562498,-0.7493851196289062,1.0492588775634766,-217.14197271223122,-643.2943894906095,3.3898766140198453
25362969,189,418,6125,-2328,-1940,-4091,10021.0,1.4427480916030535,3.1908396946564888,46.7557251908397,-1.3934253662109375,-1.1611878051757811,-2.4486697479248045,-212.1270675940872,-642.4451535116925,3.398054164375547
25373032,-715,-2445,5510,-1828,372,-287,10063.0,-5.458015267175573,-18.66412213740458,42.06106870229008,-1.0941501586914062,0.22266075439453123,-0.17178396911621094,-206.9783000225232,-641.5852295319994,3.405441454293725
25382923,-2335,-1510,4258,-780,72,353,9891.0,-17.82442748091603,-11.526717557251908,32.50381679389313,-0.46686932373046874,0.0430956298828125,0.21128829650878905,-201.8723879232683,-640.7319085287811,3.411052604969055
25392911,-746,-183,965,780,-1648,2441,9988.0,-5.694656488549619,-1.3969465648854962,7.366412213740458,0.46686932373046874,-0.9864110839843749,1.4610615631103514,-196.7875991439416,-639.787855648781,3.4123367436231775
25402934,-459,-1077,-1739,616,-1228,1005,10023.0,-3.50381679389313,-8.221374045801527,-13.274809160305344,0.3687070556640625,-0.7350199096679687,0.6015431671142578,-191.7402895780055,-638.7791218242248,3.4100145234990347
25412961,-459,-1077,-1739,616,-1228,1005,10027.0,-3.50381679389313,-8.221374045801527,-13.274809160305344,0.3687070556640625,-0.7350199096679687,0.6015431671142578,-186.7461643811403,-637.7084352464414,3.407691376618382
25422928,89,325,-4186,3072,-8,193,9967.0,0.6793893129770993,2.480916030534351,-31.954198473282442,1.838746875,-0.0047884033203125,0.11552023010253906,-181.95854420490005,-636.6907503212608,3.4021327211835524
25432974,600,-518,-6087,388,-428,-5115,10046.0,4.580152671755725,-3.954198473282443,-46.465648854961835,0.23223756103515625,-0.2561795776367187,-3.0615853729248044,-177.16212829460136,-635.6458169603319,3.393985630553773
25442963,1033,671,-7381,348,-1372,-155,9989.0,7.885496183206107,5.122137404580153,-56.343511450381676,0.20829554443359374,-0.8212111694335937,-0.09277531433105468,-172.43278402603025,-634.5322630188667,3.3841626498619863
25453001,909,587,-7115,1000,1572,-4207,10038.0,6.938931297709924,4.480916030534351,-54.31297709923664,0.5985504150390625,0.9409212524414062,-2.518101596069336,-167.71702468343474,-633.5194209496999,3.3746472253620428
25462956,-351,169,-6943,1444,708,-1751,9955.0,-2.6793893129770994,1.2900763358778626,-53.0,0.8643067993164062,0.42377369384765623,-1.0480617767333984,-163.11445301491074,-632.5749164004912,3.365438606429133
25472956,47,-102,-5630,-2124,212,3109,10000.0,0.35877862595419846,-0.7786259541984732,-42.97709923664122,-1.2713210815429687,0.12689268798828124,1.860893240356445,-158.36418378104185,-631.6112454879101,3.3579376875827753
25483011,-604,-951,-3688,32,1536,-547,10055.0,-4.6106870229007635,-7.259541984732825,-28.15267175572519,0.01915361328125,0.9193734375,-0.3274070770263672,-153.57017713825286,-630.7335627996005,3.352997094804224
25492954,74,-232,-1791,-1208,1664,-4979,9943.0,0.5648854961832062,-1.7709923664122138,-13.67175572519084,-0.7230489013671875,0.9959878906249999,-2.980182516479492,-148.73920963885868,-629.9471459525342,3.3506245244625545
25502931,64,809,-730,-1360,732,1049,9977.0,0.48854961832061067,6.175572519083969,-5.572519083969466,-0.814028564453125,0.4381389038085937,0.6278793853759765,-143.80343261821474,-629.1839743444403,3.3496541733586294
25512920,-434,263,189,-2892,-108,3025,9989.0,-3.312977099236641,2.0076335877862594,1.4427480916030535,-1.7310078002929687,-0.06464344482421874,1.810615005493164,-138.694066798391,-628.3778539240491,3.3499057034156334
25522919,-160,-657,706,448,144,-4115,9999.0,-1.2213740458015268,-5.015267175572519,5.3893129770992365,0.26815058593749996,0.086191259765625,-2.4630349578857422,-133.60402077060687,-627.5849250928376,3.350846221913086
25533025,156,-1307,793,4556,2728,3889,10106.0,1.1908396946564885,-9.977099236641221,6.0534351145038165,2.7269956909179687,1.6328455322265625,2.327762564086914,-128.69706381578794,-627.0047467464914,3.3519139448027486
25543310,228,-1224,1848,-60,588,3025,10285.0,1.7404580152671756,-9.34351145038168,14.106870229007633,-0.03591302490234375,0.35194764404296874,1.810615005493164,-123.69161570258079,-626.4498788752769,3.3544462283590306
25554827,705,35,2210,-728,-436,-475,11517.0,5.3816793893129775,0.26717557251908397,16.870229007633586,-0.43574470214843747,-0.2609679809570312,-0.28431144714355466,-118.03755999976374,-625.7823353303404,3.35783730583685
25562964,705,35,2210,-728,-436,-475,8137.0,5.3816793893129775,0.26717557251908397,16.870229007633586,-0.43574470214843747,-0.2609679809570312,-0.28431144714355466,-114.01843576307212,-625.287576539731,3.360233172593559
25572918,143,-345,1882,3116,532,1337,9954.0,1.0916030534351144,-2.633587786259542,14.366412213740459,1.8650830932617186,0.3184288208007812,0.8002619049072265,-109.27521329124274,-624.7536528965162,3.362729050446882
25582916,730,-38,2250,404,68,1873,9998.0,5.572519083969466,-0.2900763358778626,17.17557251908397,0.24181436767578124,0.040701428222656245,1.121084927368164,-104.5336870776573,-624.226708337809,3.36572615382003
25592968,449,637,4831,-2012,-2236,2381,10052.0,3.427480916030534,4.862595419847328,36.87786259541985,-1.2042834350585936,-1.3383587280273437,1.4251485382080078,-99.67899774220196,-623.5374533685032,3.3721960243403277
25602998,25,559,6355,-1424,-404,1877,10030.0,0.19083969465648856,4.267175572519084,48.51145038167939,-0.852335791015625,-0.24181436767578124,1.1234791290283201,-94.75738813119895,-622.8057655498525,3.380688270217132
25612940,-106,-253,9713,-1592,-968,-2975,9942.0,-0.8091603053435115,-1.9312977099236641,74.14503816793894,-0.9528922607421875,-0.5793968017578125,-1.7806874847412109,-89.80202350526868,-622.0015548651298,3.393553964265283
25622935,-305,945,13809,-2312,-488,-8575,9995.0,-2.3282442748091605,7.213740458015267,105.41221374045801,-1.3838485595703125,-0.2920926025390625,-5.1325698089599605,-84.69481026814326,-621.1280155112058,3.411942667330145
25632936,2413,5361,14543,-3168,-1680,4029,10001.0,18.419847328244273,40.9236641221374,111.01526717557252,-1.89620771484375,-1.005564697265625,2.4115596221923825,-79.4315109873642,-620.1033832021654,3.4313204242340265
25642973,-1218,187,13933,-3976,860,-1939,10037.0,-9.297709923664122,1.4274809160305344,106.3587786259542,-2.379836450195312,0.5147533569335937,-1.1605892547607422,-73.90508762408626,-619.051711042198,3.4499522164906438
25652907,-847,1657,13205,1104,920,545,9934.0,-6.465648854961832,12.648854961832061,100.80152671755725,0.6607996582031249,0.5506663818359374,0.32620997619628905,-68.47976099874802,-618.0831880315031,3.467429286790099
25662975,-245,257,12500,-476,-808,429,10068.0,-1.8702290076335877,1.9618320610687023,95.41984732824427,-0.28490999755859375,-0.4836287353515625,0.2567781280517578,-62.97051936937914,-617.0457248978403,3.4841964384208994
25672998,-245,257,12500,-476,-808,429,10023.0,-1.8702290076335877,1.9618320610687023,95.41984732824427,-0.28490999755859375,-0.4836287353515625,0.2567781280517578,-57.47619079516705,-615.9573516650685,3.5008886474788565
25682894,596,430,11932,-6980,-3792,-2027,9896.0,4.549618320610687,3.282442748091603,91.08396946564885,-4.177881896972656,-2.269703173828125,-1.2132616912841796,-51.75219177512862,-614.5260752041581,3.516620468731524
25692970,-770,55,11556,-1960,1336,-1339,10076.0,-5.877862595419847,0.4198473282442748,88.21374045801527,-1.1731588134765625,0.7996633544921875,-0.8014590057373047,-45.78303364011366,-613.0984961201169,3.532133682032898
25702894,-715,-602,10981,508,-1540,-615,9924.0,-5.458015267175573,-4.595419847328245,83.82442748091603,0.30406361083984373,-0.9217676391601562,-0.36810850524902344,-39.96721945156651,-611.6208185899723,3.5466526156330715
25712925,2268,-1812,11045,-1480,3316,157,10031.0,17.31297709923664,-13.83206106870229,84.31297709923665,-0.8858546142578124,1.9847931762695312,0.0939724151611328,-33.925902378941885,-610.2732466567942,3.561413623869103
25722903,1430,157,11932,-1640,-296,-1671,9978.0,10.916030534351146,1.1984732824427482,91.08396946564885,-0.9816226806640624,-0.1771709228515625,-1.0001777435302734,-27.835348607707502,-608.8755580565476,3.577275801765133
25732966,-72,795,12296,-568,-1600,-1003,10063.0,-0.549618320610687,6.068702290076335,93.86259541984732,-0.3399766357421875,-0.9576806640625,-0.6003460662841796,-21.704315077125745,-607.363688622575,3.593761122424646
25742980,-1803,-567,11956,-3980,-1680,941,10014.0,-13.763358778625955,-4.32824427480916,91.26717557251908,-2.3822306518554686,-1.005564697265625,0.5632359405517577,-15.435444393139717,-605.6614014761059,3.6097125503299865
25752920,-1354,-2189,10788,2632,-292,-607,9940.0,-10.335877862595419,-16.709923664122137,82.35114503816794,1.5753846923828123,-0.17477672119140625,-0.3633201019287109,-9.358800242335452,-604.0286054359774,3.6239992986495984
25762919,-1354,-2189,10788,2632,-292,-607,9999.0,-10.335877862595419,-16.709923664122137,82.35114503816794,1.5753846923828123,-0.17477672119140625,-0.3633201019287109,-3.3928835302637057,-602.445822939444,3.6383708475880088
25772923,-1421,-2086,8990,2248,-1892,2457,10004.0,-10.84732824427481,-15.923664122137405,68.62595419847328,1.3455413330078123,-1.1324573852539062,1.4706383697509764,2.4032041187700797,-600.8288598875463,3.650353127114283
25782920,-936,-513,8848,356,1852,1273,9997.0,-7.145038167938932,-3.9160305343511452,67.54198473282443,0.21308394775390624,1.1085153686523437,0.7619546783447265,8.231860456158875,-599.3197310495794,3.6621378907934274
25793087,54,3,7545,516,-2168,-2511,10167.0,0.4122137404580153,0.022900763358778626,57.595419847328245,0.30885201416015623,-1.2976572998046874,-1.502960092163086,14.064201771244813,-597.6854181102402,3.6723580612591085
25803045,-35,668,8659,-188,-1548,-1831,9958.0,-0.26717557251908397,5.099236641221374,66.09923664122137,-0.11252747802734374,-0.9265560424804687,-1.0959458099365234,19.738791372778643,-596.000244048948,3.6838461011124277
25812907,2018,796,10033,-8132,-1276,2525,9862.0,15.404580152671755,6.076335877862595,76.58778625954199,-4.867411975097656,-0.7637503295898437,1.5113397979736327,25.721739327700252,-594.0185706805464,3.6970287256357426
25822916,1692,453,11409,2080,-428,1469,10009.0,12.916030534351146,3.4580152671755724,87.09160305343511,1.24498486328125,-0.2561795776367187,0.8792705596923828,31.6750437196667,-592.053134078164,3.7122427581939834
25832988,2134,-320,13650,-332,816,-1131,10072.0,16.290076335877863,-2.4427480916030535,104.19847328244275,-0.19871873779296872,0.488417138671875,-0.6769605194091797,37.710106557026705,-590.1053274920943,3.730559762200555
25842956,253,-224,15384,-1696,172,1421,9968.0,1.9312977099236641,-1.7099236641221374,117.43511450381679,-1.01514150390625,0.10295067138671875,0.8505401397705078,43.771417377332995,-588.1282884584159,3.750990468115059
25852938,253,-224,15384,-1696,172,1421,9982.0,1.9312977099236641,-1.7099236641221374,117.43511450381679,-1.01514150390625,0.10295067138671875,0.8505401397705078,49.92902326578771,-586.0971825751918,3.771449868841241
25862901,-2095,-1247,16157,1492,-344,2977,9963.0,-15.992366412213741,-9.51908396946565,123.33587786259542,0.8930372192382812,-0.2059013427734375,1.781884585571289,55.99202044593534,-584.107426651097,3.7928963935519215
25872923,-1825,-1051,17737,-1684,-1308,29,10022.0,-13.931297709923664,-8.022900763358779,135.3969465648855,-1.0079588989257813,-0.7829039428710937,0.017357962036132813,62.12082350295154,-581.9812323432906,3.816579607394286
25882922,-1720,-306,19777,-252,-2624,-619,9999.0,-13.129770992366412,-2.33587786259542,150.96946564885496,-0.15083470458984374,-1.5705962890624998,-0.3705027069091797,68.14576204209055,-579.7302202746171,3.8429261149355303
25892905,-677,1126,21322,-2832,-3480,-319,9983.0,-5.1679389312977095,8.595419847328245,162.76335877862596,-1.695094775390625,-2.0829554443359375,-0.19093758239746092,74.14859278831884,-577.2154604102354,3.8712853871977395
25902894,-1611,421,23088,-3476,-6380,3001,9989.0,-12.297709923664122,3.213740458015267,176.24427480916032,-2.080561242675781,-3.8187516479492185,1.7962497955322265,80.04282704241844,-574.280028717275,3.90201197955812
25913013,1429,180,23229,1388,-4104,-1147,10119.0,10.908396946564885,1.3740458015267176,177.3206106870229,0.8307879760742187,-2.4564509033203126,-0.6865373260498047,85.77502158434643,-571.190201316374,3.933328549029564
25922952,96,1592,24957,-2516,-4616,177,9939.0,0.732824427480916,12.15267175572519,190.5114503816794,-1.5059528442382812,-2.7629087158203123,0.10594342346191406,91.3057779225737,-567.8608423992439,3.9663762415722785
25932954,-564,211,26110,-1700,-2824,-6571,10002.0,-4.305343511450381,1.6106870229007633,199.31297709923663,-1.0175357055664063,-1.6903063720703124,-3.9330747772216794,96.8099356847498,-564.3228836315669,4.001169875831001
25942905,-606,466,25875,-376,-5204,-3059,9951.0,-4.625954198473282,3.5572519083969465,197.51908396946564,-0.22505495605468748,-3.114856359863281,-1.8309657196044922,102.05955502802288,-560.5923887846748,4.035474538779715
25953018,-2529,-3826,25024,456,-4112,2733,10113.0,-19.30534351145038,-29.206106870229007,191.0229007633588,0.27293898925781246,-2.461239306640625,1.6358382843017578,107.1764752178105,-556.6725292010146,4.069191064007874
25962917,-3903,-1872,25109,-2336,-1668,1773,9899.0,-29.793893129770993,-14.290076335877863,191.67175572519085,-1.39821376953125,-0.9983820922851562,1.0612298858642577,112.18343255341263,-552.6672715898461,4.102306220587433
25972906,-3903,-1872,25109,-2336,-1668,1773,9989.0,-29.793893129770993,-14.290076335877863,191.67175572519085,-1.39821376953125,-0.9983820922851562,1.0612298858642577,117.22847099233668,-548.4543310976143,4.135722454456837
25982918,-32,375,25216,-780,-4616,-1751,10012.0,-0.24427480916030533,2.8625954198473282,192.4885496183206,-0.46686932373046874,-2.7629087158203123,-1.0480617767333984,122.07219487282096,-544.0485118601395,4.169358358796678
25992924,1226,1599,26495,-1344,-7040,-1503,10006.0,9.358778625954198,12.206106870229007,202.25190839694656,-0.8044517578125,-4.2137949218749995,-0.8996212738037109,126.58350477742889,-539.3698396969802,4.2046791557666845
26002894,416,378,25898,-2812,-6888,2585,9970.0,3.1755725190839694,2.885496183206107,197.6946564885496,-1.6831237670898436,-4.122815258789062,1.5472528228759765,130.7900877649257,-534.3722831667969,4.239079869779848
26012979,983,137,26356,-380,-2668,-1547,10085.0,7.5038167938931295,1.0458015267175573,201.1908396946565,-0.22744915771484372,-1.5969325073242187,-0.9259574920654297,134.9079067231825,-529.2272596940879,4.274492768174176
26022981,-631,519,27745,-3376,-900,-459,10002.0,-4.816793893129771,3.9618320610687023,211.793893129771,-2.020706201171875,-0.5386953735351562,-0.2747346405029297,139.0211117371085,-523.9174269518327,4.311465168883033
26032894,-597,-1808,26982,3776,-3628,3441,9913.0,-4.557251908396947,-13.801526717557252,205.96946564885496,2.2601263671875,-2.1715409057617188,2.0596119781494138,142.81906673830423,-518.7860580554799,4.347100870680421
26042939,-1745,-1357,25961,3540,1644,-3283,10045.0,-13.320610687022901,-10.358778625954198,198.17557251908397,2.118868469238281,0.9840168823242187,-1.965041012573242,146.6921192114988,-513.8208100928878,4.381844679785936
26053040,235,1457,26092,1920,-2168,2981,10101.0,1.7938931297709924,11.122137404580153,199.17557251908397,1.149216796875,-1.2976572998046874,1.7842787872314452,150.42596042599723,-508.90150772533525,4.416958478308493
26062931,-771,1136,24686,392,-7176,-1403,9891.0,-5.885496183206107,8.67175572519084,188.44274809160305,0.2346317626953125,-4.295197778320312,-0.8397662322998046,153.67044039439233,-503.99743940155304,4.449489447207319
26072993,158,1752,24416,-6660,-3300,-167,10062.0,1.2061068702290076,13.374045801526718,186.38167938931298,-3.986345764160156,-1.9752163696289062,-0.09995791931152344,156.86838388207224,-498.5700145944143,4.482220871300904
26082989,1254,-652,23101,1888,-4016,-943,9996.0,9.572519083969466,-4.977099236641221,176.34351145038167,1.13006318359375,-2.403778466796875,-0.5644330413818359,159.78755784789806,-493.2412916891943,4.512986309094722
26092972,-263,-1278,21571,-4108,-2564,-4903,9983.0,-2.0076335877862594,-9.755725190839694,164.66412213740458,-2.4588451049804685,-1.5346832641601562,-2.934692684936523,162.5938416287001,-487.6520284283343,4.541676763178209
26102962,-973,398,21563,-3104,-1040,-4535,9990.0,-7.427480916030534,3.0381679389312977,164.6030534351145,-1.85790048828125,-0.622492431640625,-2.7144261322021483,165.3668370551202,-481.8665010788834,4.570376686938586
26113070,-4007,-2074,20269,-1696,-4504,8325,10108.0,-30.587786259541986,-15.83206106870229,154.72519083969465,-1.01514150390625,-2.6958710693359373,4.982932205200195,167.91082745027703,-475.87807087495423,4.597672977211598
26122910,-4007,-2074,20269,-1696,-4504,8325,9840.0,-30.587786259541986,-15.83206106870229,154.72519083969465,-1.01514150390625,-2.6958710693359373,4.982932205200195,170.1360039337836,-469.9275274818361,4.624245543128342
26132962,-4444,-2102,18854,-1836,-2116,-4239,10052.0,-33.9236641221374,-16.045801526717558,143.9236641221374,-1.0989385620117187,-1.2665326782226562,-2.537255209350586,172.28837940935878,-463.72991773413975,4.649495582207143
26142926,-1244,-50,19363,244,-3952,3277,9964.0,-9.49618320610687,-0.3816793893129771,147.8091603053435,0.14604630126953125,-2.365471240234375,1.9614497100830077,174.18668819203364,-457.592322812868,4.675200276092077
26152906,793,498,18635,2280,-5968,-1927,9980.0,6.0534351145038165,3.801526717557252,142.25190839694656,1.3646949462890625,-3.5721488769531247,-1.1534066497802733,175.7305983122832,-451.5763704897816,4.699978262496422
26163065,-650,1427,17708,-1652,-8604,-835,10159.0,-4.961832061068702,10.893129770992367,135.17557251908397,-0.9888052856445312,-5.149927770996094,-0.4997895965576172,176.7695561939617,-445.35661610680467,4.723945972734273
26172951,3394,-3011,18482,-1588,-988,213,9886.0,25.908396946564885,-22.984732824427482,141.08396946564886,-0.9504980590820312,-0.5913678100585937,0.1274912384033203,177.71950131768045,-439.2132427382537,4.748289059327919
26182964,2275,-297,20610,356,-368,-2519,10013.0,17.366412213740457,-2.267175572519084,157.32824427480915,0.21308394775390624,-0.22026655273437498,-1.5077484954833984,178.6609637108588,-433.0136688206624,4.775783714663989
26192908,-461,-495,21632,0,-1060,-2851,9944.0,-3.519083969465649,-3.7786259541984735,165.12977099236642,0.0,-0.6344634399414062,-1.706467233276367,179.5334663426114,-426.8625835265331,4.804442901373774
26202908,-1565,1390,23083,-2840,-2100,-2691,10000.0,-11.946564885496183,10.610687022900763,176.206106870229,-1.6998831787109374,-1.2569558715820313,-1.6106991668701172,180.26531014252228,-420.5235477136122,4.835196668643839
26212907,-1429,1839,22977,1272,-1736,1465,9999.0,-10.908396946564885,14.038167938931299,175.3969465648855,0.7613561279296874,-1.0390835205078124,0.8768763580322265,180.90604579934697,-414.27624781862625,4.865806149544642
26222954,-1126,164,23474,6024,-3776,1033,10047.0,-8.595419847328245,1.251908396946565,179.1908396946565,3.6056677001953124,-2.2601263671875,0.6183025787353515,181.39249362678572,-408.3986519613454,4.897227842062171
26232918,-541,1085,22277,-236,-4224,-5555,9964.0,-4.129770992366412,8.282442748091603,170.05343511450383,-0.14125789794921875,-2.528276953125,-3.324947555541992,181.62667594830506,-402.6093170501249,4.926800917808423
26242941,610,-170,22882,-1308,-8888,4129,10023.0,4.656488549618321,-1.297709923664122,174.67175572519085,-0.7829039428710937,-5.3199160888671875,2.471414663696289,181.32468421957108,-396.83901443600837,4.957357008021558
26252988,1547,26,21501,5344,-6272,3001,10047.0,11.80916030534351,0.1984732824427481,164.12977099236642,3.19865341796875,-3.754108203125,1.7962497955322265,180.74441975945726,-391.4681970877779,4.986137693495674
26262906,424,-602,22227,-3548,-5328,-7291,9918.0,3.236641221374046,-4.595419847328245,169.67175572519085,-2.123656872558594,-3.189076611328125,-4.3640310760498044,179.80985267354333,-386.0606043452942,5.015508172221741
26272946,225,357,22764,-3220,-576,-7323,10040.0,1.717557251908397,2.7251908396946565,173.7709923664122,-1.927332336425781,-0.3447650390625,-4.383184689331054,178.76734221902677,-380.4143027086326,5.0459582468727096
26282931,225,357,22764,-3220,-576,-7323,9985.0,1.717557251908397,2.7251908396946565,173.7709923664122,-1.927332336425781,-0.3447650390625,-4.383184689331054,177.63003614588476,-374.6315890533265,5.076241513345809
26292905,-1885,-561,23319,-2124,-3092,-1275,9974.0,-14.389312977099237,-4.282442748091603,178.00763358778627,-1.2713210815429687,-1.8507178833007811,-0.7631517791748046,176.2753894080857,-368.80932513274985,5.10722892904192
26302954,-1695,-1258,22737,-268,-864,-355,10049.0,-12.938931297709924,-9.603053435114504,173.5648854961832,-0.16041151123046873,-0.51714755859375,-0.21248539733886718,174.85630216987298,-362.95007052504815,5.137670150876644
26312943,-272,283,23443,1408,-1192,-327,9989.0,-2.0763358778625953,2.1603053435114505,178.95419847328245,0.842758984375,-0.7134720947265625,-0.19572598571777342,173.4188532304145,-357.23266063193836,5.168869193873196
26322916,-631,-950,23606,-5872,-5260,2425,9973.0,-4.816793893129771,-7.251908396946565,180.19847328244273,-3.5146880371093747,-3.1483751831054687,1.4514847564697264,171.54324298128367,-351.36239099168756,5.200234844001675
26332906,862,-230,25593,-4352,-2176,6817,9990.0,6.580152671755725,-1.7557251908396947,195.36641221374046,-2.6048914062499997,-1.3024457031249999,4.080318179321289,169.4221525783863,-345.32155824455975,5.234298617539648
26342900,155,-128,27245,-1092,-2128,365,9994.0,1.183206106870229,-0.9770992366412213,207.9770992366412,-0.6536170532226562,-1.2737152832031249,0.2184709014892578,167.15772658088656,-339.2903136237929,5.270575689733009
26352909,1411,-383,27612,-448,-5228,-2603,10009.0,10.770992366412214,-2.9236641221374047,210.77862595419847,-0.26815058593749996,-3.1292215698242187,-1.5580267303466795,164.61523324720503,-333.40348342183154,5.307396608919454
26362920,-720,-888,29597,-3304,-1432,-2123,10011.0,-5.4961832061068705,-6.778625954198473,225.93129770992365,-1.9776105712890624,-0.8571241943359375,-1.2707225311279295,161.88556583063036,-327.40677278340087,5.346872434898183
26372938,-3156,1906,30541,-2160,-2064,4641,10018.0,-24.091603053435115,14.549618320610687,233.13740458015266,-1.2928688964843749,-1.235408056640625,2.777872476196289,158.97610503663392,-321.38209259217615,5.387635830368711
26382927,-850,-2745,29522,172,-292,-4319,9989.0,-6.488549618320611,-20.954198473282442,225.3587786259542,0.10295067138671875,-0.17477672119140625,-2.5851392425537107,156.06862414770796,-315.3940397085474,5.426925091442132
26392916,-652,-585,31313,-376,-2560,-2023,9989.0,-4.977099236641221,-4.465648854961832,239.03053435114504,-0.22505495605468748,-1.5322890624999999,-1.2108674896240235,153.0345145114754,-309.49456104683526,5.468597899246212
26402894,-1924,418,32418,-3232,-4608,-1427,9978.0,-14.687022900763358,3.1908396946564888,247.46564885496184,-1.93451494140625,-2.7581203125,-0.8541314422607421,149.67422329914837,-303.66414914500575,5.511693782839366
26412947,-1367,279,30987,1644,-8492,717,10053.0,-10.435114503816793,2.1297709923664123,236.54198473282443,0.9840168823242187,-5.082890124511718,0.4291606475830078,146.02022027334687,-298.23902389019497,5.553196954499263
26422939,1933,867,32700,-1180,-1148,-3043,9992.0,14.755725190839694,6.6183206106870225,249.61832061068702,-0.7062894897460937,-0.6871358764648438,-1.8213889129638672,142.29036422961778,-292.8551890983522,5.596728716886273
26433074,-2570,-684,32700,172,-4860,-2875,10135.0,-19.61832061068702,-5.221374045801527,249.61832061068702,0.10295067138671875,-2.9089550170898435,-1.7208324432373046,138.33660126282865,-287.63989561862354,5.6408834818775
26442982,-1814,1369,32700,-2668,-6928,-867,9908.0,-13.84732824427481,10.450381679389313,249.61832061068702,-1.5969325073242187,-4.146757275390625,-0.5189432098388671,134.11236549931326,-282.78918281967583,5.684049284692802
26453056,-3377,-2993,32700,4732,-10424,5161,10074.0,-25.778625954198475,-22.84732824427481,249.61832061068702,2.8323405639648436,-6.2392895263671875,3.0891186920166014,129.72782350399672,-278.5467983862771,5.727938293328384
26462926,-4704,-783,32700,-1832,-5248,445,9870.0,-35.908396946564885,-5.977099236641221,249.61832061068702,-1.0965443603515623,-3.1411925781249996,0.2663549346923828,125.18897381398523,-274.60469358179057,5.770938543004103
26472972,-1285,1895,32700,-5308,-9360,-1663,10046.0,-9.80916030534351,14.465648854961833,249.61832061068702,-3.1771056030273437,-5.6024318847656245,-0.9953893402099608,120.02779566890544,-270.9520047971091,5.814705565115783
26482936,-1285,1895,32700,-5308,-9360,-1663,9964.0,-9.80916030534351,14.465648854961833,249.61832061068702,-3.1771056030273437,-5.6024318847656245,-0.9953893402099608,114.39201297727973,-267.7057725411476,5.858115340978889
26492928,748,196,31676,2628,-9812,4801,9992.0,5.709923664122138,1.4961832061068703,241.80152671755727,1.5729904907226562,-5.872976672363281,2.873640542602539,108.66699658316924,-265.0529899793855,5.900283906892373
26503011,886,-1145,31548,-1260,-1456,-4335,10083.0,6.763358778625954,-8.740458015267176,240.82442748091603,-0.7541735229492187,-0.8714894042968749,-2.5947160491943357,102.78797794473631,-262.43395437126395,5.942664562551934
26512899,-311,-555,32700,-1388,-2320,-2795,9888.0,-2.3740458015267176,-4.236641221374046,249.61832061068702,-0.8307879760742187,-1.388636962890625,-1.6729484100341796,96.90520398435324,-259.97157232495437,5.985743232135876
26522962,-3531,2631,32606,-2788,-4300,4037,10063.0,-26.954198473282442,20.083969465648856,248.90076335877862,-1.668758557128906,-2.5737667846679684,2.4163480255126952,90.68931899509418,-257.6754783885078,6.02945829113263
26532930,-344,-538,30115,-2444,-2060,-3611,9968.0,-2.6259541984732824,-4.106870229007634,229.8854961832061,-1.4628572143554686,-1.2330138549804688,-2.1613655487060544,84.36408530215087,-255.48995633518135,6.069452486960457
26542973,-1373,-317,30423,-2272,-3936,-291,10043.0,-10.48091603053435,-2.4198473282442747,232.23664122137404,-1.35990654296875,-2.35589443359375,-0.17417817077636719,77.81523595758362,-253.49844765016923,6.110159718934737
26552958,-737,282,29115,3020,-4412,-747,9985.0,-5.625954198473282,2.1526717557251906,222.25190839694656,1.8076222534179687,-2.6408044311523438,-0.4471171600341797,71.44755319213333,-251.80348818770176,6.148891809224857
26562925,1436,602,27300,3452,-6264,-99,9967.0,10.961832061068701,4.595419847328245,208.3969465648855,2.0661960327148434,-3.749319799804687,-0.059256491088867186,65.25916377073645,-250.50234868328974,6.18514390988679
26572915,674,-338,26251,-4676,-2232,-1919,9990.0,5.145038167938932,-2.5801526717557253,200.38931297709922,-2.798821740722656,-1.3359645263671873,-1.1486182464599608,58.769319416010056,-249.31365660227442,6.220083468326415
26582942,674,-338,26251,-4676,-2232,-1919,10027.0,5.145038167938932,-2.5801526717557253,200.38931297709922,-2.798821740722656,-1.3359645263671873,-1.1486182464599608,51.9703887312877,-248.24694073830688,6.255152432538039
26592917,-1056,-1562,24728,4136,-3268,-4915,9975.0,-8.061068702290076,-11.923664122137405,188.76335877862596,2.4756045166015626,-1.956062756347656,-2.941875289916992,45.45397870166834,-247.37919427053527,6.288015490163198
26602927,-3010,-129,21768,1024,-2960,2513,10010.0,-22.977099236641223,-0.9847328244274809,166.1679389312977,0.612915625,-1.7717092285156248,1.504157192993164,38.98209311151985,-246.6837476109925,6.317046268395694
26612962,591,1169,17532,3336,-1284,2361,10035.0,4.511450381679389,8.923664122137405,133.8320610687023,1.9967641845703124,-0.7685387329101562,1.4131775299072264,32.69922279860118,-246.05231429411356,6.3404861228533465
26622996,-1962,-2295,13211,828,-4604,2265,10034.0,-14.977099236641221,-17.519083969465647,100.8473282442748,0.4955997436523437,-2.7557261108398436,1.3557166900634765,26.487514674067977,-245.69387751198707,6.358147146059637
26632973,-1615,-1575,9211,3104,-1688,873,9977.0,-12.32824427480916,-12.022900763358779,70.31297709923665,1.85790048828125,-1.0103531005859374,0.5225345123291015,20.504086194948776,-245.42155876345348,6.37039085019423
26642922,-509,-597,3915,3356,-3088,-1759,9949.0,-3.885496183206107,-4.557251908396947,29.885496183206108,2.0087351928710935,-1.848323681640625,-1.052850180053711,14.752311476277383,-245.3138310474101,6.375580251648465
26652955,2036,345,1867,988,-2724,-6667,10033.0,15.541984732824428,2.633587786259542,14.251908396946565,0.5913678100585937,-1.6304513305664061,-3.9905356170654294,9.026784475464407,-245.36293829305603,6.378075887420624
26663101,1225,34,-312,2288,-664,3149,10146.0,9.351145038167939,0.2595419847328244,-2.381679389312977,1.369483349609375,-0.39743747558593745,1.8848352569580078,3.380978878184687,-245.44003086071316,6.377654137000448
26672904,541,410,-753,-128,-3096,-2043,9803.0,4.129770992366412,3.1297709923664123,-5.748091603053435,-0.076614453125,-1.8531120849609375,-1.2228384979248046,-2.0646688086121032,-245.69250874993114,6.376670669414116
26682919,1980,165,-677,632,284,-1363,10015.0,15.114503816793894,1.2595419847328244,-5.1679389312977095,0.37828386230468747,0.16998831787109375,-0.8158242156982422,-7.5918810442748015,-245.9299621590192,6.375767340951936
26692957,1980,165,-677,632,284,-1363,10038.0,15.114503816793894,1.2595419847328244,-5.1679389312977095,0.37828386230468747,0.16998831787109375,-0.8158242156982422,-13.09539852743833,-246.14741505940287,6.3748619379461084
26702976,-136,1053,-675,-888,1556,1505,10019.0,-1.0381679389312977,8.038167938931299,-5.152671755725191,-0.5315127685546874,0.9313444458007812,0.900818374633789,-18.650107527861532,-246.27618913323508,6.373960918381329
26712923,-1624,-1366,387,1960,1536,1161,9947.0,-12.396946564885496,-10.427480916030534,2.954198473282443,1.1731588134765625,0.9193734375,0.6949170318603515,-24.05759873030496,-246.30286951586987,6.3744737905765145
26722919,-1404,146,762,3308,1856,-3215,9996.0,-10.717557251908397,1.1145038167938932,5.816793893129771,1.9800047729492187,1.1109095703125,-1.9243395843505857,-29.304959228543332,-246.20091619521384,6.375488606541143
26733011,-807,455,1127,-468,700,-615,10092.0,-6.1603053435114505,3.4732824427480917,8.603053435114504,-0.28012159423828126,0.41898529052734373,-0.36810850524902344,-34.63511668487254,-246.05817110387366,6.377003936570772
26742947,1200,505,1967,-1544,-2028,-1295,9936.0,9.16030534351145,3.854961832061069,15.01526717557252,-0.9241618408203125,-1.2138602416992186,-0.7751227874755859,-39.9621578241778,-246.04569682051718,6.379607822859158
26752925,174,331,1635,3728,-548,1425,9978.0,1.3282442748091603,2.5267175572519083,12.48091603053435,2.231395947265625,-0.3280056274414062,0.852934341430664,-45.08742215989543,-246.04379909036317,6.381781361315411
26762894,86,538,1322,24,-844,4329,9969.0,0.6564885496183206,4.106870229007634,10.091603053435115,0.0143652099609375,-0.5051765502929687,2.5911247467041014,-50.201613432488,-246.09171239562266,6.383537218233576
26772909,846,772,1499,676,-1836,-755,10015.0,6.458015267175573,5.893129770992366,11.442748091603054,0.40462008056640625,-1.0989385620117187,-0.45190556335449217,-55.28777010225021,-246.24534717349772,6.3855373502347685
26782937,2298,538,2686,764,-1072,385,10028.0,17.541984732824428,4.106870229007634,20.50381679389313,0.4572925170898437,-0.6416460449218749,0.23044190979003906,-60.32797801499853,-246.45848140618443,6.389125961412704
26792937,2298,538,2686,764,-1072,385,10000.0,17.541984732824428,4.106870229007634,20.50381679389313,0.4572925170898437,-0.6416460449218749,0.23044190979003906,-65.30164425427304,-246.7298024809484,6.392704552535496
26802960,1094,-13,4208,-4560,984,-1475,10023.0,8.351145038167939,-0.09923664122137404,32.12213740458015,-2.729389892578125,0.5889736083984375,-0.8828618621826171,-70.56592793658292,-246.97447156165506,6.398323817792766
26812934,1388,81,5522,568,196,137,9974.0,10.595419847328245,0.6183206106870229,42.152671755725194,0.3399766357421875,0.11731588134765625,0.08200140686035155,-75.77233387502501,-247.2022293357785,6.405661718623588
26822909,634,126,6002,-4884,1296,-2155,9975.0,4.8396946564885495,0.9618320610687023,45.81679389312977,-2.923320227050781,0.7757213378906249,-1.2898761444091795,-81.27770292659277,-247.3913186248777,6.413638266337362
26834430,-1034,1348,5569,436,-528,2169,11521.0,-7.893129770992366,10.290076335877863,42.51145038167939,0.2609679809570312,-0.316034619140625,1.2982558502197266,-87.59621800079196,-247.64645875494895,6.422186442555742
26842931,-1706,-1153,4178,2124,-104,93,8501.0,-13.022900763358779,-8.801526717557252,31.893129770992367,1.2713210815429687,-0.062249243164062495,0.05566518859863281,-92.16688903506545,-247.82601117774533,6.426918440243657
26852914,-958,-185,1885,-448,48,1101,9983.0,-7.312977099236641,-1.4122137404580153,14.389312977099237,-0.26815058593749996,0.028730419921875,0.6590040069580078,-97.56123221201081,-248.0379268967048,6.429425579734055
26862923,-172,651,-370,900,880,2877,10009.0,-1.3129770992366412,4.969465648854962,-2.8244274809160306,0.5386953735351562,0.5267243652343749,1.7220295440673827,-102.92389365615756,-248.1903490608099,6.428932180483765
26872951,-973,1033,-1466,2420,-1912,209,10028.0,-7.427480916030534,7.885496183206107,-11.19083969465649,1.448492004394531,-1.1444283935546875,0.12509703674316405,-108.13608583921557,-248.43608522883952,6.4269735416204545
26882912,-880,687,-2676,1328,1104,-1499,9961.0,-6.717557251908397,5.244274809160306,-20.427480916030536,0.7948749511718749,0.6607996582031249,-0.8972270721435547,-113.24452400049343,-248.60423359419266,6.423422178166919
26892912,-880,687,-2676,1328,1104,-1499,10000.0,-6.717557251908397,5.244274809160306,-20.427480916030536,0.7948749511718749,0.6607996582031249,-0.8972270721435547,-118.3032199677981,-248.69674664361176,6.419856910168188
26902939,-306,852,-2667,816,-1564,1705,10027.0,-2.33587786259542,6.5038167938931295,-20.358778625954198,0.488417138671875,-0.9361328491210937,1.0205284576416016,-123.31441182205059,-248.87627925842162,6.4162940391327075
26913034,-8,1107,-2366,-940,744,737,10095.0,-0.061068702290076333,8.450381679389313,-18.061068702290076,-0.5626373901367188,0.44532150878906246,0.44113165588378905,-128.42232236139833,-249.01945839864328,6.413111841593917
26922936,334,-489,-455,-1024,-2256,-1623,9902.0,2.549618320610687,-3.732824427480916,-3.4732824427480917,-0.612915625,-1.350329736328125,-0.9714473236083984,-133.47509720424088,-249.29894417893112,6.412511580230159
26933070,1394,1375,1696,-396,3400,4169,10134.0,10.641221374045802,10.49618320610687,12.946564885496183,-0.23702596435546874,2.0350714111328125,2.4953566802978515,-138.6978162625187,-249.38098269928568,6.414801460735576
26942947,-1110,883,4379,-372,96,-263,9877.0,-8.473282442748092,6.740458015267175,33.42748091603053,-0.22266075439453123,0.05746083984375,-0.15741875915527342,-143.81037097310684,-249.4583626413736,6.4205638961507745
26952918,441,892,5197,-3952,916,2397,9971.0,3.366412213740458,6.809160305343512,39.67175572519084,-2.365471240234375,0.5482721801757812,1.4347253448486328,-149.21215319824324,-249.51635007184896,6.4274678440453235
26963063,-715,-621,6707,332,-88,69,10145.0,-5.458015267175573,-4.740458015267175,51.19847328244275,0.19871873779296872,-0.0526724365234375,0.04129997863769531,-154.6871594077736,-249.57758285825992,6.436533232733015
26972907,-89,-268,6672,-848,2116,2169,9844.0,-0.6793893129770993,-2.045801526717557,50.93129770992366,-0.507570751953125,1.2665326782226562,1.2982558502197266,-160.06807210039466,-249.5238133713637,6.4452837497679045
26982961,-656,-114,6717,1320,-1624,7801,10054.0,-5.00763358778626,-0.8702290076335878,51.274809160305345,0.7900865478515624,-0.9720458740234375,4.669291787719726,-165.46834703818394,-249.552121509817,6.454281217568827
26992935,-1825,-279,5858,-768,-1200,1133,9974.0,-13.931297709923664,-2.1297709923664123,44.717557251908396,-0.45968671875,-0.718260498046875,0.6781576202392577,-170.8579385863949,-249.65865393259807,6.46206561145998
27002930,-871,-82,3598,-772,-3468,-959,9995.0,-6.648854961832061,-0.6259541984732825,27.46564885496183,-0.46208092041015625,-2.0757728393554684,-0.5740098480224609,-176.26638908272784,-249.97772343935083,6.466856874667119
27012918,83,-478,2309,-1304,-144,-455,9988.0,0.6335877862595419,-3.648854961832061,17.625954198473284,-0.7805097412109374,-0.086191259765625,-0.2723404388427734,-181.7459653937616,-250.31947468388742,6.469929492441595
27022923,320,-479,634,-212,-1992,9761,10005.0,2.4427480916030535,-3.6564885496183206,4.8396946564885495,-0.12689268798828124,-1.1923124267578125,5.842450601196289,-187.22508950502845,-250.78143310312007,6.470774600850096
27033098,2462,379,-1501,2224,-240,-3095,10175.0,18.793893129770993,2.8931297709923665,-11.458015267175572,1.3311761230468748,-0.143652099609375,-1.8525135345458983,-192.6591166115649,-251.2404318224592,6.468739803412409
27042931,2462,379,-1501,2224,-240,-3095,9833.0,18.793893129770993,2.8931297709923665,-11.458015267175572,1.3311761230468748,-0.143652099609375,-1.8525135345458983,-197.7814150293692,-251.67416192282326,6.466773399166239
27052945,1305,-31,-1869,2208,1112,673,10014.0,9.961832061068701,-0.2366412213740458,-14.267175572519085,1.3215993164062498,0.6655880615234374,0.40282442932128903,-202.87965991895737,-252.02635251219402,6.464279821150591
27062898,17,-1107,-1888,-3076,148,565,9953.0,0.1297709923664122,-8.450381679389313,-14.412213740458014,-1.8411410766601561,0.08858546142578125,0.3381809844970703,-208.1278945202189,-252.40016172485213,6.461776237735236
27072927,739,-171,-1196,-1228,-208,-419,10029.0,5.641221374045801,-1.3053435114503817,-9.129770992366412,-0.7350199096679687,-0.12449848632812499,-0.2507926239013672,-213.4867732510162,-252.80216852046695,6.460178171105189
27082987,412,104,-1427,-1224,-36,-79,10060.0,3.145038167938931,0.7938931297709924,-10.893129770992367,-0.7326257080078125,-0.02154781494140625,-0.047285482788085934,-218.93484749803216,-253.22048030765114,6.4582655540428595
27092968,326,13,-2196,2064,472,-75,9981.0,2.4885496183206106,0.09923664122137404,-16.763358778625953,1.235408056640625,0.2825157958984375,-0.044891281127929686,-224.22370765631305,-253.58669533702476,6.455345354939341
27102899,547,1063,-2578,2552,-324,1301,9931.0,4.175572519083969,8.114503816793894,-19.6793893129771,1.5275006591796874,-0.19393033447265623,0.7787140899658203,-229.33435141128749,-253.94462900255488,6.451934352995951
27113039,-519,315,-2996,1252,-880,373,10140.0,-3.9618320610687023,2.404580152671756,-22.870229007633586,0.7493851196289062,-0.5267243652343749,0.2232593048095703,-234.4676614149648,-254.35088694874318,6.447886862515706
27122925,-1185,-167,-3062,7008,1708,-3839,9886.0,-9.045801526717558,-1.2748091603053435,-23.374045801526716,4.1946413085937495,1.0223241088867188,-2.2978350433349606,-239.08369486048105,-254.58275664098673,6.4438538286909175
27132935,-2076,1804,-2245,1568,-100,949,10010.0,-15.84732824427481,13.770992366412214,-17.137404580152673,0.93852705078125,-0.05985504150390625,0.5680243438720702,-243.66381148923017,-254.80869133027016,6.4408597962978655
27142947,-49,872,-2062,2100,-360,1437,10012.0,-0.37404580152671757,6.656488549618321,-15.740458015267176,1.2569558715820313,-0.2154781494140625,0.8601169464111328,-248.11702190671107,-255.03656999847806,6.438109271442665
27152927,-929,876,-403,1568,1100,2013,9980.0,-7.091603053435114,6.687022900763359,-3.0763358778625953,0.93852705078125,0.6584054565429687,1.2048819854736328,-252.47371750845483,-255.18454829536435,6.437573423386804
27162907,-353,-840,1112,-2304,-392,-1123,9980.0,-2.6946564885496183,-6.412213740458015,8.488549618320612,-1.37906015625,-0.2346317626953125,-0.6721721160888672,-256.962475166254,-255.3769351887001,6.439051991719599
27173020,-621,433,1844,-1184,-736,481,10113.0,-4.740458015267175,3.3053435114503817,14.076335877862595,-0.70868369140625,-0.44053310546874996,0.28790274963378903,-261.57552050865036,-255.62780604222206,6.44153653745652
27182936,-212,-230,3345,-1100,-396,-987,9916.0,-1.618320610687023,-1.7557251908396947,25.53435114503817,-0.6584054565429687,-0.23702596435546874,-0.5907692596435546,-266.15881084240743,-255.9072791046232,6.4459556871409465
27193478,-212,-230,3345,-1100,-396,-987,10542.0,-1.618320610687023,-1.7557251908396947,25.53435114503817,-0.6584054565429687,-0.23702596435546874,-0.5907692596435546,-271.0992022546211,-256.2425651032705,6.450653819046273
