timestamp,encoderR,encoderL,x_odom,y_odom,theta_odom,delta_S,dist_R,dist_L,x_kalman,y_kalman,theta_kalman
23972961,0.01,0.01,0.0,0.0,0.0,0.0,0.0,0.0,0.0,0.0,0.0
23982928,0.0,0.01,-0.0006241424503172876,2.6865779192695345e-09,-8.608861383766478e-06,-0.0006241424503230697,-0.0012482849006461394,0.0,-0.0006241424503230697,2.3150061827919004e-10,-7.581398504429499e-07
23992902,0.0,0.01,-0.0006241424503172876,2.6865779192695345e-09,-8.608861383766478e-06,0.0,0.0,0.0,-0.0006241424503230697,5.808656667375279e-10,-2.569440335381443e-06
24002946,0.0,0.02,-4.6256726747573307e-14,-5.373155838339961e-09,-1.7217722767532955e-05,0.0006241424503230697,0.0,0.0012482849006461394,-4.7667842483044284e-15,-1.7506487978035592e-09,-5.00582191950829e-06
24012902,0.0,0.0,-0.0012482849006461394,5.373155838638623e-09,0.0,-0.0012482849006461394,0.0,-0.0024965698012922788,-0.0012482849006286458,5.721625239020476e-09,-6.7894724241471846e-06
24022930,0.01,0.0,-0.0006241424503288517,8.059733757908157e-09,8.608861383766478e-06,0.0006241424503230697,0.0012482849006461394,0.0,-0.0006241424503196173,1.4435221231399583e-09,-5.901910635693567e-06
24033101,0.0,0.02,-1.156410037173039e-14,5.373155838638622e-09,-1.721772276753296e-05,0.0006241424503230697,-0.0012482849006461394,0.0024965698012922788,1.096823403611833e-14,3.7225471118557845e-10,1.524978576507847e-07
24042927,0.0,0.02,-1.156410037173039e-14,5.373155838638622e-09,-1.721772276753296e-05,0.0,0.0,0.0,4.156110475470069e-14,4.719022605884511e-09,1.3582681592249878e-05
24052962,0.01,0.02,0.0006241424502594668,-2.6865779189708768e-09,-8.608861383766481e-06,0.0006241424503230697,0.0012482849006461394,0.0,0.0006241424501995524,2.963190950153573e-08,3.663252698112856e-05
24063039,0.0,0.03,0.0006241424502594667,-2.6865779189708747e-09,-2.5826584151299435e-05,-1.0842021724855044e-19,-0.0012482849006461394,0.0012482849006461392,0.0006241424500798913,4.792573464688497e-08,7.068618082217492e-05
24072897,0.0,-0.03,-0.0031207122516789514,-2.6865779189708747e-09,2.5826584151299435e-05,-0.003744854701938418,0.0,-0.007489709403876836,-0.0031207122336501586,-3.2550077181874045e-07,0.00011564187544463834
24082919,0.01,-0.02,-0.001872427351449123,2.9552357108779134e-08,2.5826584151299435e-05,0.0012482849006461394,0.0012482849006461394,0.0012482849006461392,-0.001872427339178227,-2.2950155271912843e-07,0.00017044380663207805
24092932,0.0,-0.01,-0.001872427351449123,2.9552357108779134e-08,8.60886138376648e-06,0.0,-0.0012482849006461394,0.0012482849006461394,-0.001872427337344124,-2.703248559162308e-07,0.0002317897026341941
24102916,0.0,-0.01,-0.001872427351449123,2.9552357108779134e-08,8.60886138376648e-06,0.0,0.0,0.0,-0.0018724273359438165,-3.0149277896284824e-07,0.0002938930494908043
24112958,0.0,0.0,-0.0012482849011318353,3.223893502804867e-08,1.6940658945086007e-21,0.0006241424503230697,0.0,0.0012482849006461394,-0.00124828491914178,-1.1307116388538192e-07,0.00034801539355677253
24122976,0.0,0.04,0.0012482848997903897,-1.0746311678272782e-08,-3.443544553506591e-05,0.0024965698012922788,0.0,0.0049931396025845575,0.0012482847056559797,8.219428938735665e-07,0.0003819113213206334
24132949,0.01,0.01,-6.707228088903561e-13,1.0746311674887949e-08,0.0,-0.0012482849006461394,0.0012482849006461394,-0.003744854701938418,-1.0349554556747556e-10,3.440105242156297e-07,0.0003796535447676663
24143006,0.0,0.0,-0.0012482849013168622,1.0746311674887949e-08,0.0,-0.0012482849006461394,-0.0012482849006461394,-0.0012482849006461394,-0.0012482849261653446,-9.80968432143757e-08,0.00032086136508082866
24152902,0.0,0.05,0.0018724273495757252,-5.641813630187272e-08,-4.30443069188324e-05,0.003120712251615349,0.0,0.006241424503230698,0.0018724272475722909,6.354854775461684e-07,0.00018320472831768485
24162973,2.59,1.37,0.24591209447782128,0.00012284645674156115,0.0010502810888195103,0.24403969807632026,0.3233057892673501,0.1647736068852904,0.24591212958715525,-3.377080802673192e-08,-6.150920171900802e-05
24173247,2.94,1.93,0.3027090312912861,0.00017736517408534336,0.0008694949997604144,0.05679696297939934,0.04368997152261489,0.06990395443618379,0.30270910130818296,-7.343402072605905e-05,-0.00044440128625435255
24182948,3.03,2.11,0.31956087163482416,0.00019136493001236857,0.0007920152473065161,0.016851846158722872,0.011234564105815237,0.022469128211630503,0.319560952114838,-0.00016150878996623816,-0.0009805726894687309
24192951,8.38,4.88,0.8263636240516318,0.0011555879098484074,0.0030131014843182693,0.5068036696623327,0.6678324218456848,0.3457749174789806,0.8263641164895797,-0.0010127523894126883,-0.0016964349000822589
24202966,12.53,9.36,1.3649963387092938,0.0027020364537671607,0.002729009058653974,0.5386349346288091,0.5180382337681476,0.5592316354894704,1.3649974079082652,-0.0026276956041015073,-0.002598901706990083
24212936,12.61,15.32,1.7419783713145416,0.002776680334188634,-0.0023330014350007163,0.3769820399951342,0.009986279205169124,0.7439778007850992,1.7419765999213106,-0.0045427937089006195,-0.0036798843400685753
24222919,38.53,23.1,3.8453069014999164,0.014293015166034638,0.01328347311515168,2.1033600575887452,3.235554462474794,0.9711656527026965,3.845314487436934,-0.014838305428661363,-0.004843241477013802
24232909,74.97,30.59,6.586256091516509,0.08487379799847375,0.038206126821155637,2.7418577842692446,4.548750177954531,0.9349653905839583,6.587124321642343,-0.03198451574915053,-0.005944938951354868
24242967,133.84,118.75,15.760016024250199,0.31975913426294345,0.012990771828103622,9.176766447100094,7.348653210103824,11.004879684096366,15.7637021402117,-0.09136170778242683,-0.006607100935083087
24252945,190.31,131.96,20.106867804471666,0.45721646839839436,0.0502327061742774,4.34902459385115,7.049064833948749,1.6489843537535513,20.11261066377585,-0.12361002241623212,-0.007228038474027289
24262969,241.33,145.16,24.106247946862137,0.7236164467504823,0.08279141992768224,4.008242815974754,6.368749563096604,1.6477360688529024,24.120729086775206,-0.1555211079788553,-0.007855594731636648
24272910,282.06,158.64,27.474621062159677,1.0429499857182676,0.10625056719844589,3.3834762232013595,5.084264400331724,1.6826880460709948,27.5040823752674,-0.18460366294253794,-0.008466764859819427
24283003,334.2,180.3,32.048013915508875,1.591485946989948,0.1324903766961661,4.606171283384255,6.508557471968969,2.7037850947995414,32.11006945913452,-0.22592604739093408,-0.008980469689078166
24292915,365.7,202.04,35.33995283321664,2.0442896853465724,0.14089262540672218,3.322934405520022,3.932097437035339,2.713771374004705,35.432855198570174,-0.25743749102125885,-0.009382158630286967
24302947,406.74,223.7,39.20982950539057,2.6261350764658835,0.15757659876846164,3.913373163525648,5.122961232251759,2.7037850947995374,39.3460456425783,-0.2952804785404488,-0.009642367753771804
24313050,441.53,244.18,42.613326450098974,3.188444963099237,0.16989587940863143,3.449635322935605,4.342783169347915,2.5564874765232957,42.795515667605294,-0.329054428074007,-0.009763765773733344
24323015,481.48,268.04,46.53388082851774,3.8890005206478033,0.18374753737511174,3.9826529755115114,4.986898178081333,2.9784077729416905,46.77797879931145,-0.3679405085205906,-0.009763992717400829
24332945,515.85,294.92,50.29012708993145,4.599611692658969,0.19019557455155284,3.8228725082288024,4.290355203520782,3.3553898129368225,50.60067293838454,-0.40487755978093604,-0.009676620027008406
24342914,557.56,322.24,54.51576294643399,5.440319119955888,0.20258372608279274,4.308455334580145,5.206596320595038,3.4103143485652523,54.90893270523174,-0.44594518428878055,-0.009542975332811182
24352943,601.23,351.74,58.98353354968298,6.386441512505893,0.2147824826635899,4.566850309013906,5.4512601611216995,3.6824404569061113,59.47558155909182,-0.48885883753124365,-0.009404553458759773
24362930,649.83,378.19,63.55036640194239,7.428394067736258,0.23385111062863267,4.684189089674639,6.0666646171402405,3.301713562209037,64.15956859738887,-0.5323781985964785,-0.009295228896014772
24372960,691.44,480.96,72.36838548905422,9.28508606868337,0.18119931440551693,9.011368697764482,5.194113471588588,12.828623923940373,73.17055082168264,-0.6158382974377183,-0.00924799608722066
24382897,741.67,509.77,77.21243913603666,10.21880061268372,0.19963949548954463,4.933221927353538,6.270135055945547,3.596308798761528,78.10356134885593,-0.6615079048747148,-0.00925742548774713
24392942,793.89,539.75,82.23101938085603,11.284342348630327,0.21878560320704127,5.130450941655635,6.518543751174143,3.742358132137128,83.23378907303334,-0.7093678072482962,-0.009334157548153308
24402945,840.44,572.21,87.03823419121137,12.383839351025477,0.23091548889676827,4.931349500002581,5.8107662125077875,4.051932787497373,88.16491749052278,-0.756071888838248,-0.009477937205879453
24412911,882.54,602.45,91.42810646942797,13.439616859977631,0.24112559849791523,4.5150464856370816,5.255279431720236,3.774813539553927,92.67975247532408,-0.799792390919909,-0.009680521686237084
24422964,926.85,631.89,95.89086279333338,14.567393679143027,0.25392697537557607,4.6030505711326395,5.531150394763051,3.674950747502227,97.28257647007256,-0.8454909229526429,-0.009925938882686856
24432967,967.77,668.9,100.59677175222778,15.797171615294443,0.25729304017662874,4.863942115367679,5.107981813443997,4.61990241729136,102.1462663404633,-0.8950585319204536,-0.010193961732924108
24442898,1014.9,707.84,105.78708104943108,17.182454866739867,0.26434369764993343,5.371994069930664,5.883166736745254,4.8608214031160735,107.51796741488019,-0.9511956099396237,-0.010465386287625248
24452908,1056.27,737.46,110.05805152774047,18.361728741246097,0.274459109775859,4.430787254843472,5.164154633973079,3.697419875713865,111.94849843074823,-0.9988788915498348,-0.0107431313592337
24462913,1097.53,847.63,119.22766144185726,20.652364115913674,0.21513544598032425,9.451389125242242,5.15042350006597,13.752354750418514,121.39932632052506,-1.1018903693424063,-0.010973746901290198
24472913,1152.32,880.08,124.53573528408828,21.86586365342862,0.2343676423116585,5.4450187366184615,6.839352970640194,4.050684502596728,126.84400378849706,-1.1628671864106557,-0.011209195990126448
24482971,1200.53,917.78,129.74546660034872,23.13465329721361,0.24341555562599715,5.36200779072549,6.017981506015042,4.706034075435937,132.20566136952124,-1.2241631025964386,-0.011455524700882763
24492954,1243.11,952.08,134.39826731185065,24.30775039200015,0.25054369285175565,4.79840715808376,5.315197106951253,4.281617209216267,137.00373989568303,-1.2803363802410426,-0.011716501354265954
24502929,1286.28,982.68,138.8525678794355,25.47341518484694,0.26136503161115027,4.604298856033283,5.388845916089393,3.819751795977175,141.60770782909054,-1.3355564164026705,-0.011995361263912244
24513041,1334.71,1019.15,143.9644576620408,26.8690009353473,0.271661229826135,5.298969403242867,6.045443773829261,4.5524950326564735,146.90627868966024,-1.4005657034034171,-0.01228982281494115
24522958,1377.96,1058.73,148.94243812999807,28.264082339555213,0.27482068195397724,5.169771916025989,5.3988321952945535,4.940711636757425,152.07564064431065,-1.4656963516318218,-0.012610276749349269
24532994,1424.13,1091.33,153.66644214067765,29.625875599323706,0.2865029068517485,4.916370081194819,5.763331386283236,4.069408776106403,156.99159742561986,-1.5294781079258268,-0.012976264266794662
24542915,1462.19,1202.67,162.68969464919394,31.977624808048116,0.22341717063150757,9.324688207826668,4.7509723318592,13.898404083794135,166.315470647468,-1.6527832892980674,-0.013339220297306695
24552919,1521.94,1236.65,168.37965553122652,33.336986884543826,0.24560220641747377,5.850087186878134,7.458502281360683,4.241672092395584,172.1650059702122,-1.7331797443686277,-0.01378404535755154
24562902,1568.47,1277.09,173.64145116902176,34.67059194480801,0.2508450030001877,5.428166890459725,5.808269642706483,5.0480641382129665,177.59261926513645,-1.8107671760526225,-0.014351981547242237
24572910,1621.15,1313.73,179.0321330315576,36.09164583769712,0.26465361665974907,5.57484036628567,6.575964856603871,4.573715875967468,183.16683589946214,-1.8942561322231428,-0.015061825916543259
24582975,1666.73,1343.16,183.54220162418898,37.34764191269025,0.27855692779453184,4.681692519873346,5.689682577145096,3.673702462601596,187.8479353128097,-1.968944177043966,-0.015960576389511927
24592903,1730.62,1384.11,189.81540702061363,39.208934465157164,0.2983056558088922,6.543509449187043,7.9752922302281695,5.111726668145918,194.39052342035006,-2.078946551719746,-0.01699971723352805
24602948,1783.44,1422.04,195.21856923001167,40.90828277220464,0.31112425040932057,5.664092736681872,6.593440845212929,4.734744628150815,200.05368974091107,-2.1816811604228628,-0.018241767583748895
24612897,1858.57,1451.0,201.3626177029423,43.019624338791026,0.35087136341817027,6.496698765412827,9.37836445855443,3.615033072271224,206.5491673643413,-2.307983223873837,-0.0196834691235828
24622931,1928.32,1557.65,211.76049848984837,46.63920646043357,0.3191046649120719,11.009872823698956,8.706787182006822,13.31295846539109,217.55671886038627,-2.5342707511803955,-0.021117723953910286
24632918,1992.37,1586.95,217.26477544604546,48.54957813372909,0.3490204582206604,5.826369773765851,7.995264788638519,3.6574747588931826,223.38159425956638,-2.6666312994882704,-0.022932752783829835
24642925,2070.41,1616.38,223.51864438219326,50.97482274633601,0.3908681334071492,6.707658913622033,9.741615364642469,3.673702462601596,230.08723437522727,-2.831642850921249,-0.025109102058156155
24652990,2142.32,1646.57,229.36596924422855,53.50809672731352,0.42678430310022336,6.372494417798549,8.976416720546426,3.768572115050673,236.4573986044735,-3.004552570445427,-0.0276130787301242
24662912,2241.0,1671.25,236.26970711234452,56.916834220569356,0.4904898773400951,7.699421267185381,12.318075399576081,3.08076713479468,244.15347399344068,-3.232077853670038,-0.030249784299136447
24672901,2344.26,1697.46,243.26763194641916,60.95761744305402,0.556821154302016,8.080772304332799,12.889789884072062,3.271754724593536,252.23007240898653,-3.4922806301259888,-0.03295743862191211
24682940,2447.16,1722.97,249.9267063373579,65.41752249532462,0.6234451325509844,8.014613204598515,12.844851627648728,3.1843747815483012,260.2398050475653,-3.7723846807869434,-0.0357432288523467
24692910,2533.56,1745.79,255.3501625351768,69.54741694815311,0.6781802732289719,6.8168838424285685,10.785181541582656,2.848586143274482,267.0517773662284,-4.031580797460933,-0.03867108093673271
24702918,2642.86,1769.26,261.6067431200134,74.98113094744137,0.7520701304858397,8.286739312939408,13.643753964062325,2.9297246618164925,275.3316950033793,-4.368056989330941,-0.0414758083760698
24712962,2728.59,1787.33,266.20702355144846,79.5428915962701,0.8103176866084038,6.478598634353461,10.701546453239356,2.255650815467566,281.8041199276101,-4.651150147470136,-0.044229580454263846
24722924,2816.89,1803.18,270.53854644297706,84.3899192110516,0.8726888873337916,6.500443620114763,11.022355672705377,1.9785315675241482,288.2976139064684,-4.951904377920904,-0.04679347910871031
24732917,2876.46,1815.1,273.33587141869174,87.86617679699543,0.9137101118274391,4.461994377359627,7.436033153149074,1.487955601570179,292.7542189694974,-5.171419123146346,-0.049183423503789264
24742916,2938.46,1827.94,276.11013199687045,91.62416644741424,0.956031274390035,4.671082098217863,7.739366384006065,1.6027978124296614,297.4192024221342,-5.410215970790899,-0.05121265308749995
24752927,2976.16,1923.36,281.06938272661483,98.29038015897086,0.9063409264829348,8.308584298700683,4.706034075435922,11.911134521965444,305.7164799845009,-5.843541708810131,-0.05255613560192302
24762927,3012.52,1942.97,283.20358956685146,101.0559692058086,0.9207607693007437,3.4933252944582374,4.538763898749379,2.4478866901670955,309.20475362462224,-6.031366283820434,-0.053522705210535135
24772901,3044.46,1969.5,285.4054653542172,103.96622315466544,0.9254181633093614,3.6493609070389903,3.9870219726637766,3.3116998414142045,312.84876812068,-6.22883081216916,-0.054070602607429484
24782948,3083.53,1998.46,287.9446759890334,107.36935028807746,0.9341217221683494,4.246041089547855,4.8770491068244874,3.615033072271224,317.08857890236465,-6.458760771015409,-0.054175833709823415
24792962,3120.11,2023.55,290.21771862751325,110.47559303132,0.9440133038982971,3.8490864911423612,4.566226166563569,3.1319468157211534,320.93208456572586,-6.665976033701221,-0.05389611859509872
24802916,3157.23,2051.19,292.5751131124464,113.75888753810773,0.9521745044901075,4.041946508292199,4.633633551198455,3.4502594653859417,324.96830265223315,-6.8811420030787405,-0.0533176626433417
24812939,3197.89,2081.87,295.14164545100175,117.39740998894166,0.9607661481511065,4.4526322406047605,5.075526406027185,3.8297380751823358,329.41480439870173,-7.114793649350139,-0.05254159463633686
24822910,3234.31,2114.03,297.5873981175241,120.91022254050853,0.9644335231005908,4.280368924315637,4.546253608153249,4.014484240478024,333.68948988651607,-7.335398686743085,-0.05164599447226824
24832970,3284.97,2150.12,300.6450262655726,125.37867022064276,0.9769766341367387,5.414435756552602,6.323811306673325,4.505060206431879,339.0969501668846,-7.61024390547611,-0.05073506156891516
24842936,3328.23,2181.04,303.2151731418118,129.22967195739963,0.9875999690843067,4.6298886964965495,5.400080480195227,3.8596969127978724,343.7211092084811,-7.8406018649401545,-0.04982383959714538
24852981,3378.79,2287.69,308.8148171938349,137.28709994654528,0.9393128655827604,9.812143461528981,6.311328457666874,13.31295846539109,353.52131259062145,-8.324552100897419,-0.049099948887844934
24863097,3425.24,2322.98,311.80677689881867,141.41940343490418,0.9489203548870436,5.101740388940758,5.798283363501295,4.405197414380222,358.6170829568861,-8.571325943387983,-0.048387176450108184
24872936,3475.68,2358.3,314.8966386447331,145.79016651337292,0.9619369532992984,5.35264565397066,6.296349038859134,4.408942269082185,363.96362238183934,-8.826951181307999,-0.04770406466873591
24882917,3525.07,2394.41,317.92363519063514,150.18500990659845,0.9733695212169409,5.336417950262246,6.165279124291323,4.5075567762331685,369.29411173550875,-9.078444267174882,-0.047085582468628547
24892946,3583.6,2429.35,321.1561341046442,155.04143526279404,0.9936778252212457,5.83385948316972,7.306211523481823,4.361507442857618,375.12163085568557,-9.3503692031393,-0.04656256945669855
24902974,3641.03,2463.04,324.2102632310031,159.8389742112189,1.0141152621463074,5.687186007343833,7.1689001844108144,4.20547183027685,380.8027553648304,-9.61288064070798,-0.04613301863846931
24912940,3691.6,2499.47,327.05122747860923,164.46652746718405,1.0262881921429532,5.430039317810678,6.312576742567491,4.547501893053866,386.2270974216274,-9.86156076331087,-0.04578796088770704
24922941,3734.76,2530.76,329.43788739337526,168.4535128097713,1.0365069106054838,4.6467405426553,5.387597631188776,3.905883454121822,390.8690255887726,-10.072987480076808,-0.045519115152417515
24933049,3780.51,2637.3,334.49051907799634,176.50442461285468,0.9841736422535674,9.505065375970027,5.710903420456089,13.299227331483966,400.3642896582414,-10.50452744203767,-0.045365559284226815
24942920,3822.82,2669.49,337.047563591774,180.38807406207678,0.9928858099739394,4.649861254906841,5.281493414633809,4.018229095179873,405.0093854246703,-10.714990509691384,-0.04528213829285615
24952961,3874.03,2703.54,339.92153006895524,184.8666926808126,1.0076586161084826,5.321438531454506,6.392466976208885,4.2504100867001275,410.325369012099,-10.955877509094938,-0.045282814052697455
24962900,3921.68,2739.99,342.70225678236926,189.31865392800626,1.017300540858301,5.249038007216982,5.948077551578809,4.5499984628551555,415.56900675043767,-11.1939195709683,-0.04537252278099116
24972997,3976.32,2773.68,345.5578605050271,194.0345049211215,1.0353361054572918,5.513050263703699,6.820628697130547,4.20547183027685,421.07634384416946,-11.444844538815293,-0.045546555117971815
24982916,4034.94,2806.61,348.41884708426795,198.98069816265283,1.0574522703521876,5.714024132707715,7.317446087587657,4.110602177827773,426.78438568029736,-11.706251565332114,-0.045788319507636364
24992941,4095.9,2845.8,351.4374060428712,204.45432908116183,1.0761937615846473,6.25078663998555,7.609544754338872,4.892028525632227,433.0285504181272,-11.9939061223153,-0.04607628344596017
25002958,4150.69,2881.51,354.07772086450916,209.44774150229412,1.0926194691048734,5.648489175423752,6.839352970640136,4.457625380207368,438.6709680427766,-12.255742869680699,-0.04640079100202287
25012902,4203.28,2908.86,356.32538602153016,213.9021843734187,1.1143482352375003,4.989394747882622,6.564730292498065,3.4140592032671804,443.65491374144034,-12.488874431940987,-0.04675396222254735
25022898,4249.21,3019.32,360.8693316202677,222.54099055957357,1.0587952527280553,9.760963780602506,5.733372548667754,13.788555012537259,453.4051196577178,-12.947026473618315,-0.0470607784871958
25032949,4296.7,3052.4,363.30577464101873,226.94005037070002,1.0712006219820627,5.028715722252954,5.928104993168489,4.129326451337421,458.42819179274807,-13.185210355452345,-0.04738507190273522
25043008,4340.29,3090.63,365.7419124576266,231.42825266895287,1.0758149716837615,5.106733528543367,5.44127388191654,4.772193175170194,463.52911828955314,-13.428683940159011,-0.04772324432552935
25053019,4395.8,3125.36,368.37288425255883,236.4082483215655,1.0937041856392284,5.632261471715395,6.929229483486747,4.335293459944045,469.1548893101788,-13.699003824951136,-0.04805519782076753
25062934,4442.6,3157.6,370.6107001631333,240.80470809448525,1.1062386878139927,4.933221927353541,5.8419733350239555,4.024470519683126,474.0823425527968,-13.937511676197408,-0.0483754879884237
25072928,4493.6,3195.91,373.0808431866731,245.8017352060113,1.1171633329099924,5.574216223835332,6.366252993295311,4.7821794543753535,479.6499688138872,-14.208485279321597,-0.048658093041530286
25082937,4541.03,3233.72,375.3925093114017,250.5934597376709,1.1254450575611752,5.320190246553805,5.920615283764563,4.719765209343047,484.96380875575437,-14.46835194349633,-0.04887716271401252
25092962,4590.83,3263.49,377.4931465566733,255.09362345985056,1.1426886069128597,4.966301477220676,6.216458805217798,3.7161441492235547,489.9241523963986,-14.711542389058119,-0.048989985338920475
25102996,4637.1,3375.81,381.85673931788006,263.9781554429712,1.0858270774730823,9.8982751196736,5.775814235289742,14.02073600405746,499.81056849844117,-15.19592611186292,-0.048937696018891606
25112966,4686.82,3411.63,384.31733613782944,268.7162427724956,1.097793394796517,5.338914520063508,6.206472526012524,4.4713565141144915,505.14316331794873,-15.455627871894547,-0.04865081933084381
25123001,4742.74,3451.8,387.01325665483944,274.07354032509255,1.1113523514759494,5.997384805154386,6.980409164413222,5.0143604458955515,511.1336100740969,-15.74405500293283,-0.048005521343530325
25133008,4801.93,3487.62,389.5893055306359,279.41475782650355,1.1314712605298123,5.929977420519499,7.388598326924563,4.471356514114436,517.057033264876,-16.022879057846605,-0.04687071630300109
25142993,4857.35,3519.04,391.8438121773971,284.34366994998544,1.1521325278508519,5.4200530386055465,6.917994919380914,3.9221111578301793,522.4715520813909,-16.268000372578395,-0.04508261567509289
25152973,4939.69,3555.04,394.71136545827784,291.15040465525254,1.192025991503225,7.386101757123159,10.278377871920217,4.493825642326102,529.8507709084195,-16.587239042139736,-0.04266868608959869
25162945,5024.56,3587.41,397.2628792765598,298.0085964344221,1.2372225137679997,7.317446087587713,10.594193951783886,4.04069822339154,537.16233391601,-16.8814261310765,-0.039520548350317215
25172942,5102.66,3610.37,399.1860960845668,304.0158294095772,1.2846917754380875,6.307583602964911,9.74910507404628,2.866062131883541,543.4658847560494,-17.108546844760973,-0.03534109409985342
25182963,5179.05,3632.18,400.777222649839,309.93477559551394,1.3316789408706853,6.1290788621725625,9.535648356035901,2.722509368309223,549.5921426938268,-17.297466904148806,-0.029961844157104057
25192933,5245.62,3732.65,403.3940290235816,320.0267047386077,1.3024949007797164,10.425675490196554,8.309832583601313,12.541518396791794,560.0142503886033,-17.57303221060495,-0.024255168589102996
25202928,5318.0,3755.34,404.8442988147915,325.78046677506376,1.3452723329956522,5.9337222752214345,9.035086110876772,2.832358439566097,565.9471699184533,-17.679597906887683,-0.0170312770083616
25213035,5376.51,3783.75,405.98882329300875,331.0834083883999,1.3711850057607895,5.425046178208126,7.303714953680588,3.546377402735664,571.3722211943895,-17.729111444498226,-0.008002621075845357
25222909,5447.22,3813.67,407.1259495296188,337.2603580948828,1.406300551345173,6.280745477601058,8.826622532468857,3.7348684227332583,577.6532578490155,-17.72681271588822,0.002298238358805422
25232909,5507.01,3841.16,407.94320711811554,342.646220425812,1.4341071736147388,5.447515306419737,7.463495420963263,3.4315351918762103,583.1007463768067,-17.656381648109665,0.013962167911971088
25242927,5574.39,3871.7,408.6798863792271,348.71326199072627,1.4658222189525347,6.111602873563503,8.4109436605537,3.812262086573305,589.2109698524004,-17.505322427445233,0.026571375559811268
25252986,5652.0,3905.49,409.2778794970429,355.64044574590196,1.503546249536199,6.952946896598974,9.687939113914647,4.2179546792833005,596.1596402758468,-17.247783633344408,0.03965739268988727
25262899,5723.38,3936.77,409.5980499361727,362.0398879243203,1.5380677836851027,6.407446395016653,8.910257620812157,3.9046351692211494,602.5591838726932,-16.91846762757191,0.053635854806337945
25272950,5807.72,3965.71,409.66084736720217,369.1098947164472,1.585760875751169,7.070285677259747,10.52803485204956,3.6125365024699345,609.6150195104816,-16.45816860349184,0.06835091629769273
25282921,5878.86,3988.15,409.45105203921986,374.94685068951173,1.627686030690111,5.840725050123254,8.880298783196563,2.8011513170499436,615.4365681651723,-15.9764794949819,0.08456548649481205
25292974,5958.04,4087.22,408.91359379262605,386.05920014570927,1.6105630053978,11.125339177008719,9.883919843316168,12.366758510701269,626.513745740133,-14.939355633165484,0.09936212837244641
25302990,6035.99,4110.67,408.513716447639,392.37535909147437,1.657481299939327,6.3288044462759325,9.730380800536635,2.9272280920152305,632.8024707081347,-14.22285907567708,0.1162448701778668
25312912,6117.5,4132.89,407.78879279758445,398.80887563352246,1.7085232390836784,6.4742296372012325,10.17477022516671,2.7736890492357538,639.2217973874102,-13.37597240324325,0.135242578796565
25322946,6205.57,4158.54,406.62580561366406,405.8106958755622,1.762259751841149,7.097747945073909,10.993645119990514,3.2018507701573027,646.2400556997719,-12.311201484615262,0.1554539997977443
25332918,6278.95,4182.45,405.34360704470873,411.74606227478625,1.804847789106642,6.072281899193143,9.159914600941384,2.9846491974449014,652.2217944455571,-11.259721926890405,0.17732161402273017
25342935,6363.9,4202.13,403.65122519177567,418.0533596297389,1.8610378273584853,6.530402457730285,10.604180230988932,2.4566246844716386,658.6284580253721,-9.987883751874428,0.20031031483493075
25352934,6439.0,4223.18,401.8004975780124,423.761981573261,1.9075687231377434,6.00112965985635,9.374619603852553,2.6276397158601466,664.484764611634,-8.67026286472365,0.22468841278674018
25362944,6524.98,4244.55,399.4114850076599,430.0217648206147,1.9631905765382582,6.70016920421812,10.732753575755453,2.6675848326807863,670.9865926575997,-7.045634783086287,0.2497114176878111
25372911,6609.32,4264.86,396.7484014251961,435.9858613369802,2.0183131159785157,6.5316507426309025,10.52803485204956,2.5352666332122458,677.2815179436831,-5.296820317611454,0.2755184603526075
25382935,6685.36,4288.63,393.9270273781723,441.539899372669,2.0633116344314626,6.229565796674583,9.49195838451324,2.967173208835928,683.2378018561051,-3.465629396346757,0.30248145711881597
25392990,6771.19,4310.94,390.5741839161893,447.3977038396813,2.1179951219411475,6.749476457793639,10.714029302245805,2.784923613341473,689.6366098815148,-1.3127375128516752,0.3300128918139093
25402926,6840.61,4331.35,387.5566975562263,452.12311840859746,2.1601871515829862,5.606671631252187,8.665593780285509,2.547749482218866,694.8934045610132,0.6433691701820674,0.35916519484093096
25412922,6924.52,4350.89,383.8203601420246,457.38899444263444,2.215602392310292,6.456753648592201,10.47435860132185,2.439148695862552,700.8832600696923,3.0597689851633403,0.3888028090853944
25422922,6991.69,4453.67,377.57559940830066,465.96324640295205,2.184946236922699,10.607300943240503,8.384729677640015,12.829872208840989,710.6339162931787,7.238003348942545,0.4146993518888582
25432918,7068.87,4479.81,373.7446005013385,471.1505773739744,2.228885865425443,6.448639796737995,9.63426286318694,3.263016730289049,716.4756753097054,9.972668039905448,0.44259927354142337
25442932,7148.38,4510.97,369.40718818045576,476.5263391765538,2.270509710215954,6.907384497725417,9.925113245037481,3.889655750413352,722.6508263752448,13.071048369107185,0.47209895228133353
25452901,7212.78,4543.15,365.4616045824319,481.0836153027784,2.29824746159445,6.027967785220147,8.038954760161094,4.0169808102791995,727.9479944225299,15.952123905890817,0.5032332016894832
25462970,7291.91,4572.72,360.84311547867856,486.0533263193576,2.3409129786123963,6.784428435011814,9.877678418812916,3.6911784512107118,733.8109512111417,19.369887061110322,0.5343945872957033
25472967,7357.11,4607.64,356.4344087959229,490.4818965426116,2.366980610882441,6.248914212634567,8.138817552212807,4.359010873056328,739.1046904044367,22.694602973524997,0.5657549904348657
25482946,7430.24,4645.43,351.41351789537254,495.24828073081954,2.397404327012672,6.922988058983494,9.12870747842523,4.717268639541756,744.8589348550682,26.547455018515123,0.5964152293244268
25492931,7493.27,4677.32,347.001936437181,499.2025179629532,2.424212321361722,5.924360138466582,7.867939728772699,3.9807805481604657,749.6704237341255,30.007978513888744,0.6274946813950897
25502957,7555.86,4708.14,342.55676544642387,502.974876832945,2.451562673977947,5.830114628467785,7.813015193144092,3.847214063791479,754.2964879883762,33.560107770461514,0.6588981937837576
25512908,7619.05,4819.32,334.30825791296036,510.0745637423876,2.4102487481972523,10.883171906283362,7.887912287183019,13.878431525383704,762.7945811638352,40.36010487914021,0.6851262297777836
25522914,7685.96,4852.95,329.57826602143365,514.1982041943008,2.4388990388824268,6.275128195548141,8.352274270223301,4.197982120872981,767.5609289298663,44.44373998221384,0.712638801935351
25532908,7744.74,4890.43,324.9581337867528,518.0388271619238,2.457235913629849,6.007995226809882,7.3374186459979756,4.67857180762179,772.0123514610477,48.48092163961127,0.7417142682496765
25542937,7812.43,4921.3,320.1307224217216,521.8516531730037,2.4889337412448778,6.1515479903842,8.449640492473781,3.8534554882946184,776.4468609147658,52.74674147905354,0.7712509425646763
25552917,7874.93,4954.86,315.3224703405298,525.433116644283,2.5138477860894985,5.995512377803376,7.8017806290383716,4.189244126568381,780.6408151828659,57.033902375355254,0.8006876991428954
25562917,7939.26,4991.93,310.156965144388,529.0897984444722,2.5373155422216453,6.328804446275961,8.030216765856606,4.627392126695316,784.9379156855512,61.682804641259956,0.8294060111309558
25572968,8013.84,5026.94,304.4628853822979,532.8796193598397,2.57138080671721,6.839977113090473,9.309708789018899,4.370245437162048,789.4449987638498,66.83003114810798,0.8570045384481667
25582902,8075.2,5058.04,299.56492305506185,535.9312322382049,2.5974312212644866,5.770821095687106,7.6594761503646716,3.8821660410095395,793.1148039027793,71.28611631045976,0.8849218027607616
25592902,8146.27,5166.25,290.08533566900564,541.8764109268152,2.565457910085178,11.189625849392034,8.87156078889219,13.50769090989188,800.0802132594356,80.04397057781885,0.908407910794448
25602932,8211.53,5196.23,285.0519672793288,545.0387350507724,2.595829973047107,5.944332696876902,8.146307261616734,3.7423581321370714,803.6319184047527,84.8120165688552,0.9338391144673224
25612960,8282.94,5231.31,279.3177451501707,548.3994738317954,2.6271059664543297,6.646492953490412,8.914002475514064,4.378983431466762,807.4739293783098,90.2369422509388,0.960667781122501
25622961,8360.79,5263.57,273.2697716818779,551.6632669740997,2.666353765502922,6.872432520507299,9.71789795153024,4.026967089484359,811.2924444451224,95.95243809187377,0.9879243824607689
25632916,8441.18,5289.62,267.29311843426086,554.5639583905398,2.713134318262308,6.643372241238729,10.034962316294243,3.2517821661832156,814.8259390547255,101.57994803944281,1.0155102866366497
25642911,8521.72,5316.98,261.10493259253406,557.2209880020348,2.758916243101178,6.734497038985842,10.053686589803888,3.4153074881677967,818.2488632194801,107.38154760843587,1.0433024727811873
25652936,8589.85,5343.18,255.6044640305925,559.3204933287759,2.795013198883311,5.887535733897625,8.504565028102274,3.270506439692976,821.0849469578336,112.54322833882695,1.0721584217284732
25662938,8660.12,5372.63,249.71434894247193,561.331482976028,2.8301545710518465,6.223948514621667,8.771697996840476,3.6761990324028577,823.9271760998473,118.08258048728253,1.101539266978357
25672944,8734.46,5399.8,243.64529047565233,563.1500658976621,2.8707625701990716,6.335670013229381,9.279749951403192,3.39159007505557,826.6527856722762,123.80431531983913,1.1311044367779322
25682913,8811.55,5421.93,237.64075902486726,564.6652054971809,2.918076872364252,6.192741392105513,9.623028299081106,2.76245448512992,829.1465355500719,129.4751607024793,1.160987054932824
25692981,8880.36,5525.9,227.16246453883377,567.2144330563707,2.887808115738931,10.78393325668204,8.58944840134625,12.97841811201783,833.2868279574342,139.43342501999408,1.186793995523614
25702952,8954.75,5555.47,220.85145609222627,568.7220492433723,2.9263930324609713,6.488584913558635,9.285991375906558,3.6911784512107118,835.5802560596695,145.50467194894787,1.2144743358491648
25712898,9019.08,5585.88,215.0569040559463,569.9002770468989,2.9555942902747074,5.913125574360749,8.030216765856606,3.7960343828648924,837.5038230154746,151.09800825915866,1.2446287770416093
25723001,9098.82,5619.45,208.08210849877054,571.0697415364033,2.9953414032835575,7.072158104610671,9.953823797752289,4.190492411469053,839.6150183884345,157.84942568673588,1.2751041233857856
25732957,9169.33,5651.42,201.7395886656493,571.8967650864595,3.0285199550565935,6.396211830910848,8.801656834455956,3.9907668273657397,841.3222822381372,164.01572445214188,1.3060658911826815
25744105,9243.59,5688.7,194.81073387957866,572.5720634455425,3.0603555244537626,6.961684890903518,9.269763672198259,4.653606109608776,842.980224014282,170.77916554657062,1.3370234290812766
25752918,9313.64,5719.37,188.53735655410077,572.975912028731,3.0942572205830343,6.286362759653917,8.744235729026116,3.8284897902817185,844.275522728077,176.9329491801277,1.3683888191890146
25762920,9376.75,5753.68,182.46067162805795,573.1883097663826,3.119050741368282,6.080395751047407,7.877926007977859,4.282865494116955,845.3348446796113,182.9228404925358,1.4005979095159922
25772898,9481.83,5778.44,174.35739256966306,573.0908122825035,3.1881971160026947,8.103865574994689,13.116977735989625,3.0907534139997543,846.5313021771265,190.9396191384923,1.4311934480530084
25782942,9566.25,5881.51,162.6640519578326,572.6394979009228,3.17214158952197,11.702046801107276,10.538021131254718,12.866072470959836,847.9819719431426,202.55180462289536,1.4577879460751433
25792968,9658.62,5904.69,155.46520725418955,572.2046545814787,3.2317063014362515,7.2119660134830825,11.530407627268492,2.893524399697674,848.6381620011501,209.73493281730626,1.4869321403011866
25802938,9741.33,5926.55,148.98264332312434,571.4472746591017,3.2840912229564694,6.5266576030283225,10.324564413244111,2.7287507928125336,849.0236309586116,216.25173380790895,1.5190763776032379
25812985,9823.67,5949.53,142.50177644615596,570.3477975831183,3.335193424130508,6.5734682868025525,10.27837787192033,2.868558701684774,849.1895853650157,222.82511845199815,1.5529708466851788
25822965,9905.77,5972.15,136.12215742100938,568.9265252190644,3.386398931641151,6.536019739783202,10.24841903430485,2.8236204452615543,849.1236366218058,229.3632856707175,1.587658853609567
25832990,9982.7,5991.48,130.33118560876645,567.3263214460472,3.4359859732116464,6.007995226809883,9.603055740670788,2.4129347129489784,848.8384657913758,235.36757895139277,1.6233630224645406
25842977,10061.52,6013.68,124.34372879852693,565.3503448669135,3.484729346366531,6.305087033163677,9.838981586892833,2.77119247943452,848.3178406788643,241.65430509388634,1.659397163165812
25852925,10144.12,6041.06,117.93628678421541,562.887915656143,3.53226747892769,6.86431866865315,10.310833279337157,3.4178040579691435,847.5163757017335,248.47462319028995,1.6948887034221807
25862920,10211.56,6070.54,112.38127570779191,560.4932267401538,3.564946716740467,6.049188628531083,8.418433369957402,3.6799438871047645,846.5795454275279,254.45416672478802,1.7311283879922867
25873074,10284.94,6103.57,106.37441296943074,557.6600095193321,3.599683472423966,6.641499813887832,9.159914600941498,4.1230850268341666,845.3268935323642,260.979532728197,1.7673755733688126
25882927,10354.25,6132.6,100.91730202759936,554.8506081716785,3.6343599660777763,6.137816856477077,8.651862646378328,3.6237710665758245,843.9392748257054,266.96179642358305,1.804143970386599
25892912,10428.18,6237.3,91.02568861147154,549.7069278865519,3.6078704995999273,11.149056590120999,9.228570270476945,13.069542909765055,841.158361774407,277.75940459919576,1.8354884679776575
25902922,10504.06,6264.35,85.34916567387411,546.6988229630995,3.6499075697368584,6.424298241175318,9.471985826102806,3.37661065624783,839.3049674955085,283.9126286015658,1.8691754014854551
25912944,10582.53,6293.64,79.54437989999721,543.3017217213772,3.692245950022223,6.725759044681469,9.7952916153704,3.656226473992538,837.1517824553908,290.28657381433675,1.904817341475412
25922946,10660.93,6326.45,73.70170948310835,539.554468372381,3.731493749070814,6.941088190042803,9.786553621065687,4.0956227590199195,834.6940068752901,296.7803786274419,1.9409986794665475
25932966,10731.62,6355.55,68.58885560211249,535.9976911486775,3.767298003565899,6.228317511773968,8.824125962667624,3.6325090608803117,832.2619263576436,302.51734218684476,1.977924036769877
25942909,10801.81,6382.12,63.76104770212635,532.3694359348129,3.8048498569218876,6.039202349325922,8.76171171763509,3.3166929810167565,829.6941700403463,307.98702403495906,2.0153130329843023
25952903,10871.79,6414.15,58.80870681505083,528.3680056655365,3.837520485873283,6.366877135745705,8.735497734721857,3.998256536769553,826.7802129736344,313.6514874181411,2.052221330793909
25962979,10941.91,6450.98,53.74760659489243,524.0155803174385,3.8661793854198407,6.675203506205162,8.752973723330602,4.5974332890797225,823.5167954562653,319.4779192960072,2.0880563004194843
25972915,11002.08,6482.68,49.501039343474304,520.1626094334406,3.8906888137794233,5.733996691118092,7.51093024718783,3.957063135048353,820.5209715589482,324.37088856776813,2.1241027596885944
25982932,11069.78,6515.0,44.99476916122242,515.8423672429814,3.92114696535519,6.242672788131371,8.450888777374454,4.034456798888287,817.0827058121033,329.5848814148397,2.1594864104447855
25992981,11127.27,6629.37,37.18347539536089,508.49105765663046,3.872179761804326,10.726512151252255,7.176389893814628,14.276634408689883,810.9651896882978,338.39689218798037,2.188988289516944
26002990,11196.63,6666.77,32.28236908872235,503.97671153675464,3.899693682786842,6.66334479964905,8.65810407088147,4.66858552841663,806.969741265481,343.73130708875294,2.219339691501202
26012902,11256.59,6706.59,27.79746250463004,499.65585772827154,3.9170319296137484,6.227693369323631,7.48471626427437,4.970670474372891,803.0812033048312,348.5978848633399,2.2509888756138956
26022931,11321.76,6740.83,23.424890558869436,495.2538494407442,3.9436591378737385,6.2046000986616265,8.1350726975109,4.274127499812353,799.0531998820383,353.3196276353561,2.2829014986503786
26032904,11379.71,6781.56,19.175918882202673,490.79515175214794,3.958483597176583,6.159037699788014,7.233810999244242,5.084264400331785,794.9063505874714,357.87615641190916,2.3142501870473806
26043070,11442.98,6825.5,14.636440834260508,485.87901600450454,3.9751245262314043,6.691431209913633,7.8978985663881796,5.484963853439087,790.2586933690259,362.6926523164559,2.3440806486703223
26052919,11494.78,6858.83,11.095862218427438,481.9172332976974,3.991025093207222,5.313324679600356,6.466115785347139,4.160533573853574,786.4413266537688,366.3916657768408,2.37388994871229
26062952,11559.07,6973.19,3.553366239633222,473.70504399058797,3.9479205242587025,11.150304875021561,8.025223626253913,14.275386123789211,778.3074431436114,374.0191219175458,2.3979695905752036
26072902,11620.09,7008.95,-0.5799033756081551,469.3001460176206,3.9696665081140967,6.04045063422671,7.617034463742797,4.463866804710622,773.773254034734,378.01170675230713,2.422903533209494
26082962,11675.45,7050.08,-4.625545010708846,464.8390374846055,3.981916917863197,6.022350503167344,6.910505209977101,5.134195796357585,769.1565625861047,381.88051989075615,2.4486833847628704
26092952,11736.67,7086.1,-8.625745057137316,460.27470652578677,4.003611248550287,6.069161186941516,7.642000161755584,4.496322212127448,764.4046391066889,385.6578529790412,2.4743313483860105
26102916,11790.3,7119.55,-12.12746898813324,456.1180844207325,4.0209839308227275,5.435032457413229,6.694551922165145,4.1755129926613135,760.058012375099,388.9231369953881,2.4997392924968107
26112915,11846.25,7161.71,-16.003842633484318,451.3777775651767,4.032855550670942,6.123461580119674,6.984154019115241,5.262769141124106,755.0780457229753,392.4885927612763,2.5238739531832755
26122962,11892.01,7203.2,-19.418257403104917,447.135514236793,4.036531534481811,5.445642879068783,5.712151705356762,5.179134052780805,750.5705278169027,395.546750867329,2.5472350222903706
26132918,11953.52,7236.46,-23.062094884808406,442.47615271753017,4.060851567890952,5.914998001711759,7.678200423874432,4.151795579549087,745.6055926521649,398.7639746571226,2.569413077073471
26142897,12005.66,7354.38,-29.734986832619022,434.22187844543515,4.004222477708535,10.614166510194092,6.508557471968898,14.719775548419285,736.6184905380314,404.4117929641764,2.587209474903089
26152898,12061.03,7394.53,-33.5830492947127,429.6682449412803,4.017325164734629,5.961808685485989,6.911753494877774,5.011863876094204,731.4996409832944,407.4690765893302,2.605379888700495
26163005,12115.42,7434.77,-37.337923456848074,425.10920696144,4.0295067035926575,5.906260007407216,6.78942157461428,5.023098440200152,726.3756049202707,410.4075305665138,2.623983514906168
26172944,12173.87,7472.88,-41.099895617730915,420.4008194034458,4.04701712764724,6.026719500319587,7.296225244276776,4.757213756362397,721.0928758443645,413.3094308399457,2.6423057804541643
26182914,12221.78,7511.57,-44.41982555419666,416.1355074509162,4.054954497843073,5.40507361979775,5.980532958995636,4.829614280599864,716.305357492422,415.81980835795247,2.6602906747702
26192916,12280.03,7553.3,-48.1979025383526,411.1690264494823,4.069176336849055,6.240176218330079,7.271259546263761,5.2090928903963984,710.73320108901,418.6301845616122,2.677144165554605
26202936,12328.64,7584.86,-51.1695325542919,407.14324337615983,4.0838544455083765,5.003750024239941,6.067912902040729,3.9395871464391528,706.2235164375701,420.7998018627867,2.693592460111807
26212940,12383.38,7698.56,-57.564594782200686,398.79893312044726,4.0330965987896885,10.513055433241817,6.833111546136941,14.192999320346695,696.7108697424603,425.2760376651718,2.706662499735889
26222913,12430.78,7738.32,-60.96831365731105,394.5552818252292,4.039673768886888,5.440025597015923,5.916870429062883,4.963180764968964,691.7487394286646,427.5064475192605,2.719963102991415
26232915,12483.11,7775.85,-64.43504843301518,390.1464819372533,4.052414883734862,5.60854405860314,6.532274885081239,4.684813232125043,686.6047499067757,429.74219842000275,2.7334378041835294
26242949,12530.67,7813.54,-67.679332731847,385.92917412887766,4.06091182992064,5.320814389004113,5.936842987472976,4.704785790535249,681.6957402763852,431.7955876761731,2.746749871620777
26252923,12580.25,7854.87,-71.10383247082537,381.4050195983309,4.068014140562247,5.674079015887019,6.188996537403551,5.159161494370485,676.4339337080319,433.9198234667973,2.759376279083845
26262991,12620.74,7896.83,-74.19766361874109,377.2928321299456,4.066748637938833,5.146054502913699,5.054305562716191,5.237803443111206,671.6371648385384,435.7843824286498,2.771421628245773
26272897,12686.84,7934.79,-78.0425458922531,372.05836468192234,4.090973973872752,6.4948263380618885,8.251163193271028,4.738489482852749,665.5610400378782,438.0793126312182,2.78229149462507
26284360,12743.07,8044.53,-84.26572557414117,363.7771399383921,4.044907956608218,10.358892248011946,7.019105996333187,13.698678499690704,655.8436862572082,441.66827306417224,2.7909354776113946
26292907,12791.83,8081.26,-87.54688881165433,359.5694489601623,4.055264416852888,5.3357938078119656,6.086637175550603,4.584950440073329,650.8172799847786,443.4591772274507,2.7998178251135393
26302957,12842.09,8120.24,-90.92773757690621,355.14304412609164,4.064975212493778,5.569847226683061,6.2738799106475245,4.8658145427185975,645.5551723859686,445.28531977822377,2.8088252025869944
26313075,12894.14,8153.2,-94.09293795295173,350.88471213921696,4.081409528875387,5.305834970196372,6.497322907863064,4.11434703252968,640.5266077079364,446.9785327401253,2.8176962649458144
26322927,12937.31,8188.88,-96.98340026181754,346.9016174137499,4.087857566051828,4.921363220797428,5.388845916089393,4.453880525505462,635.8482235093604,448.50634312953963,2.8263045372030207
26332953,12980.39,8225.38,-99.87622308039265,342.8640530177712,4.093522196842347,4.966925619670928,5.3776113519835596,4.556239887358295,631.1139829313281,450.0093388965792,2.834484018175285
26342900,13036.39,8266.72,-103.36934267916295,337.8932751752362,4.106142787630948,6.075402611444769,6.990395443618381,5.160409779271158,625.3110956814716,451.80893675799774,2.841848647811134
26352920,13087.34,8302.32,-106.41790455699203,333.4337498986631,4.11935738985503,5.401952907546237,6.360011568792172,4.443894246300302,620.1396626114017,453.3705601283423,2.8486986385316033
26362938,13135.5,8412.23,-112.14717237254027,325.40194506460017,4.066197670810272,9.865819712256744,6.011740081511789,13.7198993430017,610.6838327844531,456.1851945758509,2.85416967412978
26372907,13188.63,8452.94,-115.64888725064252,320.70706610203956,4.076889876648909,5.8569527538316954,6.632137677132838,5.081767830530552,605.0591471242178,457.81839068940747,2.859563998049317
26382924,13233.07,8498.96,-119.00332076769315,316.16558965902783,4.075529676550275,5.6459926056224345,5.5473780984715075,5.744607112773362,599.6289053957447,459.3644153085443,2.864948218022743
26392908,13282.2,8536.58,-122.20153539863672,311.79666098757355,4.085438476002991,5.414435756552743,6.1328237168746105,4.696047796230876,594.4134252448442,460.81885622403917,2.870204878087684
26402933,13328.13,8580.3,-125.47994290966656,307.2622414917597,4.087341034368802,5.595437067146184,5.733372548667528,5.45750158562484,589.0161651288835,462.29500995710885,2.8751744154439134
26412934,13389.87,8620.92,-129.1709625936105,302.0476327779086,4.105522949611318,6.388722121507092,7.706910976589466,5.070533266424718,582.8464897020627,463.9537309949636,2.879686878489051
26422917,13439.14,8656.19,-132.15395506099782,297.6952528436755,4.117575355548589,5.276500275031172,6.150299705483356,4.402700844578988,577.7443400794216,465.29908169926625,2.88399696958604
26432914,13495.43,8767.28,-138.2103735952329,289.1830593812812,4.070398795165549,10.446896333507604,7.026595705737228,13.867196961277982,567.6364044140691,467.93866415749585,2.887439596085556
26442912,13542.92,8800.98,-141.22054856823868,285.1066005471853,4.082270415013764,5.067412554172922,5.928104993168489,4.206720115177354,562.7273301887407,469.195600715071,2.89100339088438
26452945,13594.11,8840.93,-144.55012927731215,280.49442351253566,4.091946775209117,5.688434292244535,6.3899704064076515,4.986898178081418,557.2122309028435,470.589227168831,2.8946197802805447
26462936,13639.87,8874.41,-147.40422739856785,276.4553494046299,4.102518456988383,4.945704776359991,5.712151705356762,4.17925784736322,552.4124499981979,471.7818584099685,2.8982599026236104
26473001,13688.65,8909.9,-150.39203743671663,272.126736142709,4.113959633767408,5.259648428872422,6.089133745351724,4.430163112393122,547.3036426973622,473.0325727167531,2.901786089485603
26483100,13741.95,8950.62,-153.67155171060278,267.260484142886,4.124789581388186,5.868187317937641,6.653358520444058,5.083016115431224,541.599352834707,474.4098868263105,2.9050630816398963
26492932,13796.32,8988.58,-156.83223561458686,262.4418876628704,4.138916722918947,5.762707243832785,6.786925004812933,4.7384894828526365,535.9933680438666,475.74480006561964,2.9081183782628357
26502970,13850.94,9022.54,-159.7903996363382,257.771204764548,4.156702630537809,5.528653824961861,6.818132127329314,4.239175522594407,530.6113115996391,477.0095962028514,2.911007262769645
26512897,13927.61,9133.19,-166.10255204656528,247.93014706911543,4.127449719555771,11.691436379451725,9.57060033325396,13.812272425649489,519.225882861065,479.6669858852212,2.9131964764762444
26523007,14005.16,9165.45,-169.77470846094738,242.14321489366398,4.166439252762848,6.853708246997597,9.68044940451072,4.026967089484473,512.5474788820577,481.2072109364819,2.915361343394891
26533027,14104.93,9199.77,-173.91700700068287,234.8711013934762,4.2227842505196005,8.36912611638205,12.454138453746586,4.284113779017514,504.389018584325,483.0731734490279,2.9174099838353693
26542990,14204.98,9228.15,-177.46668750356378,227.684043320363,4.284483960057055,8.01586148949909,12.489090430964536,3.5426325480336436,496.57133622206675,484.84458547495376,2.9193393546600417
26552943,14302.56,9249.95,-180.3358652412592,220.80760474672823,4.349721911623236,7.45101257195687,12.18076406050502,2.7212610834087205,489.3013767492203,486.47716320927987,2.921178463100547
26563089,14415.56,9273.21,-183.04370214810842,212.7456418589991,4.426977833681158,8.504565028102048,14.105619377301377,2.9035106789027205,481.0004299929539,488.3270091042283,2.9228628571439783
26572939,14541.43,9297.21,-185.28136663885311,203.6632081489984,4.514676304597588,9.354022902991897,15.712162044433057,2.9958837615507345,471.86727108824584,490.347691946299,2.9243944693388264
26582916,14644.42,9318.91,-186.54215805182693,195.9835821057505,4.584657738786224,7.782432213078388,12.856086191754562,2.7087782344022133,464.26585454647466,492.01644558509304,2.9259231276282898
26593045,14755.88,9340.25,-187.27837328757144,187.7277313495936,4.662240797576727,8.288611740290321,13.91338350260176,2.66383997797888,456.16740306990704,493.78171964842335,2.927459555284588
26602917,14868.29,9358.2,-187.3555738588741,179.5917766299173,4.743560102207786,8.136320982411686,14.031970568163462,2.240671396659911,448.21498934304157,495.5018570346618,2.929054359213337
26612935,14956.68,9371.56,-186.952786044829,173.25391341070136,4.8081523891701865,6.350649432037121,11.033590236811154,1.6677086272630879,442.00526542810474,496.83232585088996,2.9308746261054552
26622974,15068.31,9386.54,-185.8706958429738,165.42608398992115,4.891357034444288,7.902267563540422,13.934604345912755,1.8699307811680894,434.27543168045077,498.4741558311532,2.9328815183373145
26632922,15139.61,9478.48,-184.14614067954236,155.38459657857965,4.873588344548196,10.188501359073777,8.90027134160711,11.476731376540444,424.30527499113657,500.5721682744719,2.9349876890238797
26642953,15230.09,9490.72,-182.9046385606457,149.094759877262,4.940944076014785,6.411191249718533,11.294481781046217,1.5279007183908473,418.0275790104481,501.87374629875467,2.937648826423771
26652960,15300.77,9501.17,-181.62989642570398,144.19417184519162,4.99279524812921,5.063667699471129,8.82287767776695,1.3044577211753063,413.0656189489641,502.88369512083085,2.941118708271006
26662904,15371.23,9513.07,-180.0832527771756,139.2919286600694,5.043208740392545,5.140437220860726,8.795415409952591,1.4854590317688605,408.02415678524204,503.88782818844896,2.945422532276252
26672943,15437.02,9522.77,-178.4456902457015,134.87400522591625,5.091495843894092,4.711651357488953,8.21246636135106,1.210836353626846,403.3982067291582,504.78284937491014,2.950601516901966
26682970,15498.75,9535.09,-176.64428988609419,130.61774401929665,5.134032227991281,4.621774844642286,7.705662691688564,1.5378869975960077,398.8551284762431,505.6328104328754,2.956627332147143
26693001,15563.53,9547.32,-174.57848288150592,126.27780327790752,5.179271794562975,4.806521009937973,8.086389586385772,1.5266524334901739,394.1246076489161,506.4851331452166,2.9633829428911955
26703068,15609.73,9564.72,-172.74796627944292,122.75551647966182,5.204065315348222,3.969545984054633,5.767076240985029,2.1720157271242373,390.21177339403977,507.15515902552835,2.9710298259295573
26712921,15652.58,9584.24,-170.87580154495575,119.34249614640545,5.22414978895655,3.8927764626650356,5.348900799268753,2.4366521260613188,386.36908869525166,507.77949186551217,2.9795019890754966
26722956,15690.47,9607.48,-168.98641809980393,116.0277750271022,5.236761770883767,3.815382798824875,4.72975148854815,2.901014109101601,382.5971412135974,508.3559283181935,2.9887006473976405
26732916,15735.79,9634.11,-166.7068557503902,112.15866320859242,5.252851732810027,4.490704930074646,5.657227169728494,3.3241826904207965,378.1519268063984,508.9961189087166,2.9982058378181162
26742903,15779.22,9659.07,-164.48153775763936,108.51611749024444,5.2687522997858425,4.268510217759324,5.421301323505992,3.1157191120126555,373.92051683610697,509.5608165876351,3.0080055217082906
26753018,15829.14,9686.98,-161.87721335801626,104.41553821122145,5.287700403691512,4.857700690864447,6.231438224025537,3.483963157703357,369.09948608344314,510.15980783426926,3.0178942303024323
26762919,15880.58,9712.9,-159.20577654375523,100.39353080995573,5.309670217942885,4.828365995699304,6.421177528923805,3.2355544624748025,364.301776722893,510.70659658334046,3.027921604510424
26772915,15929.82,9734.52,-156.67518024383727,96.76639386791032,5.333447893084847,4.422673402989308,6.146554850781563,2.6987919551970534,359.90190377355975,511.15931435720523,3.038361359303015
26782928,15978.55,9837.3,-151.35293947795705,88.94994206617365,5.286916997305589,9.456382264844729,6.082892320848583,12.829872208840875,350.4898970742508,512.0763057052565,3.0473328788284593
26792939,16034.66,9861.24,-148.5799634493345,84.79383558554875,5.314611704377166,4.996260314836241,7.004126577525561,2.9883940521469214,345.51108966605557,512.4971074246035,3.057110803608929
26803125,16088.66,9885.66,-145.75620446373892,80.79599102865353,5.340076716350347,4.894525095433517,6.740738463489153,3.0483117273778815,340.629673756345,512.8595478159331,3.0680022085221412
26812962,16146.93,9915.49,-142.47271966829888,76.38527972978336,5.364560318125779,5.498694987346267,7.27375611606511,3.7236338586274247,335.1416514941214,513.2076139082045,3.0795485813078574
26822910,16195.52,9942.18,-139.5860349885354,72.6780744860464,5.3834137245562275,4.69854436603211,6.06541633223961,3.3316723998246096,330.44842172630206,513.440844139705,3.0919351703454403
26832941,16263.31,9969.29,-135.8224497118528,68.10438014831558,5.418434572665388,5.923111853565908,8.46212334148006,3.384100365651757,324.5292705228512,513.6697391219782,3.1045355620725177
26842914,16323.08,9997.35,-132.20906376831678,63.981996584448574,5.445733272113313,5.481843141187516,7.46099885116203,3.5026874312130034,319.0485769557643,513.8059132998319,3.1176132117456334
26852932,16390.78,10025.2,-128.14181742854117,59.62046020065109,5.480039584727621,5.963681112836886,8.450888777374228,3.4764734482995436,313.08478423736943,513.8779581062583,3.131126649211763
26863005,16453.11,10056.29,-124.0366314155846,55.4798126167924,5.506933667690508,5.830738770918236,7.780559785727606,3.880917756108866,307.2534604809362,513.8651134632787,3.1453280654026132
26872902,16521.84,10084.61,-119.64131538686584,51.31182625086335,5.5417220765423085,6.057302480385347,8.579462122140862,3.5351428386298305,301.1963669797877,513.7642935144113,3.160228759033912
26882903,16576.75,10107.36,-116.02170555655567,48.088053809424274,5.5694081747525015,4.84709026920895,6.854332389447934,2.839848148969967,296.35137565401806,513.5952364032532,3.1766477612626542
26892913,16665.73,10211.27,-106.97227025903221,40.14782347799182,5.556555144706538,12.039083724281657,11.107239045949294,12.970928402614017,284.32320101904804,513.0773263066164,3.1905062350211897
26902945,16744.75,10238.08,-101.93799002447658,35.871609651654005,5.601502009991183,6.605299551769042,9.863947284905848,3.3466518186322363,277.72999810875973,512.669568268708,3.2061414385115663
26912986,16820.99,10262.5,-96.97237470452664,32.022719911234894,5.646113129681862,6.282617904952124,9.516924082526366,3.0483117273778815,271.46627601248946,512.1745948144941,3.2240513514544293
26923059,16899.98,10288.97,-91.59417358039502,28.22793504309904,5.691326869669402,6.5822062811069255,9.860202430203602,3.304210132010249,264.91475547206164,511.53164378582767,3.2436051303026177
26933087,16977.14,10312.21,-86.31392972982356,24.85352086686874,5.737745850250671,6.266390201243597,9.631766293385594,2.901014109101601,258.6919341191709,510.78514081185926,3.2645851463316156
26942992,17061.98,10332.63,-80.60513831217753,21.602218585612285,5.793204135284895,6.569723432100646,10.590449097081866,2.5489977671194257,252.18607724709767,509.8628383740972,3.2865197699732276
26952933,17141.43,10355.47,-74.9004240942252,18.73582703734981,5.841938899578397,6.3843531243547345,9.917623535633668,2.851082713075801,245.88611739324546,508.8198454267367,3.309510940950005
26962984,17229.41,10379.28,-68.51153113564698,15.931437458760936,5.897181963078025,6.977288452161651,10.98241055588468,2.9721663484386216,239.02853371440494,507.5257227812375,3.3330997859443148
26972922,17319.7,10402.31,-61.88481971985922,13.459404990080644,5.95508516474524,7.072782247061007,11.2707643679341,2.874800126187914,232.1105002632087,506.04783325583145,3.3573001818195634
26983049,17396.79,10427.46,-55.79952594105808,11.538642973859316,5.999799590772524,6.381232412103051,9.623028299081106,3.1394365251249954,225.90599808542075,504.5497327876717,3.3829080800571605
26993075,17478.81,10450.36,-49.46766063172246,9.868203552683434,6.05069517927335,6.548502588789766,10.23843275509969,2.858572422479841,219.58097703041724,502.84720101625805,3.409623820049747
27002969,17552.03,10471.36,-43.716198599320045,8.642248373153441,6.095650653419376,5.880670166943808,9.139942042530725,2.6213982913568925,213.94808702775305,501.15120108817825,3.437793272364371
27012901,17628.96,10576.01,-32.6077294762233,6.39661901491044,6.071786889663576,11.333178612966297,9.603055740670788,13.063301485261803,203.1563829677429,497.6879478116669,3.462066285779416
27022909,17714.25,10606.14,-25.530345437267883,5.052698953394811,6.119273369056433,7.203852161628875,10.646621917611032,3.761082405646719,196.36489641098058,495.2822914149962,3.487988636944395
27032920,17784.47,10637.29,-19.27173737364165,4.125394322751467,6.152908190482808,6.326932018925121,8.765456572337337,3.888407465512906,190.46271817181832,492.9991860021952,3.516441502896645
27042904,17859.86,10669.96,-12.569427313632678,3.3723371610044257,6.1896852463142595,6.744483318190946,9.410819865971172,4.0781467704107195,184.24328042457591,490.38610418696663,3.5460513061250283
27053223,17928.53,10702.97,-6.24251695379189,2.876877115448886,6.220384446008769,6.346280434884878,8.571972412736821,4.120588457032934,178.47137863980473,487.743089417166,3.5764338047380275
27063042,17997.68,10734.94,0.06190199262249241,2.581633743551669,6.252392192633613,6.311328457667044,8.631890087968236,3.9907668273658534,172.81499574996994,484.9385534986305,3.607073239288715
27072914,18065.63,10773.45,6.705431615045009,2.4612340243311746,6.277736680547422,6.64462052613946,8.48209589989061,4.80714515238831,166.95045456229158,481.8103311367108,3.637340016019842
27082948,18134.69,10807.05,13.112569391604836,2.5241213615988864,6.308263703014257,6.4074463950163985,8.620655523861949,4.194237266170847,161.39074568028806,478.62096193035615,3.66749151721223
27092918,18194.93,10834.26,18.566481524527745,2.7385482951564852,6.336698772164838,5.458125728075403,7.5196682414925435,3.3965832146582633,156.74736819156158,475.74742572314426,3.698496397096065
27102897,18265.03,10943.78,29.7698426364381,3.148161970981308,6.3027626405900286,11.210846692702916,8.750477153529255,13.671216231876574,147.32210687454008,469.676125132695,3.724243924329953
27112923,18325.2,10975.97,35.531540557985096,3.3304141212231557,6.32685023474181,5.764579671183908,7.510930247188058,4.018229095179759,142.58733497883142,466.38527899632606,3.7519082549162097
27123054,18398.86,11011.3,42.3217613350687,3.73943330252864,6.359848000425787,6.802528566071123,9.194866578159445,4.410190553982802,137.09851452115367,462.36472318507197,3.780537632263434
27132953,18470.6,11043.29,48.76754677673088,4.345650619396038,6.394068224426255,6.474229637201175,8.95519587723515,3.9932633971671994,131.9919930666655,458.38236254502954,3.8095882066365765
27142933,18526.04,11070.24,53.87091412170465,4.977307377729281,6.418594870508609,5.1423096482118495,6.9204914891824885,3.3641278072412097,128.04516800515285,455.0825260735425,3.8399535731268934
27152952,18604.34,11109.52,61.12473942059966,6.089984714505809,6.452186647628064,7.338666930898649,9.774070772059181,4.903263089738117,122.5277837239291,450.2411867457471,3.8687759590046737
27162919,18668.3,11147.68,67.39538410648436,7.231742685179279,6.474397509998181,6.373742702699124,7.9840302245325985,4.76345518086565,117.86829971182955,445.889446291272,3.897268187514018
27173008,18737.88,11176.57,73.40792049787144,8.505269447307212,6.509426966968729,6.14593070833134,8.685566338696056,3.6062950779666245,113.49847058035557,441.56502086827396,3.9260684984163072
27182923,18812.93,11284.94,84.59988600106732,10.91298391501752,6.480742240838017,11.44802082382575,9.368378179349186,13.527663468302315,105.51184907958616,433.36254193091787,3.9503632225427348
27192938,18891.37,11314.73,91.19437152164632,12.377242141214845,6.522624351470041,6.755093739846443,9.791546760668155,3.718640719024732,100.95030416936119,428.37881838232846,3.9764333826164724
27202934,18973.13,11349.18,98.20411871964095,14.240509626729766,6.563352874676641,7.253159415204566,10.20597734768309,4.300341482726042,96.1901964300513,422.90483127533594,4.003973910216644
27212965,19046.26,11381.28,104.48282609560226,16.167813574642032,6.598675032934232,6.567851004749522,9.128707478424891,4.006994531074152,92.0314601905899,417.81949824246345,4.03295731501257
27222912,19131.72,11406.66,111.00167587990289,18.483682999783547,6.650397072127904,6.917994919381027,10.667842760922252,3.168147077839802,87.80799955263133,412.3383114346553,4.0624803829662754
27232936,19206.83,11434.44,116.94713819451259,20.91082423424428,6.691142813057271,6.4218016713741415,9.375867888753225,3.4677354539950573,84.04965993403924,407.1287107650703,4.092836558417777
27242929,19288.91,11464.81,123.32606652118803,23.838000507791698,6.735659235272727,7.0184818538827365,10.245922464503275,3.7910412432621987,80.11009334344628,401.3178576177659,4.12328566727637
27252992,19366.7,11493.58,129.2449603380189,26.87125959194328,6.777859873775951,6.650861950642712,9.710408242126427,3.5913156591589974,76.55391363924103,395.69506120189214,4.154335315139033
27262954,19447.0,11522.26,135.15825228332875,30.232640581597046,6.822298816238952,6.801904423620786,10.023727752188409,3.580081095053164,73.096998876316,389.83461771859976,4.185890106906512
27272917,19538.13,11547.43,141.27917543482835,34.13445284182726,6.879082865926277,7.258776697257368,11.375620299588395,3.141933094926342,69.60146020813748,383.4706441832711,4.217481928919599
27282935,19616.57,11649.96,150.69274607056408,40.37657633540044,6.858344118852783,11.29510592349644,9.791546760668155,12.798665086324723,64.40036709798174,373.4435951519958,4.2454344524713585
27292912,19706.01,11678.7,156.77515287551716,44.549274144090006,6.9105999074522435,7.376115477918056,11.164660151378907,3.5875708044572048,61.22856331755174,366.7828750995694,4.27562629376502
27302940,19783.17,11709.79,162.1650111862065,48.623287514963806,6.9502609318472555,6.75634202474723,9.631766293385594,3.880917756108866,58.52463069835511,360.58937593627957,4.308621428006936
27312919,19877.0,11737.78,168.00273044449276,53.49476115103378,7.006941675197976,7.60330332983573,11.712657222762942,3.4939494369085167,55.70799710738308,353.5251565905148,4.342396537976487
27323043,19968.08,11765.89,173.44150666416385,58.57026343804402,7.061151675331556,7.4391538654007,11.369378875085255,3.5089288557161433,53.19538758008913,346.5210105430269,4.376607706729576
27332941,20052.53,11795.8,178.40699295696882,63.69770023646308,7.108104405318616,7.137693061894435,10.541765985956285,3.733620137832585,51.02420529639126,339.71914009578,4.411533446042605
27342935,20143.0,11825.05,183.3314030206651,69.3177053731878,7.160807854710035,7.472233415267864,11.293233496145769,3.651233334389958,48.99735780269234,332.52471670976007,4.446723309133849
27352923,20231.11,11857.02,187.97968262090853,75.19682630859978,7.2091380025184995,7.49470254347953,10.998638259593207,3.9907668273658534,47.22106715958906,325.2412361675522,4.4821788064855665
27362924,20324.32,11883.8,192.308212628402,81.30830943687089,7.26632666869086,7.489085261426387,11.635263558922558,3.3429069639302162,45.707011028177604,317.90449596460996,4.518012500957608
27372916,20419.18,11904.27,196.10515405075267,87.42368524026868,7.330367988524698,7.198234879576072,11.841230567529351,2.5552391916227926,44.51356469989831,310.8034327420936,4.554604791650917
27382980,20502.4,12003.63,201.8715211060244,97.2526499654646,7.316473286251301,11.3955928579986,10.388226943177317,12.402958772819884,42.934797153365615,299.51707740590575,4.587139781095691
27392976,20603.03,12026.19,205.58404542035882,103.98577520073334,7.383682667074362,7.688810845529814,12.561490955201775,2.816130735857854,42.16575217015974,291.8653564095753,4.621775649568019
27402913,20688.06,12048.07,208.44501548790188,110.0140310124717,7.438047626712851,6.672706936404043,10.614166510194433,2.731247362613653,41.75406620824806,285.20321684276246,4.659465513935297
27413000,20781.65,12073.44,211.24426099179937,116.89093865302999,7.496777279072905,7.424798589043296,11.682698385147237,3.1668987929393553,41.56946897634662,277.7784484454422,4.697945219324526
27422910,20866.78,12096.67,213.43941350016718,123.28799128634817,7.550066131038418,6.763207591700592,10.626649359200258,2.8997658242009274,41.681146104904116,271.01322734097295,4.737141668173516
27432958,20947.81,12121.28,215.25920282931494,129.6253273968006,7.59863732696563,6.593440845213099,10.114852549935977,3.072029140490222,42.054902367232714,264.4271034292806,4.776836558135451
27442933,21031.23,12149.82,216.86399784771544,136.4264569808924,7.64588275823974,6.9878988738169205,10.413192641189879,3.5626051064439634,42.71853707219195,257.46763127245924,4.8160313262909815
27452947,21101.0,12184.97,218.1212928594829,142.8531276126246,7.67568663635034,6.548502588789652,8.709283751808169,4.387721425771135,43.604298659056006,250.9759437736925,4.855189088232838
27462924,21174.37,12229.35,219.33434723815571,150.1016017057802,7.700643725501878,7.349277352554147,9.158666316040598,5.539888389067694,44.85972638948697,243.7318956504929,4.8930682155658625
27472935,21234.04,12267.05,220.20573826670295,156.1160800349903,7.719557393962015,6.077275038795779,7.448516002155749,4.706034075435809,46.147874652786705,237.78936213911578,4.931426287726554
27482963,21309.68,12381.24,221.9882185281622,167.82932664425516,7.686370233327594,11.84809613448283,9.442026988487326,14.254165280478333,48.93119408911243,226.27234546181705,4.9631401855539465
27492980,21379.63,12424.76,223.090199970285,174.82521157572972,7.709123453964889,7.082144383815945,8.731752880019837,5.432535887612053,50.86328928555616,219.45741882814497,4.996232195859158
27502928,21440.09,12463.63,223.92807724559847,180.96793801586404,7.7277099856924405,6.199606959058933,7.54713050930645,4.852083408811417,52.76704550325599,213.55540880115566,5.031411056607559
27512939,21508.82,12502.6,224.68913278112967,187.64673051467122,7.7533299571705285,6.7220141899795065,8.579462122140862,4.864566257818151,55.04876261343244,207.23042116502717,5.066585960619234
27522940,21567.02,12545.16,225.27891164707586,193.90787358562557,7.76679421637474,6.288859329455265,7.265018121760623,5.312700537149906,57.39888793230442,201.39465828313402,5.101221844767592
27532908,21622.58,12586.56,225.76911930591476,199.93967184078406,7.778984364094155,6.051685198332543,6.935470907990115,5.167899488674972,59.85516762136176,195.86112593419315,5.135135947459315
27542978,21692.01,12624.16,226.17833405819377,206.60732288992997,7.80638636987868,6.68019664580763,8.66684206518573,4.6935512264295305,62.75433526491655,189.84044722251426,5.167313299433204
27553314,21754.6,12740.27,226.96547436837517,217.7329380397961,7.760311743752762,11.153425587273302,7.813015193144206,14.493835981402398,67.81259892137305,179.8995151328177,5.193610536313952
27562962,21810.73,12780.29,227.48533267262516,223.71150848246134,7.774180619442011,6.001129659856406,7.006623147326907,4.995636172385904,70.71676148548414,174.64653000452464,5.22121001343453
27572913,21874.71,12823.21,227.95689486543253,230.36690613456935,7.792310881516224,6.672082793953479,7.986526794333945,5.357638793573012,74.09274107428104,168.89034966959247,5.249303857746095
27582976,21927.97,12860.55,228.26672121910744,236.0131425614577,7.806016188839182,5.654730599927148,6.648365380841593,4.6610958190127025,77.10527374336806,164.10309633422608,5.277866518992962
