timestamp,gyroX,gyroY,gyroZ,accelX,accelY,accelZ,dt,gyro_x_dps,gyro_y_dps,gyro_z_dps,accel_x_ms2,accel_y_ms2,accel_z_ms2
23972961,2,-15,-19,-108,-25,100,0.0,0.015267175572519083,-0.11450381679389313,-0.1450381679389313,-0.06464344482421874,-0.014963760375976562,0.05985504150390625
23982928,2,-15,-19,-108,-25,100,9967.0,0.015267175572519083,-0.11450381679389313,-0.1450381679389313,-0.06464344482421874,-0.014963760375976562,0.05985504150390625
23992902,-35,18,-274,-68,-9,-24,9974.0,-0.26717557251908397,0.13740458015267176,-2.0916030534351147,-0.040701428222656245,-0.0053869537353515625,-0.0143652099609375
24002946,-8,-13,-9,-136,-45,-40,10044.0,-0.061068702290076333,-0.09923664122137404,-0.06870229007633588,-0.08140285644531249,-0.02693476867675781,-0.023942016601562498
24012902,-27,11,0,-116,187,-84,9956.0,-0.20610687022900764,0.08396946564885496,0.0,-0.06943184814453125,0.11192892761230468,-0.05027823486328125
24022930,2,6,28,-80,-53,-32,10028.0,0.015267175572519083,0.04580152671755725,0.21374045801526717,-0.047884033203124995,-0.03172317199707031,-0.01915361328125
24033101,-20,-16,27,-292,159,44,10171.0,-0.15267175572519084,-0.12213740458015267,0.20610687022900764,-0.17477672119140625,0.09516951599121093,0.02633621826171875
24042927,11,12,11,-88,19,-268,9826.0,0.08396946564885496,0.0916030534351145,0.08396946564885496,-0.0526724365234375,0.011372457885742187,-0.16041151123046873
24052962,-13,-21,10,-72,-25,88,10035.0,-0.09923664122137404,-0.16030534351145037,0.07633587786259542,-0.0430956298828125,-0.014963760375976562,0.0526724365234375
24063039,-23,-10,36,-128,-29,-8,10077.0,-0.17557251908396945,-0.07633587786259542,0.2748091603053435,-0.076614453125,-0.017357962036132813,-0.0047884033203125
24072897,42,-15,-6,-80,23,-84,9858.0,0.32061068702290074,-0.11450381679389313,-0.04580152671755725,-0.047884033203124995,0.013766659545898436,-0.05027823486328125
24082919,8,49,24,-64,-17,-24,10022.0,0.061068702290076333,0.37404580152671757,0.183206106870229,-0.0383072265625,-0.010175357055664061,-0.0143652099609375
24092932,24,32,-1,-40,103,-56,10013.0,0.183206106870229,0.24427480916030533,-0.007633587786259542,-0.023942016601562498,0.061650692749023434,-0.033518823242187495
24102916,-6,17,34,-96,11,-64,9984.0,-0.04580152671755725,0.1297709923664122,0.2595419847328244,-0.05746083984375,0.006584054565429687,-0.0383072265625
24112958,24,32,37,-176,179,8,10042.0,0.183206106870229,0.24427480916030533,0.2824427480916031,-0.105344873046875,0.10714052429199218,0.0047884033203125
24122976,10,-24,10,-148,-237,52,10018.0,0.07633587786259542,-0.183206106870229,0.07633587786259542,-0.08858546142578125,-0.14185644836425781,0.031124621582031248
24132949,30,6,-21,-156,-65,40,9973.0,0.22900763358778625,0.04580152671755725,-0.16030534351145037,-0.09337386474609374,-0.03890577697753906,0.023942016601562498
24143006,-8,-5,13,-116,-29,-108,10057.0,-0.061068702290076333,-0.03816793893129771,0.09923664122137404,-0.06943184814453125,-0.017357962036132813,-0.06464344482421874
24152902,-8,-7,21,-36,-5,-4,9896.0,-0.061068702290076333,-0.05343511450381679,0.16030534351145037,-0.02154781494140625,-0.002992752075195312,-0.00239420166015625
24162973,-21,-26,-376,-108,15,-656,10071.0,-0.16030534351145037,-0.1984732824427481,-2.8702290076335877,-0.06464344482421874,0.008978256225585938,-0.39264907226562495
24173247,969,918,158,-5420,259,-1076,10274.0,7.396946564885496,7.00763358778626,1.2061068702290076,-3.2441432495117186,0.15502455749511718,-0.6440402465820312
24182948,-491,-468,-259,20,-341,564,9701.0,-3.7480916030534353,-3.572519083969466,-1.9770992366412214,0.011971008300781249,-0.2041056915283203,0.33758243408203126
24192951,-34,-333,-227,1740,-477,-4020,10003.0,-0.2595419847328244,-2.5419847328244276,-1.7328244274809161,1.0414777221679687,-0.2855085479736328,-2.4061726684570313
24202966,1004,2263,415,-14564,1615,-1036,10015.0,7.66412213740458,17.27480916030534,3.16793893129771,-8.717288244628906,0.9666589202880859,-0.6200982299804687
24212936,-1771,-858,-7052,-5704,687,-4296,9970.0,-13.51908396946565,-6.549618320610687,-53.83206106870229,-3.414131567382812,0.4112041351318359,-2.5713725830078125
24222919,-127,-2021,-5898,2664,1363,6888,9983.0,-0.9694656488549618,-15.427480916030534,-45.02290076335878,1.5945383056640625,0.8158242156982422,4.122815258789062
24232909,-127,-2021,-5898,2664,1363,6888,9990.0,-0.9694656488549618,-15.427480916030534,-45.02290076335878,1.5945383056640625,0.8158242156982422,4.122815258789062
24242967,3102,307,464,-8472,-4393,-4632,10058.0,23.6793893129771,2.3435114503816794,3.5419847328244276,-5.070919116210937,-2.6294319732666014,-2.7724855224609373
24252945,495,1015,-1508,-2708,287,6184,9978.0,3.7786259541984735,7.748091603053435,-11.511450381679388,-1.6208745239257811,0.17178396911621094,3.7014357666015623
24262969,-714,-4345,-3808,980,2787,6876,10024.0,-5.450381679389313,-33.16793893129771,-29.068702290076335,0.5865794067382812,1.668160006713867,4.115632653808594
24272910,4857,767,6052,8560,2731,2956,9941.0,37.0763358778626,5.854961832061068,46.19847328244275,5.123591552734375,1.6346411834716796,1.7693150268554687
24283003,2078,25,5058,-1240,-3741,-2508,10093.0,15.86259541984733,0.19083969465648856,38.61068702290076,-0.7422025146484375,-2.2391771026611327,-1.5011644409179687
24292915,244,-977,126,-4540,-1977,2404,9912.0,1.8625954198473282,-7.458015267175573,0.9618320610687023,-2.7174188842773437,-1.1833341705322264,1.438915197753906
24302947,277,-1963,3590,16,-2113,-104,10032.0,2.114503816793893,-14.98473282442748,27.404580152671755,0.009576806640625,-1.264737026977539,-0.062249243164062495
24313050,-734,2005,5059,-3488,599,-1800,10103.0,-5.603053435114504,15.305343511450381,38.61832061068702,-2.0877438476562498,0.3585316986083984,-1.0773907470703123
24323015,-453,-203,2502,-3924,-1177,-1192,9965.0,-3.4580152671755724,-1.549618320610687,19.099236641221374,-2.3487118286132813,-0.7044938385009765,-0.7134720947265625
24332945,-7,-518,1866,-6704,-3469,-868,9930.0,-0.05343511450381679,-3.954198473282443,14.244274809160306,-4.012681982421875,-2.076371389770508,-0.5195417602539062
24342914,-1243,-1262,1938,1016,619,-1316,9969.0,-9.488549618320612,-9.633587786259541,14.793893129770993,0.6081272216796875,0.3705027069091797,-0.7876923461914062
24352943,-354,187,-1190,-340,-529,-48,10029.0,-2.7022900763358777,1.4274809160305344,-9.083969465648854,-0.20350714111328125,-0.31663316955566406,-0.028730419921875
24362930,-1154,-1552,-3536,-2544,-1465,2424,9987.0,-8.80916030534351,-11.84732824427481,-26.99236641221374,-1.5227122558593749,-0.8768763580322265,1.4508862060546874
24372960,-215,406,-4143,-1832,-1077,-376,10030.0,-1.6412213740458015,3.099236641221374,-31.625954198473284,-1.0965443603515623,-0.6446387969970703,-0.22505495605468748
24382897,1588,883,-4222,-1296,1279,-1272,9937.0,12.122137404580153,6.740458015267175,-32.229007633587784,-0.7757213378906249,0.7655459808349608,-0.7613561279296874
24392942,-1111,-729,-2765,-208,3607,3220,10045.0,-8.48091603053435,-5.564885496183206,-21.106870229007633,-0.12449848632812499,2.1589713470458984,1.927332336425781
24402945,682,506,-375,-5956,-1625,-960,10003.0,5.206106870229007,3.8625954198473282,-2.8625954198473282,-3.564966271972656,-0.9726444244384765,-0.5746083984375
24412911,518,169,80,-4408,927,-788,9966.0,3.954198473282443,1.2900763358778626,0.6106870229007634,-2.6384102294921874,0.5548562347412109,-0.47165772705078124
24422964,646,-142,1420,-3136,-109,-188,10053.0,4.931297709923665,-1.083969465648855,10.83969465648855,-1.8770541015625,-0.0652419952392578,-0.11252747802734374
24432967,373,273,668,-1324,-65,-2280,10003.0,2.8473282442748094,2.0839694656488548,5.099236641221374,-0.7924807495117187,-0.03890577697753906,-1.3646949462890625
24442898,-154,-425,96,-584,287,-120,9931.0,-1.1755725190839694,-3.2442748091603053,0.732824427480916,-0.3495534423828125,0.17178396911621094,-0.0718260498046875
24452908,-773,-1439,101,-1612,2347,3400,10010.0,-5.900763358778626,-10.98473282442748,0.7709923664122137,-0.9648632690429687,1.4047978240966796,2.0350714111328125
24462913,-1614,-450,-325,5632,371,956,10005.0,-12.320610687022901,-3.435114503816794,-2.480916030534351,3.3710359375,0.22206220397949217,0.5722141967773438
24472913,-330,116,224,-2832,-521,600,10000.0,-2.519083969465649,0.8854961832061069,1.7099236641221374,-1.695094775390625,-0.31184476623535157,0.3591302490234375
24482971,-330,116,224,-2832,-521,600,10058.0,-2.519083969465649,0.8854961832061069,1.7099236641221374,-1.695094775390625,-0.31184476623535157,0.3591302490234375
24492954,-40,61,-668,688,819,-752,9983.0,-0.3053435114503817,0.46564885496183206,-5.099236641221374,0.411802685546875,0.49021278991699213,-0.45010991210937495
24502929,-433,886,-581,1332,-1693,380,9975.0,-3.3053435114503817,6.763358778625954,-4.435114503816794,0.7972691528320313,-1.0133458526611328,0.22744915771484372
24513041,536,965,-537,-1876,-1165,-496,10112.0,4.091603053435114,7.366412213740458,-4.099236641221374,-1.1228805786132812,-0.6973112335205077,-0.296881005859375
24522958,-756,-421,-778,1948,-2577,436,9917.0,-5.770992366412214,-3.213740458015267,-5.938931297709924,1.1659762084960936,-1.542464419555664,0.2609679809570312
24532994,-139,-768,-1224,-3936,-1933,-1244,10036.0,-1.0610687022900764,-5.862595419847328,-9.34351145038168,-2.35589443359375,-1.1569979522705078,-0.7445967163085937
24542915,1258,-561,-1850,60,2683,1208,9921.0,9.603053435114504,-4.282442748091603,-14.122137404580153,0.03591302490234375,1.6059107635498047,0.7230489013671875
24552919,1125,-502,-1570,68,-1321,1220,10004.0,8.587786259541986,-3.83206106870229,-11.98473282442748,0.040701428222656245,-0.7906850982666015,0.7302315063476562
24562902,125,-469,-1549,-3760,995,164,9983.0,0.9541984732824428,-3.5801526717557253,-11.82442748091603,-2.250549560546875,0.5955576629638671,0.09816226806640624
24572910,426,-129,-524,5072,-345,-1796,10008.0,3.2519083969465647,-0.9847328244274809,-4.0,3.0358477050781247,-0.20649989318847656,-1.0749965454101562
24582975,-190,631,-491,956,355,-744,10065.0,-1.450381679389313,4.816793893129771,-3.7480916030534353,0.5722141967773438,0.21248539733886718,-0.44532150878906246
24592903,144,282,-1978,5428,-1077,3376,9928.0,1.099236641221374,2.1526717557251906,-15.099236641221374,3.248931652832031,-0.6446387969970703,2.020706201171875
24602948,-52,1016,-3526,4180,3751,1904,10045.0,-0.3969465648854962,7.755725190839694,-26.916030534351144,2.501940734863281,2.2451626068115234,1.139639990234375
24612897,-65,669,-4888,4040,1247,-3520,9949.0,-0.4961832061068702,5.106870229007634,-37.31297709923664,2.418143676757812,0.7463923675537109,-2.1068974609374997
24622931,-402,987,-4246,268,-657,3644,10034.0,-3.068702290076336,7.534351145038168,-32.412213740458014,0.16041151123046873,-0.39324762268066404,2.1811177124023438
24632918,931,463,-5559,4248,-1201,660,9987.0,7.106870229007634,3.5343511450381677,-42.43511450381679,2.5426421630859375,-0.7188590484619141,0.3950432739257812
24642925,-711,279,-6726,2996,-197,3508,10007.0,-5.427480916030534,2.1297709923664123,-51.343511450381676,1.7932570434570312,-0.11791443176269531,2.099714855957031
24652990,-1679,152,-5929,6524,-1193,-3232,10065.0,-12.816793893129772,1.1603053435114503,-45.25954198473283,3.9049429077148434,-0.7140706451416016,-1.93451494140625
24662912,-2231,-686,-8102,2288,-153,-1652,9922.0,-17.03053435114504,-5.236641221374046,-61.847328244274806,1.369483349609375,-0.09157821350097656,-0.9888052856445312
24672901,-49,439,-8344,1960,1699,-756,9989.0,-0.37404580152671757,3.351145038167939,-63.69465648854962,1.1731588134765625,1.016937155151367,-0.4525041137695312
24682940,921,1007,-8769,1396,-709,3936,10039.0,7.030534351145038,7.687022900763359,-66.93893129770993,0.8355763793945312,-0.42437224426269526,2.35589443359375
24692910,921,1007,-8769,1396,-709,3936,9970.0,7.030534351145038,7.687022900763359,-66.93893129770993,0.8355763793945312,-0.42437224426269526,2.35589443359375
24702918,704,2319,-4631,1840,-1645,296,10008.0,5.374045801526718,17.702290076335878,-35.35114503816794,1.1013327636718748,-0.9846154327392578,0.1771709228515625
24712962,-1869,1818,4825,-13816,-233,1888,10044.0,-14.267175572519085,13.877862595419847,36.83206106870229,-8.269572534179687,-0.13946224670410157,1.13006318359375
24722924,-3090,-2093,4558,3068,6823,-8352,9962.0,-23.587786259541986,-15.977099236641221,34.79389312977099,1.8363526733398436,4.083909481811523,-4.99909306640625
24732917,2741,1656,10086,4596,215,3960,9993.0,20.923664122137403,12.641221374045802,76.99236641221374,2.750937707519531,0.12868833923339842,2.370259643554687
24742916,2741,1656,10086,4596,215,3960,9999.0,20.923664122137403,12.641221374045802,76.99236641221374,2.750937707519531,0.12868833923339842,2.370259643554687
24752927,444,-1147,14360,-8628,975,-6404,10011.0,3.3893129770992365,-8.755725190839694,109.61832061068702,-5.164292980957031,0.5835866546630859,-3.833116857910156
24762927,4486,1648,11600,-11520,-6345,-3784,10000.0,34.2442748091603,12.580152671755725,88.54961832061069,-6.89530078125,-3.797802383422851,-2.2649147705078123
24772901,-1047,-2343,4438,-1992,-4585,-776,9974.0,-7.99236641221374,-17.885496183206108,33.87786259541985,-1.1923124267578125,-2.7443536529541013,-0.4644751220703125
24782948,-411,-998,1162,-5460,199,2380,10047.0,-3.1374045801526718,-7.6183206106870225,8.870229007633588,-3.268085266113281,0.11911153259277343,1.4245499877929686
24792962,-666,-1255,2212,360,303,-2836,10014.0,-5.083969465648855,-9.580152671755725,16.885496183206108,0.2154781494140625,0.18136077575683593,-1.697488977050781
24802916,-570,663,3121,-2368,183,-2060,9954.0,-4.351145038167939,5.061068702290076,23.82442748091603,-1.4173673828125,0.10953472595214843,-1.2330138549804688
24812939,-786,-1548,1925,-2136,-505,-3600,10023.0,-6.0,-11.816793893129772,14.694656488549619,-1.2785036865234374,-0.3022679595947265,-2.1547814941406247
24822910,-1272,-1787,461,-2808,1399,3288,9971.0,-9.709923664122137,-13.641221374045802,3.519083969465649,-1.6807295654296874,0.8373720306396484,1.9680337646484374
24832970,-524,-941,-1248,-4788,-705,-700,10060.0,-4.0,-7.183206106870229,-9.526717557251908,-2.8658593872070313,-0.421978042602539,-0.41898529052734373
24842936,44,761,-1468,-4936,-1809,-816,9966.0,0.33587786259541985,5.809160305343512,-11.206106870229007,-2.9544448486328125,-1.082777700805664,-0.488417138671875
24852981,-197,24,-874,2540,3875,-3744,10045.0,-1.5038167938931297,0.183206106870229,-6.67175572519084,1.5203180541992187,2.319382858276367,-2.24097275390625
24863097,40,-297,-1108,-4052,-1229,-4260,10116.0,0.3053435114503817,-2.267175572519084,-8.458015267175572,-2.4253262817382812,-0.7356184600830078,-2.549824768066406
24872936,288,-222,36,-1956,1331,2284,9839.0,2.198473282442748,-1.6946564885496183,0.2748091603053435,-1.1707646118164061,0.7966706024169922,1.3670891479492187
24882917,2728,1116,-1741,-388,-2625,-2772,9981.0,20.82442748091603,8.51908396946565,-13.290076335877863,-0.23223756103515625,-1.571194839477539,-1.659181750488281
24892946,548,-267,-2426,4156,-1701,-2084,10029.0,4.183206106870229,-2.0381679389312977,-18.519083969465647,2.4875755249023435,-1.0181342559814452,-1.2473790649414063
24902974,-1219,-1017,-1967,2704,3031,5892,10028.0,-9.305343511450381,-7.763358778625954,-15.01526717557252,1.618480322265625,1.8142063079833983,3.526659045410156
24912940,248,555,2914,36,19,3776,9966.0,1.8931297709923665,4.236641221374046,22.244274809160306,0.02154781494140625,0.011372457885742187,2.2601263671875
24922941,479,1276,3892,132,-273,-36,10001.0,3.6564885496183206,9.740458015267176,29.709923664122137,0.07900865478515624,-0.16340426330566404,-0.02154781494140625
24933049,9,-463,-137,3688,-1901,980,10108.0,0.06870229007633588,-3.5343511450381677,-1.0458015267175573,2.2074539306640624,-1.1378443389892579,0.5865794067382812
24942920,-1127,-497,-1573,-696,-509,772,9871.0,-8.603053435114504,-3.7938931297709924,-12.007633587786259,-0.4165910888671875,-0.30466216125488277,0.46208092041015625
24952961,-1039,338,-2407,684,-1157,-3372,10041.0,-7.931297709923665,2.5801526717557253,-18.374045801526716,0.40940848388671874,-0.6925228302001952,-2.0183119995117185
24962900,-1013,323,-3161,48,1879,-128,9939.0,-7.732824427480916,2.4656488549618323,-24.129770992366414,0.028730419921875,1.1246762298583983,-0.076614453125
24972997,-1013,323,-3161,48,1879,-128,10097.0,-7.732824427480916,2.4656488549618323,-24.129770992366414,0.028730419921875,1.1246762298583983,-0.076614453125
24982916,989,-97,-4588,-328,-1245,5332,9919.0,7.549618320610687,-0.7404580152671756,-35.02290076335878,-0.19632453613281248,-0.7451952667236328,3.191470812988281
24992941,1575,1328,-1463,-2684,271,-4872,10025.0,12.022900763358779,10.13740458015267,-11.16793893129771,-1.6065093139648436,0.16220716247558592,-2.916137622070312
25002958,1459,470,-406,-3056,659,1912,10017.0,11.13740458015267,3.5877862595419847,-3.099236641221374,-1.8291700683593748,0.39444472351074217,1.1444283935546875
25012902,1500,118,3322,-4556,495,1896,9944.0,11.450381679389313,0.9007633587786259,25.358778625954198,-2.7269956909179687,0.2962824554443359,1.1348515869140625
25022898,-913,81,3829,-1736,-845,-556,9996.0,-6.969465648854962,0.6183206106870229,29.229007633587788,-1.0390835205078124,-0.5057751007080078,-0.3327940307617187
25032949,-538,235,4080,1252,1027,1044,10051.0,-4.106870229007634,1.7938931297709924,31.14503816793893,0.7493851196289062,0.6147112762451171,0.6248866333007812
25043008,-1472,-1420,1485,2468,-869,-2124,10059.0,-11.236641221374045,-10.83969465648855,11.335877862595419,1.4772224243164063,-0.5201403106689453,-1.2713210815429687
25053019,-772,-1462,-521,-940,2427,2476,10011.0,-5.893129770992366,-11.16030534351145,-3.9770992366412212,-0.5626373901367188,1.4526818572998046,1.4820108276367188
25062934,-1443,352,-1974,2808,-677,-640,9915.0,-11.01526717557252,2.687022900763359,-15.068702290076336,1.6807295654296874,-0.4052186309814453,-0.38307226562499996
25072928,-238,-406,-150,920,1315,160,9994.0,-1.816793893129771,-3.099236641221374,-1.1450381679389312,0.5506663818359374,0.7870937957763672,0.09576806640624999
25082937,23,-567,1192,812,-1517,36,10009.0,0.17557251908396945,-4.32824427480916,9.099236641221374,0.4860229370117187,-0.9080009796142577,0.02154781494140625
25092962,-474,231,441,596,-3941,-1992,10025.0,-3.618320610687023,1.7633587786259541,3.366412213740458,0.35673604736328124,-2.3588871856689453,-1.1923124267578125
25102996,-210,1281,-187,-2588,191,-3588,10034.0,-1.6030534351145038,9.778625954198473,-1.4274809160305344,-1.5490484741210937,0.11432312927246092,-2.147598889160156
25112966,671,160,-218,-1780,-813,-4768,9970.0,5.122137404580153,1.2213740458015268,-1.6641221374045803,-1.0654197387695312,-0.48662148742675776,-2.85388837890625
25123001,823,-764,271,-3980,395,4252,10035.0,6.282442748091603,-5.8320610687022905,2.068702290076336,-2.3822306518554686,0.23642741394042968,2.5450363647460934
25133008,863,392,2528,-3556,1195,2596,10007.0,6.587786259541985,2.9923664122137406,19.297709923664122,-2.128445275878906,0.7152677459716796,1.5538368774414062
25142993,1666,911,8701,-3280,2255,-428,9985.0,12.717557251908397,6.9541984732824424,66.41984732824427,-1.9632453613281249,1.3497311859130858,-0.2561795776367187
25152973,-688,-589,13189,-128,411,-388,9980.0,-5.251908396946565,-4.4961832061068705,100.6793893129771,-0.076614453125,0.24600422058105467,-0.23223756103515625
25162945,1526,-1838,17135,5964,-1561,1372,9972.0,11.648854961832061,-14.030534351145038,130.80152671755727,3.5697546752929687,-0.9343371978759765,0.8212111694335937
25172942,907,-1626,23640,956,339,2512,9997.0,6.923664122137405,-12.412213740458014,180.45801526717557,0.5722141967773438,0.20290859069824219,1.5035586425781249
25182963,539,643,28547,-308,-4501,-3420,10021.0,4.114503816793893,4.908396946564886,217.91603053435114,-0.18435352783203124,-2.69407541809082,-2.0470424194335934
25192933,-1263,37,29424,-340,-5089,-1512,9970.0,-9.641221374045802,0.2824427480916031,224.61068702290078,-0.20350714111328125,-3.0460230621337887,-0.9050082275390624
25202928,-1269,-2515,28324,3416,-7909,-1680,9995.0,-9.687022900763358,-19.198473282442748,216.21374045801528,2.0446482177734375,-4.733935232543945,-1.005564697265625
25213035,-1269,-2515,28324,3416,-7909,-1680,10107.0,-9.687022900763358,-19.198473282442748,216.21374045801528,2.0446482177734375,-4.733935232543945,-1.005564697265625
25222909,-50,284,25577,-3352,-5949,-1804,9874.0,-0.3816793893129771,2.16793893129771,195.24427480916032,-2.0063409912109376,-3.5607764190673827,-1.0797849487304687
25232909,-1148,-1080,19968,2580,187,4068,10000.0,-8.763358778625955,-8.244274809160306,152.42748091603053,1.5442600708007812,0.11192892761230468,2.4349030883789062
25242927,-125,-162,14217,2516,-233,720,10018.0,-0.9541984732824428,-1.2366412213740459,108.52671755725191,1.5059528442382812,-0.13946224670410157,0.430956298828125
25252986,-254,-162,15466,-1128,-2065,-656,10059.0,-1.9389312977099236,-1.2366412213740459,118.06106870229007,-0.6751648681640625,-1.236006607055664,-0.39264907226562495
25262899,475,-388,19332,2652,-2345,-3856,9913.0,3.6259541984732824,-2.9618320610687023,147.57251908396947,1.5873557006835937,-1.4036007232666015,-2.308010400390625
25272950,-707,-229,21900,-3392,-2301,5428,10051.0,-5.396946564885496,-1.748091603053435,167.17557251908397,-2.0302830078125,-1.3772645050048826,3.248931652832031
25282921,1009,1267,27941,-4412,-3073,2720,9971.0,7.702290076335878,9.67175572519084,213.29007633587787,-2.6408044311523438,-1.839345425415039,1.62805712890625
25292974,299,1204,31013,-1280,-5617,-2808,10053.0,2.282442748091603,9.19083969465649,236.74045801526717,-0.7661445312499999,-3.362057681274414,-1.6807295654296874
25302990,-1819,-1865,32748,2804,-1929,-3296,10016.0,-13.885496183206106,-14.236641221374045,249.98473282442748,1.678335363769531,-1.1546037506103515,-1.9728221679687499
25312912,-2411,-871,32748,-4696,-4101,776,9922.0,-18.404580152671755,-6.648854961832061,249.98473282442748,-2.8107927490234372,-2.454655252075195,0.4644751220703125
25322946,-3903,-468,32748,-2840,-5233,-2476,10034.0,-29.793893129770993,-3.572519083969466,249.98473282442748,-1.6998831787109374,-3.132214321899414,-1.4820108276367188
25332918,794,-864,32748,1316,-8001,3872,9972.0,6.061068702290076,-6.595419847328245,249.98473282442748,0.7876923461914062,-4.789001870727539,2.31758720703125
25342935,-572,895,32748,436,-7313,-3252,10017.0,-4.366412213740458,6.8320610687022905,249.98473282442748,0.2609679809570312,-4.377199185180664,-1.946485949707031
25352934,-331,231,32748,-3796,-3921,3564,9999.0,-2.5267175572519083,1.7633587786259541,249.98473282442748,-2.272097375488281,-2.346916177368164,2.133233679199219
25362944,-884,-90,32748,-3964,-6473,-5028,10010.0,-6.748091603053435,-0.6870229007633588,249.98473282442748,-2.3726538452148436,-3.8744168365478515,-3.009511486816406
25372911,-2770,-1131,32748,1288,-6193,628,9967.0,-21.14503816793893,-8.633587786259541,249.98473282442748,0.7709329345703124,-3.706822720336914,0.3758896606445312
25382935,-3584,-3269,32748,4708,-3993,316,10024.0,-27.358778625954198,-24.954198473282442,249.98473282442748,2.817975354003906,-2.3900118072509766,0.18914193115234373
25392990,-829,164,32748,-1276,-6485,1324,10055.0,-6.32824427480916,1.251908396946565,249.98473282442748,-0.7637503295898437,-3.88159944152832,0.7924807495117187
25402926,-77,857,32748,-1252,-7073,2136,9936.0,-0.5877862595419847,6.541984732824427,249.98473282442748,-0.7493851196289062,-4.2335470855712884,1.2785036865234374
25412922,661,-805,32748,488,-5025,-2224,9996.0,5.0458015267175576,-6.145038167938932,249.98473282442748,0.2920926025390625,-3.0077158355712887,-1.3311761230468748
25422922,533,-865,30072,-4272,-5325,788,10000.0,4.068702290076335,-6.603053435114504,229.55725190839695,-2.5570073730468748,-3.1872809600830077,0.47165772705078124
25432918,294,505,29080,-2392,-3125,-6452,9996.0,2.2442748091603053,3.854961832061069,221.98473282442748,-1.4317325927734375,-1.8704700469970703,-3.861847277832031
25442932,294,505,29080,-2392,-3125,-6452,10014.0,2.2442748091603053,3.854961832061069,221.98473282442748,-1.4317325927734375,-1.8704700469970703,-3.861847277832031
25452901,-1343,540,30139,-2892,-3221,-380,9969.0,-10.251908396946565,4.122137404580153,230.06870229007635,-1.7310078002929687,-1.9279308868408203,-0.22744915771484372
25462970,-283,-2368,22877,-864,-2357,2064,10069.0,-2.1603053435114505,-18.076335877862597,174.63358778625954,-0.51714755859375,-1.4107833282470703,1.235408056640625
25472967,821,-624,18521,4400,-3857,-4108,9997.0,6.267175572519084,-4.763358778625954,141.38167938931298,2.6336218261718747,-2.308608950805664,-2.4588451049804685
25482946,1118,50,19710,4872,-3317,1560,9979.0,8.534351145038167,0.3816793893129771,150.45801526717557,2.916137622070312,-1.9853917266845702,0.9337386474609375
25492931,505,1431,21502,888,-2677,-980,9985.0,3.854961832061069,10.923664122137405,164.13740458015266,0.5315127685546874,-1.6023194610595701,-0.5865794067382812
25502957,-772,276,18845,-200,-3413,944,10026.0,-5.893129770992366,2.1068702290076335,143.85496183206106,-0.1197100830078125,-2.04285256652832,0.565031591796875
25512908,-1640,-579,14842,-624,-681,-4020,9951.0,-12.51908396946565,-4.419847328244275,113.29770992366412,-0.373495458984375,-0.40761283264160153,-2.4061726684570313
25522914,-961,-1332,12576,-176,1163,2260,10006.0,-7.33587786259542,-10.16793893129771,96.0,-0.105344873046875,0.6961141326904297,1.3527239379882812
25532908,-2658,-1921,14012,88,-69,800,9994.0,-20.290076335877863,-14.664122137404581,106.9618320610687,0.0526724365234375,-0.04129997863769531,0.47884033203125
25542937,-546,-568,12047,564,-1501,-1044,10029.0,-4.1679389312977095,-4.33587786259542,91.9618320610687,0.33758243408203126,-0.8984241729736328,-0.6248866333007812
25552917,-2869,-1435,12366,-372,-1529,1404,9980.0,-21.900763358778626,-10.954198473282442,94.3969465648855,-0.22266075439453123,-0.9151835845947265,0.8403647827148437
25562917,-2329,2117,15239,-916,-4309,84,10000.0,-17.778625954198475,16.16030534351145,116.32824427480917,-0.5482721801757812,-2.57915373840332,0.05027823486328125
25572968,2744,1119,15554,564,-2221,960,10051.0,20.946564885496183,8.541984732824428,118.73282442748092,0.33758243408203126,-1.3293804718017577,0.5746083984375
25582902,-531,-304,16900,1452,-5329,-2020,9934.0,-4.0534351145038165,-2.3206106870229006,129.00763358778627,0.8690952026367187,-3.189675161743164,-1.209071838378906
25592902,71,621,19845,-1244,-1429,2188,10000.0,0.5419847328244275,4.740458015267175,151.4885496183206,-0.7445967163085937,-0.8553285430908203,1.3096283081054687
25602932,434,1001,20951,-3804,-5141,-7172,10030.0,3.312977099236641,7.641221374045801,159.93129770992365,-2.2768857788085937,-3.07714768371582,-4.292803576660156
25612960,-1821,-1262,21064,1792,199,-4156,10028.0,-13.900763358778626,-9.633587786259541,160.793893129771,1.0726023437499999,0.11911153259277343,-2.4875755249023435
25622961,-802,-700,22716,3660,-5077,1460,10001.0,-6.122137404580153,-5.343511450381679,173.40458015267177,2.1906945190429687,-3.03884045715332,0.8738836059570312
25632916,-802,-468,24682,1752,-2233,-6760,9955.0,-6.122137404580153,-3.572519083969466,188.41221374045801,1.0486603271484374,-1.3365630767822265,-4.046200805664062
25642911,-1812,1675,27948,-748,-7661,-140,9995.0,-13.83206106870229,12.786259541984732,213.34351145038167,-0.4477157104492187,-4.585494729614258,-0.08379705810546874
25652936,-1812,1675,27948,-748,-7661,-140,10025.0,-13.83206106870229,12.786259541984732,213.34351145038167,-0.4477157104492187,-4.585494729614258,-0.08379705810546874
25662938,-199,782,31980,1008,-7429,-5292,10002.0,-1.5190839694656488,5.969465648854962,244.12213740458014,0.603338818359375,-4.446631033325195,-3.1675287963867187
25672944,-1202,-124,30161,-384,-6493,-488,10006.0,-9.17557251908397,-0.9465648854961832,230.23664122137404,-0.229843359375,-3.8863878448486324,-0.2920926025390625
25682913,-2015,-1046,29740,-616,-2205,2260,9969.0,-15.381679389312977,-7.984732824427481,227.0229007633588,-0.3687070556640625,-1.3198036651611327,1.3527239379882812
25692981,-544,226,27920,-2552,-5485,2356,10068.0,-4.152671755725191,1.7251908396946565,213.12977099236642,-1.5275006591796874,-3.2830490264892576,1.4101847778320311
25702952,-1885,-1092,23324,356,-3573,1080,9971.0,-14.389312977099237,-8.335877862595419,178.04580152671755,0.21308394775390624,-2.13862063293457,0.6464344482421874
25712898,-350,778,23430,-536,-3873,1944,9946.0,-2.6717557251908395,5.938931297709924,178.85496183206106,-0.32082302246093747,-2.318185757446289,1.1635820068359375
25723001,709,1216,23922,-3024,-5209,1600,10103.0,5.412213740458015,9.282442748091603,182.61068702290078,-1.8100164550781248,-3.1178491119384764,0.9576806640625
25732957,837,760,22208,1216,-6089,-112,9956.0,6.3893129770992365,5.801526717557252,169.5267175572519,0.7278373046875,-3.6445734771728513,-0.06703764648437499
25744105,1563,-529,21472,92,-4301,1432,11148.0,11.931297709923664,-4.038167938931298,163.9083969465649,0.055066638183593745,-2.574365335083008,0.8571241943359375
25752918,1582,-53,24345,-756,-2157,2136,8813.0,12.076335877862595,-0.40458015267175573,185.83969465648855,-0.4525041137695312,-1.2910732452392577,1.2785036865234374
25762920,-1224,-927,28431,-2924,-1821,-3372,10002.0,-9.34351145038168,-7.076335877862595,217.03053435114504,-1.7501614135742187,-1.0899603057861327,-2.0183119995117185
25772898,-3717,-4981,29072,-2388,771,1568,9978.0,-28.374045801526716,-38.02290076335878,221.9236641221374,-1.429338391113281,0.46148236999511716,0.93852705078125
25782942,-4114,-6493,31082,5188,651,1072,10044.0,-31.404580152671755,-49.56488549618321,237.26717557251908,3.105279553222656,0.3896563201904297,0.6416460449218749
25792968,-2896,-1300,32748,1624,-8009,-1764,10026.0,-22.106870229007633,-9.923664122137405,249.98473282442748,0.9720458740234375,-4.7937902740478515,-1.0558429321289062
25802938,-745,3172,32748,-5180,-5173,-2928,9970.0,-5.687022900763359,24.213740458015266,249.98473282442748,-3.1004911499023438,-3.09630129699707,-1.7525556152343749
25812985,-1437,2381,32748,1532,-11885,-2028,10047.0,-10.969465648854962,18.17557251908397,249.98473282442748,0.9169792358398436,-7.113771682739257,-1.2138602416992186
25822965,-1177,-965,32748,1144,-11053,-1196,9980.0,-8.98473282442748,-7.366412213740458,249.98473282442748,0.6847416748046875,-6.6157777374267575,-0.7158662963867187
25832990,-2875,-58,32748,-940,-8249,644,10025.0,-21.946564885496183,-0.44274809160305345,249.98473282442748,-0.5626373901367188,-4.937442373657226,0.3854664672851562
25842977,-1137,1675,32748,-4060,-8441,3032,9987.0,-8.679389312977099,12.786259541984732,249.98473282442748,-2.4301146850585935,-5.052364053344726,1.8148048583984373
25852925,-1137,1675,32748,-4060,-8441,3032,9948.0,-8.679389312977099,12.786259541984732,249.98473282442748,-2.4301146850585935,-5.052364053344726,1.8148048583984373
25862920,-1153,761,32666,-1752,-3993,-1000,9995.0,-8.801526717557252,5.809160305343512,249.3587786259542,-1.0486603271484374,-2.3900118072509766,-0.5985504150390625
25873074,-28,-1583,25910,-3688,-3501,244,10154.0,-0.21374045801526717,-12.083969465648854,197.78625954198472,-2.2074539306640624,-2.095525003051758,0.14604630126953125
25882927,-13,-2123,26947,988,-2241,-1352,9853.0,-0.09923664122137404,-16.206106870229007,205.70229007633588,0.5913678100585937,-1.341351480102539,-0.8092401611328125
25892912,1336,-1100,26942,-880,-3949,-64,9985.0,10.198473282442748,-8.396946564885496,205.66412213740458,-0.5267243652343749,-2.3636755889892576,-0.0383072265625
25902922,-921,1091,27452,-1352,-2721,-6824,10010.0,-7.030534351145038,8.32824427480916,209.55725190839695,-0.8092401611328125,-1.628655679321289,-4.084508032226562
25912944,809,-1407,28312,-1364,-2009,4080,10022.0,6.175572519083969,-10.740458015267176,216.12213740458014,-0.8164227661132812,-1.2024877838134764,2.442085693359375
25922946,525,-207,26822,1508,-3153,380,10002.0,4.00763358778626,-1.5801526717557253,204.74809160305344,0.9026140258789062,-1.887229458618164,0.22744915771484372
25932966,497,1215,27275,4036,-2741,-1116,10020.0,3.7938931297709924,9.274809160305344,208.206106870229,2.4157494750976563,-1.6406266876220703,-0.6679822631835937
25942909,620,531,29031,-228,-7421,-1768,9943.0,4.732824427480916,4.0534351145038165,221.61068702290078,-0.13646949462890623,-4.441842630004882,-1.0582371337890624
25952903,-901,790,25378,-2108,-6521,-884,9994.0,-6.877862595419847,6.030534351145038,193.72519083969465,-1.2617442749023438,-3.9031472564697265,-0.5291185668945312
25962979,-129,-121,21899,716,-4521,4736,10076.0,-0.9847328244274809,-0.9236641221374046,167.1679389312977,0.4285620971679687,-2.7060464263916013,2.834734765625
25972915,-922,-264,17334,-216,-4309,-1956,9936.0,-7.038167938931298,-2.015267175572519,132.3206106870229,-0.1292868896484375,-2.57915373840332,-1.1707646118164061
25982932,-1877,-827,13703,1680,-1481,-3960,10017.0,-14.32824427480916,-6.312977099236641,104.6030534351145,1.005564697265625,-0.8864531646728515,-2.370259643554687
25992981,-816,-2303,9140,-1352,-3077,2704,10049.0,-6.229007633587786,-17.580152671755727,69.77099236641222,-0.8092401611328125,-1.8417396270751951,1.618480322265625
26002990,-975,-316,7220,184,-3877,1476,10009.0,-7.442748091603053,-2.4122137404580153,55.11450381679389,0.11013327636718749,-2.3205799591064453,0.8834604125976562
26012902,1087,1396,7636,2140,-3705,-240,9912.0,8.297709923664122,10.65648854961832,58.29007633587786,1.2808978881835937,-2.2176292877197263,-0.143652099609375
26022931,1155,716,9758,-948,-3917,632,10029.0,8.816793893129772,5.465648854961832,74.4885496183206,-0.5674257934570313,-2.3445219757080076,0.37828386230468747
26032904,292,50,11207,-2788,-2185,4328,9973.0,2.2290076335877864,0.3816793893129771,85.54961832061069,-1.668758557128906,-1.3078326568603516,2.5905261962890624
26043070,-734,1335,10121,228,-825,-3096,10166.0,-5.603053435114504,10.19083969465649,77.25954198473282,0.13646949462890623,-0.49380409240722656,-1.8531120849609375
26052919,-734,1335,10121,228,-825,-3096,9849.0,-5.603053435114504,10.19083969465649,77.25954198473282,0.13646949462890623,-0.49380409240722656,-1.8531120849609375
26062952,-419,300,8336,-1288,1155,-720,10033.0,-3.198473282442748,2.2900763358778624,63.63358778625954,-0.7709329345703124,0.6913257293701172,-0.430956298828125
26072902,-1055,-1253,5095,5000,-717,944,9950.0,-8.053435114503817,-9.564885496183207,38.89312977099237,2.9927520751953125,-0.4291606475830078,0.565031591796875
26082962,-470,485,4891,4156,1083,4,10060.0,-3.5877862595419847,3.7022900763358777,37.33587786259542,2.4875755249023435,0.6482300994873047,0.00239420166015625
26092952,138,244,5854,1620,-4389,-612,9990.0,1.0534351145038168,1.8625954198473282,44.68702290076336,0.9696516723632812,-2.627037771606445,-0.36631285400390623
26102916,-1439,40,5990,-2992,-2145,-2772,9964.0,-10.98473282442748,0.3053435114503817,45.725190839694655,-1.7908628417968748,-1.283890640258789,-1.659181750488281
26112915,-577,898,5184,-2224,-1597,-860,9999.0,-4.404580152671755,6.854961832061068,39.57251908396947,-1.3311761230468748,-0.9558850128173828,-0.5147533569335937
26122962,-676,-229,2324,1200,-353,-436,10047.0,-5.1603053435114505,-1.748091603053435,17.740458015267176,0.718260498046875,-0.21128829650878905,-0.2609679809570312
26132918,-188,-326,-112,-1924,-265,-1332,9956.0,-1.4351145038167938,-2.4885496183206106,-0.8549618320610687,-1.1516109985351561,-0.15861585998535155,-0.7972691528320313
26142897,1037,191,490,1480,-1693,5288,9979.0,7.916030534351145,1.4580152671755726,3.7404580152671754,0.8858546142578124,-1.0133458526611328,3.1651345947265623
26152898,79,797,2611,2460,-881,-4812,10001.0,0.6030534351145038,6.083969465648855,19.931297709923665,1.4724340209960938,-0.527322915649414,-2.8802245971679685
26163005,-427,142,3387,2064,-277,-3536,10107.0,-3.2595419847328246,1.083969465648855,25.85496183206107,1.235408056640625,-0.1657984649658203,-2.1164742675781247
26172944,-132,401,3694,720,-2341,-20,9939.0,-1.0076335877862594,3.0610687022900764,28.198473282442748,0.430956298828125,-1.4012065216064453,-0.011971008300781249
26182914,-257,139,3375,1568,1487,2672,9970.0,-1.9618320610687023,1.0610687022900764,25.763358778625953,0.93852705078125,0.8900444671630859,1.599326708984375
26192916,-994,99,1018,6396,-4033,760,10002.0,-7.587786259541985,0.7557251908396947,7.770992366412214,3.8283284545898435,-2.413953823852539,0.45489831542968745
26202936,-20,-296,518,-588,-429,-1160,10020.0,-0.15267175572519084,-2.2595419847328246,3.954198473282443,-0.35194764404296874,-0.2567781280517578,-0.6943184814453125
26212940,100,-231,-442,976,1839,1928,10004.0,0.7633587786259542,-1.7633587786259541,-3.3740458015267176,0.584185205078125,1.1007342132568358,1.1540052001953125
26222913,-222,373,-138,-2516,-305,5480,9973.0,-1.6946564885496183,2.8473282442748094,-1.0534351145038168,-1.5059528442382812,-0.18255787658691405,3.2800562744140622
26232915,872,437,-486,1508,699,716,10002.0,6.656488549618321,3.33587786259542,-3.7099236641221376,0.9026140258789062,0.41838674011230464,0.4285620971679687
26242949,1069,167,-297,-5084,275,-2644,10034.0,8.16030534351145,1.2748091603053435,-2.267175572519084,-3.0430303100585934,0.16460136413574217,-1.5825672973632812
26252923,634,86,-516,-176,-761,2264,9974.0,4.8396946564885495,0.6564885496183206,-3.9389312977099236,-0.105344873046875,-0.45549686584472654,1.3551181396484375
26262991,-458,-734,-2302,544,-1149,-4184,10068.0,-3.49618320610687,-5.603053435114504,-17.572519083969464,0.32561142578124996,-0.6877344268798827,-2.5043349365234375
26272897,-458,-734,-2302,544,-1149,-4184,9906.0,-3.49618320610687,-5.603053435114504,-17.572519083969464,0.32561142578124996,-0.6877344268798827,-2.5043349365234375
26284360,-268,-570,-1680,2272,6947,-2228,11463.0,-2.045801526717557,-4.351145038167939,-12.82442748091603,1.35990654296875,4.158129733276367,-1.3335703247070312
26292907,-1516,-1041,-1269,3972,-1597,-364,8547.0,-11.572519083969466,-7.9465648854961835,-9.687022900763358,2.3774422485351563,-0.9558850128173828,-0.21787235107421873
26302957,-1348,-1151,725,692,-865,-1780,10050.0,-10.290076335877863,-8.786259541984732,5.534351145038168,0.41419688720703124,-0.517746109008789,-1.0654197387695312
26313075,-257,-2,1179,-3556,159,-4488,10118.0,-1.9618320610687023,-0.015267175572519083,9.0,-2.128445275878906,0.09516951599121093,-2.6862942626953124
26322927,-12,-755,1141,-1128,-61,-2248,9852.0,-0.0916030534351145,-5.763358778625954,8.709923664122137,-0.6751648681640625,-0.03651157531738281,-1.3455413330078123
26332953,205,-1548,-870,1452,1451,7860,10026.0,1.5648854961832062,-11.816793893129772,-6.641221374045801,0.8690952026367187,0.8684966522216796,4.704606262207031
26342900,-601,-627,-1315,-4836,-177,72,9947.0,-4.587786259541985,-4.786259541984733,-10.038167938931299,-2.8945898071289062,-0.10594342346191406,0.0430956298828125
26352920,-507,507,-746,-4336,-197,-1240,10020.0,-3.8702290076335877,3.8702290076335877,-5.694656488549619,-2.5953145996093747,-0.11791443176269531,-0.7422025146484375
26362938,167,-1187,138,-5064,-1385,-3140,10018.0,1.2748091603053435,-9.061068702290076,1.0534351145038168,-3.0310593017578125,-0.8289923248291016,-1.879448303222656
26372907,1075,536,3083,-92,-5105,-4476,9969.0,8.206106870229007,4.091603053435114,23.53435114503817,-0.055066638183593745,-3.0555998687744137,-2.6791116577148437
26382924,132,-1888,-3281,1384,1007,412,10017.0,1.0076335877862594,-14.412213740458014,-25.045801526717558,0.8283937744140625,0.6027402679443359,0.24660277099609373
26392908,-405,-2690,-6688,172,-437,828,9984.0,-3.0916030534351147,-20.53435114503817,-51.05343511450382,0.10295067138671875,-0.2615665313720703,0.4955997436523437
26402933,-629,-86,-4989,484,-261,4688,10025.0,-4.801526717557252,-0.6564885496183206,-38.083969465648856,0.28969840087890625,-0.1562216583251953,2.806004345703125
26412934,-672,167,-2008,236,1247,124,10001.0,-5.129770992366412,1.2748091603053435,-15.32824427480916,0.14125789794921875,0.7463923675537109,0.07422025146484375
26422917,1568,-485,2240,3108,-1761,-1416,9983.0,11.969465648854962,-3.7022900763358777,17.099236641221374,1.8602946899414061,-1.054047280883789,-0.8475473876953125
26432914,294,-57,1986,5420,-2097,-2416,9997.0,2.2442748091603053,-0.4351145038167939,15.16030534351145,3.2441432495117186,-1.2551602203369139,-1.446097802734375
26442912,1245,1304,2591,1824,-2801,6312,9998.0,9.50381679389313,9.954198473282442,19.778625954198475,1.0917559570312498,-1.676539712524414,3.778050219726562
26452945,1359,1533,1214,1056,1031,-756,10033.0,10.374045801526718,11.702290076335878,9.267175572519085,0.63206923828125,0.6171054779052734,-0.4525041137695312
26462936,104,1423,1495,-2612,-761,-3828,9991.0,0.7938931297709924,10.86259541984733,11.412213740458014,-1.5634136840820312,-0.45549686584472654,-2.291250988769531
26473001,427,-503,1323,624,1515,2352,10065.0,3.2595419847328246,-3.8396946564885495,10.099236641221374,0.373495458984375,0.9068038787841797,1.407790576171875
26483100,1485,-1661,705,-1332,515,1484,10099.0,11.335877862595419,-12.679389312977099,5.3816793893129775,-0.7972691528320313,0.3082534637451172,0.8882488159179687
26492932,1485,-1661,705,-1332,515,1484,9832.0,11.335877862595419,-12.679389312977099,5.3816793893129775,-0.7972691528320313,0.3082534637451172,0.8882488159179687
26502970,824,28,-228,-2804,4375,-308,10038.0,6.290076335877862,0.21374045801526717,-1.7404580152671756,-1.678335363769531,2.6186580657958984,-0.18435352783203124
26512897,1061,912,-103,1944,387,-1100,9927.0,8.099236641221374,6.961832061068702,-0.7862595419847328,1.1635820068359375,0.2316390106201172,-0.6584054565429687
26523007,85,220,-1989,4208,1427,-2220,10110.0,0.648854961832061,1.6793893129770991,-15.183206106870228,2.518700146484375,0.8541314422607421,-1.3287819213867187
26533027,-246,463,-1883,3876,579,3060,10020.0,-1.8778625954198473,3.5343511450381677,-14.374045801526718,2.319981408691406,0.34656069030761716,1.8315642700195311
26542990,-276,1773,-680,5468,1931,1876,9963.0,-2.1068702290076335,13.534351145038167,-5.190839694656488,3.2728736694335936,1.1558008514404297,1.1228805786132812
26552943,1732,1018,1772,256,-337,2372,9953.0,13.221374045801527,7.770992366412214,13.526717557251908,0.15322890625,-0.20171148986816406,1.419761584472656
26563089,-403,702,669,6656,403,3912,10146.0,-3.0763358778625953,5.358778625954199,5.106870229007634,3.9839515624999997,0.24121581726074218,2.3415292236328122
26572939,376,190,-1180,9920,-5,-2776,9850.0,2.8702290076335877,1.450381679389313,-9.007633587786259,5.9376201171875,-0.002992752075195312,-1.6615759521484375
26582916,-908,892,131,6864,203,-80,9977.0,-6.931297709923665,6.809160305343512,1.0,4.108450048828125,0.12150573425292968,-0.047884033203124995
26593045,-783,-203,-1292,3160,-1109,1316,10129.0,-5.977099236641221,-1.549618320610687,-9.86259541984733,1.8914193115234375,-0.6637924102783203,0.7876923461914062
26602917,31,44,260,2572,4127,-6108,9872.0,0.2366412213740458,0.33587786259541985,1.984732824427481,1.5394716674804687,2.470217562866211,-3.6559459350585937
26612935,4567,2091,785,-23468,4531,3852,10018.0,34.86259541984733,15.961832061068701,5.99236641221374,-14.046781140136718,2.712031930541992,2.3056161987304686
26622974,10,-1003,-1831,5000,195,1196,10039.0,0.07633587786259542,-7.656488549618321,-13.977099236641221,2.9927520751953125,0.11671733093261719,0.7158662963867187
26632922,-397,3355,5911,-864,7375,-8560,9948.0,-3.030534351145038,25.610687022900763,45.12213740458015,-0.51714755859375,4.414309310913086,-5.123591552734375
26642953,-3876,-2858,9205,8756,9227,-20372,10031.0,-29.587786259541986,-21.81679389312977,70.26717557251908,5.240907434082031,5.52282467956543,-12.19366905517578
26652960,8260,494,11411,11348,1511,-11944,10007.0,63.05343511450382,3.7709923664122136,87.10687022900764,6.792350109863281,0.9044096771240234,-7.149086157226562
26662904,-1839,-935,16910,1300,-481,-21764,9944.0,-14.038167938931299,-7.137404580152672,129.08396946564886,0.7781155395507812,-0.28790274963378903,-13.026851232910156
26672943,11474,334,16207,8260,-2633,-10804,10039.0,87.58778625954199,2.549618320610687,123.7175572519084,4.944026428222656,-1.5759832427978515,-6.4667386840820305
26682970,-5267,2121,21939,-5624,1891,8564,10027.0,-40.20610687022901,16.19083969465649,167.4732824427481,-3.366247534179687,1.1318588348388672,5.125985754394531
26693001,10578,-1861,22630,10188,-14061,15815,10031.0,80.74809160305344,-14.206106870229007,172.74809160305344,6.098031628417968,-8.416217385864257,9.466074813842773
26703068,3063,-1489,21407,-1392,-4585,-172,10067.0,23.38167938931298,-11.366412213740459,163.41221374045801,-0.833182177734375,-2.7443536529541013,-0.10295067138671875
26712921,-407,-2139,11724,-556,-2897,2196,9853.0,-3.1068702290076335,-16.328244274809162,89.49618320610686,-0.3327940307617187,-1.7340005523681639,1.3144167114257812
26722956,-1587,-2774,6107,-1040,411,-2192,10035.0,-12.114503816793894,-21.17557251908397,46.61832061068702,-0.622492431640625,0.24600422058105467,-1.3120225097656248
26732916,-1587,-2774,6107,-1040,411,-2192,9960.0,-12.114503816793894,-21.17557251908397,46.61832061068702,-0.622492431640625,0.24600422058105467,-1.3120225097656248
26742903,426,706,4765,-3060,1935,1236,9987.0,3.2519083969465647,5.3893129770992365,36.37404580152672,-1.8315642700195311,1.1581950531005858,0.7398083129882812
26753018,-457,32,9615,-1460,947,-2820,10115.0,-3.4885496183206106,0.24427480916030533,73.3969465648855,-0.8738836059570312,0.5668272430419922,-1.687912170410156
26762919,-989,-1971,15107,-3928,-105,-940,9901.0,-7.549618320610687,-15.045801526717558,115.3206106870229,-2.3511060302734372,-0.06284779357910156,-0.5626373901367188
26772915,-802,20,12299,-1000,-5305,708,9996.0,-6.122137404580153,0.15267175572519084,93.8854961832061,-0.5985504150390625,-3.1753099517822263,0.42377369384765623
26782928,-1226,-609,11010,-3392,-557,-3236,10013.0,-9.358778625954198,-4.648854961832061,84.04580152671755,-2.0302830078125,-0.3333925811767578,-1.936909143066406
26792939,-186,-100,13716,-5276,-4297,5232,10011.0,-1.4198473282442747,-0.7633587786259542,104.70229007633588,-3.1579519897460937,-2.5719711334228514,3.1316157714843746
26803125,-744,-971,15620,1512,-513,788,10186.0,-5.679389312977099,-7.412213740458015,119.23664122137404,0.9050082275390624,-0.30705636291503907,0.47165772705078124
26812962,-23,196,15844,892,-2933,372,9837.0,-0.17557251908396945,1.4961832061068703,120.94656488549619,0.5339069702148437,-1.7555483673095702,0.22266075439453123
26822910,-1558,-1032,13922,-3392,-1525,5440,9948.0,-11.893129770992367,-7.877862595419847,106.27480916030534,-2.0302830078125,-0.9127893829345702,3.2561142578125
26832941,490,354,12788,372,1007,1320,10031.0,3.7404580152671754,2.7022900763358777,97.61832061068702,0.22266075439453123,0.6027402679443359,0.7900865478515624
26842914,2183,2377,17982,-2896,-2829,3696,9973.0,16.66412213740458,18.14503816793893,137.26717557251908,-1.7334020019531249,-1.6932991241455078,2.212242333984375
26852932,1449,909,21952,-1944,-321,-648,10018.0,11.061068702290076,6.938931297709924,167.57251908396947,-1.1635820068359375,-0.19213468322753904,-0.38786066894531246
26863005,-320,1085,23527,-4184,-3085,-1632,10073.0,-2.4427480916030535,8.282442748091603,179.59541984732823,-2.5043349365234375,-1.8465280303955076,-0.97683427734375
26872902,-320,1085,23527,-4184,-3085,-1632,9897.0,-2.4427480916030535,8.282442748091603,179.59541984732823,-2.5043349365234375,-1.8465280303955076,-0.97683427734375
26882903,601,-749,24093,-2764,-1001,-1832,10001.0,4.587786259541985,-5.717557251908397,183.91603053435114,-1.6543933471679686,-0.5991489654541016,-1.0965443603515623
26892913,-992,-688,25432,-5164,-1441,-2172,10010.0,-7.572519083969466,-5.251908396946565,194.13740458015266,-3.0909143432617188,-0.862511148071289,-1.3000515014648437
26902945,-478,-236,27079,-1488,-3457,1200,10032.0,-3.648854961832061,-1.8015267175572518,206.70992366412213,-0.8906430175781249,-2.0691887847900388,0.718260498046875
26912986,-2449,-375,29972,2172,-585,-4568,10041.0,-18.69465648854962,-2.8625954198473282,228.793893129771,1.3000515014648437,-0.35015199279785153,-2.7341782958984373
26923059,-1190,1415,32748,-4328,-6637,1984,10073.0,-9.083969465648854,10.801526717557252,249.98473282442748,-2.5905261962890624,-3.972579104614258,1.1875240234375
26933087,448,1466,32748,-2236,-3069,4176,10028.0,3.4198473282442747,11.19083969465649,249.98473282442748,-1.3383587280273437,-1.8369512237548826,2.499546533203125
26942992,-1300,-1145,32748,168,-6681,-5528,9905.0,-9.923664122137405,-8.740458015267176,249.98473282442748,0.1005564697265625,-3.9989153228759764,-3.308786694335937
26952933,-72,-351,32748,-3572,-8937,3684,9941.0,-0.549618320610687,-2.6793893129770994,249.98473282442748,-2.138022082519531,-5.349245059204101,2.205059729003906
26962984,-2770,-3084,32748,-2652,-9737,4616,10051.0,-21.14503816793893,-23.541984732824428,249.98473282442748,-1.5873557006835937,-5.828085391235351,2.7629087158203123
26972922,-2770,-3084,32748,-2652,-9737,4616,9938.0,-21.14503816793893,-23.541984732824428,249.98473282442748,-1.5873557006835937,-5.828085391235351,2.7629087158203123
26983049,-2309,1222,32748,-3076,-7549,-1652,10127.0,-17.625954198473284,9.32824427480916,249.98473282442748,-1.8411410766601561,-4.518457083129882,-0.9888052856445312
26993075,-198,309,32748,-380,-10349,-300,10026.0,-1.5114503816793894,2.3587786259541983,249.98473282442748,-0.22744915771484372,-6.194398245239258,-0.17956512451171874
27002969,-1208,-833,32748,-1576,-5829,264,9894.0,-9.221374045801527,-6.358778625954199,249.98473282442748,-0.9433154541015625,-3.488950369262695,0.1580173095703125
27012901,-548,652,32748,-1820,-4301,-1252,9932.0,-4.183206106870229,4.977099236641221,249.98473282442748,-1.0893617553710937,-2.574365335083008,-0.7493851196289062
27022909,-1334,407,31321,-2844,-4677,-4816,10008.0,-10.183206106870228,3.1068702290076335,239.0916030534351,-1.7022773803710936,-2.7994202911376953,-2.882618798828125
27032920,-114,-971,29174,8004,2807,-2456,10011.0,-0.8702290076335878,-7.412213740458015,222.70229007633588,4.790797521972656,1.6801310150146482,-1.4700398193359374
27042904,-438,790,25591,-2000,-3541,5376,9984.0,-3.3435114503816794,6.030534351145038,195.35114503816794,-1.197100830078125,-2.11946701965332,3.21780703125
27053223,-627,1412,22576,-2340,-1001,-1604,10319.0,-4.786259541984733,10.778625954198473,172.33587786259542,-1.4006079711914061,-0.5991489654541016,-0.9600748657226562
27063042,1579,1761,21455,364,-4197,4716,9819.0,12.053435114503817,13.442748091603054,163.77862595419847,0.21787235107421873,-2.512116091918945,2.8227637573242186
27072914,-1440,0,21674,-4624,-4601,-4028,9872.0,-10.992366412213741,0.0,165.45038167938932,-2.767697119140625,-2.7539304595947263,-2.4109610717773435
27082948,-554,-538,19277,4052,-3669,2296,10034.0,-4.229007633587786,-4.106870229007634,147.15267175572518,2.4253262817382812,-2.19608147277832,1.3742717529296875
27092918,-1604,-372,19095,1084,-2821,972,9970.0,-12.244274809160306,-2.8396946564885495,145.76335877862596,0.6488286499023437,-1.6885107208251953,0.5817910034179687
27102897,-1285,-292,17534,1144,-2477,1244,9979.0,-9.80916030534351,-2.2290076335877864,133.84732824427482,0.6847416748046875,-1.4826093780517577,0.7445967163085937
27112923,-1300,-576,16845,2468,-3821,-2376,10026.0,-9.923664122137405,-4.396946564885496,128.58778625954199,1.4772224243164063,-2.2870611358642576,-1.4221557861328125
27123054,-40,343,15102,2512,-3745,-2936,10131.0,-0.3053435114503817,2.618320610687023,115.2824427480916,1.5035586425781249,-2.241571304321289,-1.7573440185546874
27132953,-393,645,17312,-520,-3373,1400,9899.0,-3.0,4.923664122137405,132.15267175572518,-0.3112462158203125,-2.018910549926758,0.8379705810546875
27142933,245,1079,18302,-328,-4829,-1676,9980.0,1.8702290076335877,8.236641221374045,139.70992366412213,-0.19632453613281248,-2.8903999542236325,-1.0031704956054688
27152952,88,1352,18954,-6616,-3953,144,10019.0,0.6717557251908397,10.320610687022901,144.68702290076337,-3.9600095458984375,-2.366069790649414,0.086191259765625
27162919,-49,132,20888,-3820,-3349,-952,9967.0,-0.37404580152671757,1.0076335877862594,159.45038167938932,-2.2864625854492187,-2.00454533996582,-0.5698199951171875
27173008,-49,132,20888,-3820,-3349,-952,10089.0,-0.37404580152671757,1.0076335877862594,159.45038167938932,-2.2864625854492187,-2.00454533996582,-0.5698199951171875
27182923,-675,-856,20988,-1640,-3601,-1176,9915.0,-5.152671755725191,-6.534351145038168,160.21374045801528,-0.9816226806640624,-2.155380044555664,-0.7038952880859375
27192938,678,-315,22919,-800,-2757,2468,10015.0,5.175572519083969,-2.404580152671756,174.95419847328245,-0.47884033203125,-1.6502034942626953,1.4772224243164063
27202934,-599,108,25050,-2688,-3877,272,9996.0,-4.572519083969466,0.8244274809160306,191.22137404580153,-1.608903515625,-2.3205799591064453,0.16280571289062498
27212965,-716,-176,27576,2116,-2913,-956,10031.0,-5.465648854961832,-1.3435114503816794,210.50381679389312,1.2665326782226562,-1.7435773590087889,-0.5722141967773438
27222912,-296,98,30594,-964,-5917,-1184,9947.0,-2.2595419847328246,0.7480916030534351,233.54198473282443,-0.5770026000976562,-3.5416228057861328,-0.70868369140625
27232936,-1182,7,32748,-1072,-345,-3184,10024.0,-9.022900763358779,0.05343511450381679,249.98473282442748,-0.6416460449218749,-0.20649989318847656,-1.905784521484375
27242929,478,-1114,32748,144,-4961,-748,9993.0,3.648854961832061,-8.50381679389313,249.98473282442748,0.086191259765625,-2.969408609008789,-0.4477157104492187
27252992,-2243,225,32748,-4168,-5865,1604,10063.0,-17.12213740458015,1.717557251908397,249.98473282442748,-2.4947581298828125,-3.5104981842041014,0.9600748657226562
27262954,-2016,-1586,32748,-688,-4009,3228,9962.0,-15.389312977099237,-12.106870229007633,249.98473282442748,-0.411802685546875,-2.3995886138916016,1.9321207397460936
27272917,-1905,-1583,32534,3364,-205,6260,9963.0,-14.541984732824428,-12.083969465648854,248.35114503816794,2.013523596191406,-0.1227028350830078,3.746925598144531
27282935,38,1798,32748,372,-5297,4928,10018.0,0.2900763358778626,13.725190839694656,249.98473282442748,0.22266075439453123,-3.170521548461914,2.9496564453125
27292912,443,777,32748,-976,-10597,-1876,9977.0,3.381679389312977,5.931297709923665,249.98473282442748,-0.584185205078125,-6.342838748168945,-1.1228805786132812
27302940,207,926,32748,-892,-7317,1796,10028.0,1.5801526717557253,7.068702290076335,249.98473282442748,-0.5339069702148437,-4.37959338684082,1.0749965454101562
27312919,-536,-644,32748,-2976,-6269,-4640,9979.0,-4.091603053435114,-4.916030534351145,249.98473282442748,-1.7812860351562498,-3.7523125518798826,-2.77727392578125
27323043,-2240,-2798,32748,3500,-2725,220,10124.0,-17.099236641221374,-21.358778625954198,249.98473282442748,2.094926452636719,-1.6310498809814453,0.13168109130859373
27332941,-1637,-1243,32748,-820,-2289,2432,9898.0,-12.49618320610687,-9.488549618320612,249.98473282442748,-0.4908113403320312,-1.370081900024414,1.455674609375
27342935,-543,479,32748,-3432,-6245,1804,9994.0,-4.145038167938932,3.6564885496183206,249.98473282442748,-2.0542250244140625,-3.7379473419189453,1.0797849487304687
27352923,-188,1144,32748,2028,-10997,-836,9988.0,-1.4351145038167938,8.732824427480915,249.98473282442748,1.2138602416992186,-6.58225891418457,-0.5003881469726562
27362924,-219,2041,32748,484,-6113,-720,10001.0,-1.6717557251908397,15.580152671755725,249.98473282442748,0.28969840087890625,-3.658938687133789,-0.430956298828125
27372916,-1579,-2,32748,140,-4601,-3260,9992.0,-12.053435114503817,-0.015267175572519083,249.98473282442748,0.08379705810546874,-2.7539304595947263,-1.9512743530273435
27382980,-1579,-2,32748,140,-4601,-3260,10064.0,-12.053435114503817,-0.015267175572519083,249.98473282442748,0.08379705810546874,-2.7539304595947263,-1.9512743530273435
27392976,-2407,-3012,32748,-48,-7225,2344,9996.0,-18.374045801526716,-22.99236641221374,249.98473282442748,-0.028730419921875,-4.3245267486572265,1.4030021728515625
27402913,-1518,405,32748,-296,-7581,3008,9937.0,-11.587786259541986,3.0916030534351147,249.98473282442748,-0.1771709228515625,-4.537610696411132,1.8004396484374998
27413000,-2806,-943,32748,-1888,-6469,-496,10087.0,-21.419847328244273,-7.198473282442748,249.98473282442748,-1.13006318359375,-3.872022634887695,-0.296881005859375
27422910,260,517,32748,636,-9713,3748,9910.0,1.984732824427481,3.946564885496183,249.98473282442748,0.3806780639648437,-5.813720181274414,2.243366955566406
27432958,-1193,1584,32748,320,-11133,-4808,10048.0,-9.106870229007633,12.091603053435115,249.98473282442748,0.19153613281249998,-6.663661770629883,-2.877830395507812
27442933,-3657,-397,32748,-936,-9725,2500,9975.0,-27.916030534351144,-3.030534351145038,249.98473282442748,-0.5602431884765625,-5.820902786254883,1.4963760375976562
27452947,-554,-743,30921,-1028,-6653,4156,10014.0,-4.229007633587786,-5.67175572519084,236.0381679389313,-0.6153098266601562,-3.9821559112548828,2.4875755249023435
27462924,139,1247,18090,-3812,-3721,-1136,9977.0,1.0610687022900764,9.51908396946565,138.0916030534351,-2.281674182128906,-2.2272060943603513,-0.679953271484375
27472935,1675,662,9956,2532,-2289,1016,10011.0,12.786259541984732,5.0534351145038165,76.0,1.5155296508789062,-1.370081900024414,0.6081272216796875
27482963,356,-1266,8634,1656,-2029,-2188,10028.0,2.717557251908397,-9.664122137404581,65.90839694656489,0.9911994873046874,-1.2144587921142578,-1.3096283081054687
27492980,317,1003,10758,564,2883,2268,10017.0,2.4198473282442747,7.656488549618321,82.12213740458016,0.33758243408203126,1.725620846557617,1.3575123413085937
27502928,740,1149,13862,-284,-2285,-3504,9948.0,5.648854961832061,8.770992366412214,105.81679389312977,-0.16998831787109375,-1.3676876983642576,-2.0973206542968748
27512939,14,161,12594,1432,-4269,-300,10011.0,0.10687022900763359,1.2290076335877862,96.13740458015268,0.8571241943359375,-2.555211721801758,-0.17956512451171874
27522940,-1870,-813,10750,1220,-1285,292,10001.0,-14.274809160305344,-6.206106870229007,82.06106870229007,0.7302315063476562,-0.7691372833251953,0.17477672119140625
27532908,-223,-1051,7798,3632,-229,-152,9968.0,-1.702290076335878,-8.022900763358779,59.52671755725191,2.1739351074218747,-0.1370680450439453,-0.0909796630859375
27542978,-629,-344,5174,3260,-37,1268,10070.0,-4.801526717557252,-2.6259541984732824,39.49618320610687,1.9512743530273435,-0.022146365356445312,0.7589619262695312
27553314,-3,454,2466,-792,-137,-3728,10336.0,-0.022900763358778626,3.4656488549618323,18.82442748091603,-0.4740519287109375,-0.08200140686035155,-2.231395947265625
27562962,695,-885,3005,4992,-2401,-1340,9648.0,5.305343511450381,-6.755725190839694,22.938931297709924,2.987963671875,-1.437119546508789,-0.8020575561523438
27572913,1433,1169,5966,-2172,-2381,-584,9951.0,10.938931297709924,8.923664122137405,45.541984732824424,-1.3000515014648437,-1.4251485382080078,-0.3495534423828125
27582976,-45,-970,6610,-2476,-1237,-1972,10063.0,-0.3435114503816794,-7.404580152671755,50.458015267175576,-1.4820108276367188,-0.7404068634033203,-1.180341418457031
