timestamp,gyroX,gyroY,gyroZ,accelX,accelY,accelZ,dt,gyro_x_dps,gyro_y_dps,gyro_z_dps,accel_x_ms2,accel_y_ms2,accel_z_ms2,theta_ins,x_ins,y_ins
22742907,-14,19,-12,-88,4,-67,0.0,-0.10687022900763359,0.1450381679389313,0.4500215664139453,-0.054585236041449436,0.001568034725473427,-0.040102877807617184,0.0,0.0,0.0
22752947,-14,19,-12,-88,4,-67,10040.0,-0.10687022900763359,0.1450381679389313,0.6608183166809796,-0.057021232314733446,-0.0032393273496763263,-0.040102877807617184,9.732682338082666e-05,-0.0028125196933405736,-4.2257096804231506e-05
22762924,-8,-8,43,-176,-16,5,9977.0,-0.061068702290076333,-0.061068702290076333,0.8814798433205665,-0.05753264071309605,-0.007912829721547422,0.002992752075195312,0.00023160816899739885,-0.011252897301053244,-0.0004042335702165928
22772920,-16,-3,1,-140,-52,-11,9996.0,-0.12213740458015267,-0.022900763358778626,1.092810268955669,-0.05548260168481963,-0.01208958416951137,-0.006584054565429687,0.0004038285675156627,-0.025388365390694546,-0.0015459742827533328
22782952,-1,18,-23,-84,8,13,10032.0,-0.007633587786259542,0.13740458015267176,1.2675729467716932,-0.05047610660043582,-0.015433733574982879,0.007781155395507812,0.0006104700044714831,-0.04507344953166556,-0.0038880151571316387
22792953,-18,10,-21,-144,40,93,10001.0,-0.13740458015267176,0.07633587786259542,1.3678709395999218,-0.04237219057880912,-0.017604844127354115,0.05566518859863281,0.000840478868401777,-0.06967612109031388,-0.007742297910892608
22802936,-65,-23,33,-120,-248,9,9983.0,-0.4961832061068702,-0.17557251908396945,1.3426187160354426,-0.0312686205692128,-0.01821197526173228,0.0053869537353515625,0.0010766116033270859,-0.09838530840828902,-0.013310048469324211
22812913,14,-7,20,-124,4,37,9977.0,0.10687022900763359,-0.05343511450381679,1.1271558812210936,-0.01758677520233453,-0.016985167398780605,0.022146365356445312,0.0012916443803154879,-0.13012478508770606,-0.02064530753954286
22822915,-30,-22,-7,-196,0,-27,10002.0,-0.22900763358778625,-0.16793893129770993,0.644942254094589,-0.0022309667939475974,-0.013974367703697794,-0.016160861206054686,0.0014463200449111719,-0.16365616266458566,-0.029653379373958635
22832912,-3,-3,6,-92,44,-39,9997.0,-0.022900763358778626,-0.022900763358778626,-0.1896460735446602,0.013211771138161124,-0.009402007180538892,-0.023343466186523436,0.0014860402123968006,-0.19738990862527112,-0.04001515502198344
22842962,0,-49,-2,-108,24,-67,10050.0,0.0,-0.37404580152671757,-1.4665447624717485,0.026314608926853528,-0.003368632409992877,-0.040102877807617184,0.0013407876471693402,-0.23002729718655576,-0.05133968670432002
22852904,-21,-6,-17,-132,-44,-43,9942.0,-0.16030534351145037,-0.04580152671755725,-3.27150118657876,0.0337590901828377,0.004234938120262097,-0.025737667846679687,0.0009297132781165657,-0.25984166941575126,-0.06283709655202409
22863039,-16,-5,21,-120,48,-87,10135.0,-0.12213740458015267,-0.03816793893129771,-5.672883662218687,0.03128119770789986,0.0136171099984282,-0.052073886108398436,0.00013863109708192535,-0.2870514574538816,-0.07407484881033136
22872931,-19,17,-17,-168,-48,-295,9892.0,-0.1450381679389313,0.1297709923664122,-8.702971524683758,0.013577850410525246,0.024941828092714335,-0.17657237243652343,-0.0011023500076112033,-0.31088083160623825,-0.08365182105556809
22882918,-10,5,30,-192,-12,-23,9987.0,-0.07633587786259542,0.03816793893129771,-12.33312647554063,-0.025738282054914366,0.03819897371933598,-0.013766659545898436,-0.0029357093973750035,-0.3341302385889938,-0.09079278294065167
22893229,13,-23,13,-124,-108,-23,10311.0,0.09923664122137404,-0.17557251908396945,-16.44276455545747,-0.09403744875887748,0.0530026985804035,-0.013766659545898436,-0.0055249770095977795,-0.36161610315666226,-0.09409850437001552
22902912,13,-23,13,-124,-108,-23,9683.0,0.09923664122137404,-0.17557251908396945,-20.78260156712343,-0.19925568844634503,0.06828385539229823,-0.013766659545898436,-0.008670524755245813,-0.3972612918625935,-0.09201606548757854
22912926,4,3,-13,-140,16,-75,10014.0,0.030534351145038167,0.022900763358778626,-24.934058834579073,-0.34906633438487006,0.08199147088960486,-0.044891281127929686,-0.012665641334103382,-0.4549178220939548,-0.08294656580921916
22922941,-27,-9,33,-84,24,-467,10015.0,-0.20610687022900764,-0.06870229007633588,-28.267679736522876,-0.5496807962432083,0.09100720053532455,-0.27952304382324217,-0.017315332954651864,-0.5487539878389353,-0.06526748894432799
22933089,-184,-868,-6627,1216,132,393,10148.0,-1.4045801526717556,-6.625954198473282,-29.93637841890748,-0.8037263289094656,0.09132140316905309,0.23523031311035156,-0.02246976830033468,-0.7013458684623829,-0.037201302131769684
22943029,-14,-584,-14196,-1300,2108,-1731,9940.0,-0.10687022900763359,-4.458015267175573,-29.01086204853417,-1.1070709249113124,0.07908390593746885,-1.036090768432617,-0.02758302075300966,-0.9319198191810925,0.0009900923048634688
22952924,367,231,-18051,880,2632,185,9895.0,2.801526717557252,1.7633587786259541,-24.82577550456968,-1.4462160699554027,0.054129268440614206,0.11073182678222655,-0.0322318232748982,-1.2706891893494487,0.0495397011057415
22962979,-159,2063,-8908,-1972,-1028,-1611,10055.0,-1.213740458015267,15.748091603053435,-17.3719581096928,-1.7967930086203832,0.024180973651917684,-0.9642647186279296,-0.03593452367532283,-1.760174067826899,0.10889297173123418
22973053,1303,2125,-170,-8976,-4496,-1779,10074.0,9.946564885496183,16.221374045801525,-7.410537934401539,-2.125598425803636,0.0024234165543265433,-1.064821188354492,-0.03811320827713707,-2.432017169314769,0.17752258992736336
22983249,68,-1952,556,1472,-3004,-3443,10196.0,0.5190839694656488,-14.900763358778626,3.782626683340483,-2.3980244094652003,-0.003765055806632208,-2.060809078979492,-0.03843600852028042,-3.330106443098953,0.25586853665718073
22994682,1522,250,6884,-17044,4912,6345,11433.0,11.618320610687023,1.9083969465648856,14.77969712711925,-2.585526707663609,-0.0006254502633727126,3.797802383422851,-0.036584013051081256,-4.631634768235398,0.3546845164062103
23002935,-726,483,11429,-2912,1092,-43,8253.0,-5.541984732824427,3.687022900763359,24.273970220870247,-2.6736866886459354,-0.0006016892245593371,-0.025737667846679687,-0.03377132842263181,-5.778131364998782,0.43344322030446086
23012960,864,1944,9270,-6140,-1128,2525,10025.0,6.595419847328245,14.83969465648855,31.29292125669058,-2.6691244404545054,-0.00995821778316262,1.5113397979736327,-0.02891007955057931,-7.4136879728106635,0.5368516797354834
23022898,-2442,-1506,9781,-608,-896,-4495,9938.0,-18.641221374045802,-11.49618320610687,35.32569956428791,-2.5933258523790053,-0.02814485484981399,-2.6904841156005856,-0.023132552310832104,-9.297980110758662,0.6457156129311309
23033030,-2263,-1878,8871,-5324,1016,-2803,10132.0,-17.27480916030534,-14.335877862595419,36.31591398346651,-2.4688756584800524,-0.05448667122022772,-1.677736813354492,-0.016798116907084163,-11.481436675436298,0.7596814903909603
23043660,-2004,-1025,6663,-3756,596,-2183,10630.0,-15.297709923664122,-7.824427480916031,34.587630543166085,-2.313607374036522,-0.08955336775697524,-1.3066355560302734,-0.010220802794916944,-14.043670541978877,0.8775270208701573
23052916,-2004,-1025,6663,-3756,596,-2183,9256.0,-15.297709923664122,-7.824427480916031,30.763830088612295,-2.1429644860011026,-0.13165806911562403,-1.3066355560302734,-0.00494211451500913,-16.487873308093214,0.9741946324350054
23062934,-1014,-107,3200,-912,-2732,2501,10018.0,-7.740458015267175,-0.816793893129771,25.68463182486943,-1.9719100136258696,-0.1757372927518186,1.4969745880126952,-7.190020962681044e-06,-19.339896840401668,1.067039721992889
23072941,615,-377,529,-1772,-272,1157,10007.0,4.694656488549619,-2.877862595419847,20.314560155548975,-1.8119959052715358,-0.21698533568682835,0.6925228302001952,0.004009806676350947,-22.386641654415072,1.142331270795224
23083046,-1004,-440,-2546,-3496,-528,1569,10105.0,-7.66412213740458,-3.3587786259541983,15.611134346474454,-1.6679233536476819,-0.2545372252852418,0.939125601196289,0.007177833588874527,-25.647623398287767,1.1957209872764012
23092970,-1588,-400,-3110,-2240,316,-491,9924.0,-12.122137404580153,-3.053435114503817,12.367379595890197,-1.5389247166660438,-0.29057209148689755,-0.29388825378417965,0.009600863476272904,-29.016209712029116,1.2217715605156843
23102979,-1029,-27,-3627,-448,-288,1317,10009.0,-7.854961832061068,-0.20610687022900764,11.084135145975429,-1.4217986451122262,-0.32697571024598,0.7882908966064452,0.011649236088061368,-32.567146242304645,1.2175947879217708
23112895,-360,-53,-1479,-4972,-2496,-759,9916.0,-2.7480916030534353,-0.40458015267175573,11.911881586375431,-1.3113156593130242,-0.36425177930088504,-0.4542997650146484,0.013639160161491038,-36.22534691585942,1.179520383524727
23122928,-200,-197,-1379,1216,1400,1925,10033.0,-1.5267175572519085,-1.5038167938931297,14.664269647856164,-1.2006198257016518,-0.40321713285886146,1.1522095489501953,0.015966020251353005,-40.057384472143255,1.1027054220242203
23132985,395,1162,1614,-3008,-628,-131,10057.0,3.015267175572519,8.870229007633588,18.876818194205192,-1.08169890880198,-0.44509928781855457,-0.07841010437011718,0.01890971630797601,-44.01898471408027,0.982965493405983
23142938,1039,977,4255,-3180,-1024,-179,9953.0,7.931297709923665,7.458015267175573,23.894194190452982,-0.9451221641411848,-0.48906972562687173,-0.10714052429199218,0.022624648628316278,-48.04605307463825,0.8180808237909468
23152899,814,1395,6153,-3432,-1848,1305,9961.0,6.213740458015267,10.648854961832061,28.99054913841766,-0.7835982480116729,-0.5322786739096121,0.7811082916259765,0.02722171435266539,-52.16833491888569,0.6024916365606986
23162945,266,936,7475,-1844,-1268,1553,10046.0,2.030534351145038,7.145038167938932,33.5007667710742,-0.5976415702163803,-0.5729606268604908,0.929548794555664,0.03270019605726965,-56.40238414824394,0.32954705647302646
23173011,147,-130,8252,-1136,-108,-811,10066.0,1.1221374045801527,-0.9923664122137404,36.922378626897675,-0.3969690346701109,-0.6119335961944532,-0.48542438659667964,0.03888633566126972,-60.70302797502374,-0.0037837105128670076
23182927,-352,-3018,6882,320,580,-4267,9916.0,-2.687022900763359,-23.0381679389313,38.96876920533728,-0.19753730970114125,-0.6502371378712548,-2.5540146209716794,0.045453456558304135,-64.97661824461538,-0.39416669559959533
23192971,-1945,-2617,6120,-120,-392,2521,10044.0,-14.84732824427481,-19.977099236641223,39.563042513155594,-0.017521186239726635,-0.6848406076236822,1.5089455963134766,0.05233680401952935,-69.32260539908346,-0.8554755114217699
23202960,-223,-252,5654,1892,-2644,2513,9989.0,-1.702290076335878,-1.9236641221374047,38.78221642692936,0.12584863304943894,-0.7070500959868489,1.504157192993164,0.0591661970237175,-73.64390918087065,-1.3824566596917107
23212974,-223,-252,5654,1892,-2644,2513,10014.0,-1.702290076335878,-1.9236641221374047,36.796799176162416,0.21908225408915039,-0.7063545348458655,1.504157192993164,0.06577094408084308,-77.96054052687194,-1.9801640767677575
23223043,-553,-436,5178,464,-2652,141,10069.0,-4.221374045801527,-3.3282442748091605,33.8405803703433,0.2549725073798821,-0.6766083808612557,0.08439560852050781,0.0719777518134394,-82.27558182731995,-2.6503028026747595
23232914,-1089,-241,4377,2368,-996,-871,9871.0,-8.312977099236642,-1.8396946564885497,30.203774073322965,0.2331286095120831,-0.6192458493347771,-0.5213374114990235,0.07749457895224186,-86.47744748686499,-3.3713240542070912
23242894,-1695,-436,2804,1192,76,-1679,9980.0,-12.938931297709924,-3.3282442748091605,26.222321176872786,0.15956941374530556,-0.5415249385227349,-1.004966146850586,0.08240883647158065,-90.6992944670652,-4.159271434795749
23252910,-534,-417,1489,-712,-644,-635,10016.0,-4.076335877862595,-3.183206106870229,22.24373354056846,0.04657421684380908,-0.45195292657967245,-0.3800795135498047,0.08664506476077832,-94.91702511550321,-5.00259441127616
23262935,-1246,-583,1473,-1264,-140,6149,10025.0,-9.511450381679388,-4.450381679389313,18.576618387162995,-0.09006665953448759,-0.3569765871865438,3.680486502075195,0.09021621809487357,-99.13058537179204,-5.891442475006354
23273103,21,129,218,1136,-1744,1413,10168.0,0.16030534351145037,0.9847328244274809,15.450511843387675,-0.2353173324379378,-0.2610856497948243,0.8457517364501953,0.09323553176094601,-103.41045126586558,-6.830291893836755
23282957,1794,-370,773,1116,460,-2115,9854.0,13.694656488549619,-2.8244274809160306,12.996740309381773,-0.37454378894493023,-0.1688936716964186,-1.265934127807617,0.09568177845743615,-107.57860745600074,-7.768109608371709
23292924,798,-158,484,-3240,308,-4247,9967.0,6.091603053435114,-1.2061068702290076,11.245689903866726,-0.48988825120209456,-0.08596114717667433,-2.542043612670898,0.0977903482682393,-111.82923440286973,-8.736985506168073
23302988,0,-810,872,-5024,656,-1195,10064.0,0.0,-6.183206106870229,10.13959014405648,-0.5628525731002869,-0.017023608213216877,-0.7152677459716796,0.09966850980327134,-116.16846061167982,-9.72897304927677
23312960,715,1196,1009,-1716,136,2833,9972.0,5.458015267175573,9.129770992366412,9.555057656183225,-0.5837272385485449,0.03591576974111852,1.695693325805664,0.10138237973865787,-120.52245922557758,-10.719462793498916
23322918,547,-685,1549,-736,48,-395,9958.0,4.175572519083969,-5.229007633587786,9.328606190915103,-0.556196160975169,0.07347213892311785,-0.23642741394042968,0.10302336905922747,-124.92710295918356,-11.711137477637605
23332968,-272,-1047,1047,-240,376,-1103,10050.0,-2.0763358778625953,-7.99236641221374,9.28155955791715,-0.49225150185385297,0.09761431755718225,-0.6602011077880859,0.10465553260918889,-129.42787159450936,-12.71060687663936
23342934,427,-324,1302,96,292,-2307,9966.0,3.2595419847328246,-2.4732824427480917,9.235005138958444,-0.40494465679666736,0.110880972712153,-1.3808558074951172,0.10626591373444233,-133.9402770668611,-13.697376685217893
23353705,244,585,2170,-1148,-360,2765,10771.0,1.8625954198473282,4.465648854961832,9.016866680852306,-0.3050532895863556,0.11616348770969884,1.6549918975830078,0.1079814930759038,-138.86288215503512,-14.756472933038832
23372981,294,643,2673,-1056,648,-1031,19276.0,2.2442748091603053,4.908396946564886,8.482820120594445,-0.20187713234640967,0.11622201422855867,-0.6171054779052734,0.11092519997413781,-147.7595452769186,-16.627744061842378
23382913,-251,829,2476,1768,512,-4139,9932.0,-1.916030534351145,6.32824427480916,7.5557967798234795,-0.10512999444699074,0.11360865839709651,-2.4774001678466795,0.11231531582916833,-152.3770587920999,-17.578716748626675
23392939,718,978,1069,-2040,-748,-1699,10026.0,5.480916030534351,7.465648854961832,6.253856157926763,-0.02464641547375076,0.11124380544161067,-1.016937155151367,0.11352356870163574,-157.05038414440742,-18.528605179019113
23403559,2131,304,-719,4460,88,2741,10620.0,16.267175572519083,2.3206106870229006,4.671795705777726,0.03147360846445365,0.11180450481555075,1.6406266876220703,0.11453612515674115,-162.00521664244215,-19.522940444567443
23412947,2131,304,-719,4460,88,2741,9388.0,16.267175572519083,2.3206106870229006,2.916926182487812,0.0616144203933037,0.11630883795485819,1.6406266876220703,0.11515783692759488,-166.38425331757298,-20.391153561393047
23422894,997,-1,416,-3796,-472,1973,9947.0,7.6106870229007635,-0.007633587786259542,1.049864085326596,0.07705187488503826,0.12383139218656276,1.1809399688720703,0.11550216999304293,-171.01976359429094,-21.299228688391036
23432922,22,-920,367,-2944,528,-1563,10028.0,0.16793893129770993,-7.022900763358779,-0.9176657412057362,0.09779662839841367,0.13178298518745135,-0.9355342987060546,0.11551373877704509,-175.68664994669624,-22.20146181693157
23442924,93,-862,607,-1008,1088,-2047,10002.0,0.7099236641221374,-6.580152671755725,-2.97936370866737,0.13800966911047,0.13662123147390473,-1.225232699584961,0.11517359078631279,-180.33273406352495,-23.08713681232539
23452940,945,320,622,400,1140,2317,10016.0,7.213740458015267,2.4427480916030535,-5.089089437869142,0.19858931337133798,0.13608799297132185,1.3868413116455078,0.11446835885297937,-184.9726256805401,-23.958933293460188
23462940,169,-40,294,-1140,164,1773,10000.0,1.2900763358778626,-0.3053435114503817,-7.1299165600231635,0.2708857449663535,0.13146433563642387,1.0612298858642577,0.11340204942305843,-189.58661430031268,-24.81360952260307
23472930,752,-308,-542,3208,436,-519,9990.0,5.740458015267175,-2.351145038167939,-8.898851759621614,0.34191884332438494,0.1275390329530449,-0.31064766540527344,0.11200467428588394,-194.17063365652743,-25.65132079319349
23482974,2049,-3,-859,388,-3308,2081,10044.0,15.641221374045802,-0.022900763358778626,-10.112962595212355,0.398612620711634,0.12968787667044743,1.2455834136962889,0.11033828048687504,-198.7470457988845,-26.476858617866352
23493077,176,-901,-2495,-360,-316,9,10103.0,1.3435114503816794,-6.877862595419847,-10.437520266925008,0.43067773494222683,0.13848759410183503,0.0053869537353515625,0.10852644085295587,-203.31210611350895,-27.289564863326035
23503000,674,1642,-3618,2648,3624,1129,9923.0,5.145038167938932,12.534351145038167,-9.539548199099348,0.4296879058936074,0.14724185125735714,0.6757634185791015,0.10679653638116918,-207.75560574036712,-28.069572451787714
23512944,1463,1216,-5360,3260,-476,389,9944.0,11.16793893129771,9.282442748091603,-7.174214538012374,0.38926215695438665,0.14759209604689105,0.2328361114501953,0.10534615331569536,-212.1688056547459,-28.83255072438456
23522932,-1226,330,-3532,1992,444,-351,9988.0,-9.358778625954198,2.519083969465649,-3.2860334782882243,0.31020643890409133,0.13569830535464802,-0.21009119567871093,0.10443441986800787,-216.56547882091164,-29.58061801527438
23532933,1319,1741,-2263,-3296,-204,3061,10001.0,10.068702290076336,13.290076335877863,1.928047237990953,0.20266710887343603,0.11118462891322557,1.8321628204345701,0.10431590136189246,-220.93913257838463,-30.313317696741965
23542920,-173,316,1147,100,-1284,-623,9987.0,-1.3206106870229009,2.4122137404580153,8.035223103535563,0.07931596322776362,0.07322873185835871,-0.37289690856933594,0.10518423042335584,-225.28805692997088,-31.032219136765267
23552936,-1019,450,3020,1824,2420,1149,10016.0,-7.778625954198473,3.435114503816794,14.455160298934814,-0.05155760266242736,0.0189435180122622,0.6877344268798827,0.10715002687532413,-229.64262922888366,-31.745516275478856
23562930,-1019,450,3020,1824,2420,1149,9994.0,-7.778625954198473,3.435114503816794,20.569853463951404,-0.18299130807893116,-0.05368971896506861,0.6877344268798827,0.11020470202348512,-233.99291351677283,-32.456384908500965
23572920,-352,705,5625,-2872,-956,25,9990.0,-2.687022900763359,5.3816793893129775,25.800909061208092,-0.30275584463263133,-0.1399839933349889,0.014963760375976562,0.11424726782469445,-238.35867606550013,-33.17463536133495
23583029,225,1276,7513,-1936,-664,1021,10109.0,1.717557251908397,9.740458015267176,29.66286487425555,-0.3949535170936785,-0.22763332090876198,0.6111199737548828,0.11914015256662887,-242.80468130795217,-33.91908791642483
23592940,188,251,6902,-1584,-1936,3385,9911.0,1.4351145038167938,1.916030534351145,31.830996789646395,-0.44737926090057345,-0.30222909347080684,2.0260931549072265,0.12445874381480017,-247.198829471109,-34.675575594552875
23602943,-456,47,5962,-2312,-1120,-2187,10003.0,-3.480916030534351,0.35877862595419846,32.19274731127742,-0.455392352342751,-0.3525331566974827,-1.3090297576904295,0.1300475456225789,-251.6732063099798,-35.47377255671303
23612946,-1,-783,5110,-1476,-3716,-2163,10003.0,-0.007633587786259542,-5.977099236641221,30.83537724972815,-0.42175549055469613,-0.37326309899373333,-1.294664547729492,0.13554943716975323,-256.1872446017032,-36.311980647475835
23622986,182,-1372,3703,744,1316,105,10040.0,1.3893129770992367,-10.473282442748092,27.988473063699963,-0.3551938670875958,-0.3666041759669389,0.06284779357910156,0.14070331990043475,-260.7542216191256,-37.19542406758713
23632915,-996,7,3138,-816,-628,3841,9929.0,-7.603053435114504,0.05343511450381679,23.960584660204464,-0.2669769317359072,-0.3402392253976049,2.299032144165039,0.14520454318881884,-265.30004581431,-38.10944861188969
23643062,1197,-597,2062,1864,516,1269,10147.0,9.13740458015267,-4.557251908396947,19.08841444188288,-0.16683354171404605,-0.30205921527947704,0.7595604766845703,0.14901650104680678,-269.9672793350541,-39.081377721882106
23652915,468,-205,1571,1652,-1060,5637,9853.0,3.572519083969466,-1.5648854961832062,13.704944104652466,-0.05966963603290189,-0.2570204773554278,3.374028689575195,0.15183619356608932,-274.51106299044164,-40.05684781835855
23663055,1433,451,-214,-1620,-2244,-575,10140.0,10.938931297709924,3.4427480916030535,8.120002183423486,0.056457063174851545,-0.2087875472867049,-0.3441664886474609,0.15376744362710434,-279.18896258648755,-41.08722647581719
23672951,1370,275,-180,-1996,-896,757,9896.0,10.458015267175572,2.099236641221374,2.6010591779797467,0.187119072040959,-0.16405351866821197,0.4531026641845703,0.15469330260078493,-283.74530580997674,-42.1124722702345
23682956,666,1298,-420,-1768,2356,4985,10005.0,5.083969465648855,9.908396946564885,-2.6385430844159163,0.33306058412241674,-0.13437197833928613,2.9837738189697265,0.15469002987732186,-288.3304479044079,-43.16257550775386
23692906,-409,-2115,-541,2964,1112,801,9950.0,-3.122137404580153,-16.14503816793893,-7.42584381963038,0.4850988106908027,-0.1314065305663153,0.479438882446289,0.15381613785118728,-292.8554281521341,-44.21564023060255
23703033,-409,-2115,-541,2964,1112,801,10127.0,-3.122137404580153,-16.14503816793893,-11.59322703751066,0.6285867020145833,-0.16004889315243584,0.479438882446289,0.15213533228219914,-297.41014970596626,-45.29392612193895
23712939,-504,-219,-737,596,-708,1589,9906.0,-3.8473282442748094,-1.6717557251908397,-14.939591879711786,0.7520375664272563,-0.21649641126020364,0.9510966094970703,0.14984167202984133,-301.80188324018457,-46.35569347481225
23722926,141,-343,-2383,1632,112,-3383,9987.0,1.0763358778625953,-2.618320610687023,-17.204322046017808,0.8498000407845911,-0.2910909420499958,-2.024896054077148,0.1470402329787946,-306.1529970006688,-47.43683134459555
23732951,-68,-74,-3639,-1772,-2272,265,10025.0,-0.5190839694656488,-0.5648854961832062,-18.078900708042656,0.9175121594660145,-0.3720771509494136,0.15861585998535155,0.143953493334832,-310.4327888902772,-48.53877338912976
23742973,517,-848,-4717,3280,-1748,237,10022.0,3.946564885496183,-6.473282442748092,-17.266719091602763,0.9466377011491627,-0.4492266161440997,0.14185644836425781,0.14086222025466438,-314.6157068295266,-49.66420632106147
23753062,798,399,-5844,3592,720,-4203,10089.0,6.091603053435114,3.045801526717557,-14.571456587242292,0.9245331066041594,-0.5162140298080539,-2.5157073944091795,0.13805908748333567,-318.7264342575875,-50.828737062912374
23762999,529,-533,-5860,5124,-1900,-6611,9937.0,4.038167938931298,-4.068702290076335,-9.99194342972765,0.8420119909586298,-0.5692269571388168,-3.957016793823242,0.1359290308889148,-322.6785677541363,-52.01375250858426
23772902,237,257,-3490,2064,-3592,4237,9903.0,1.8091603053435115,1.9618320610687023,-3.7981402012085206,0.7018808506253938,-0.6054121831640529,2.536058108520508,0.13473729216611804,-326.5290903470547,-53.238656322028405
23782934,172,1188,921,-3064,884,-527,10032.0,1.3129770992366412,9.068702290076336,3.463497427093341,0.5190501917784927,-0.625246283659263,-0.31543606872558594,0.13470799562509483,-330.3532417452258,-54.52980507095362
23792929,656,1968,2916,4240,72,2113,9995.0,5.00763358778626,15.022900763358779,11.06821826541214,0.3123318712122515,-0.6325730075220458,1.264737026977539,0.13597549298337258,-334.1040039510392,-55.8709792333247
23802957,720,319,5530,-2528,-1072,981,10028.0,5.4961832061068705,2.435114503816794,18.268396356627424,0.09896893319119382,-0.629412311196886,0.5871779571533203,0.1385427638533212,-337.82766997291856,-57.27502351338075
23812998,548,33,6365,224,-1692,-143,10041.0,4.183206106870229,0.25190839694656486,24.429833217422342,-0.1048978900761169,-0.613540446849625,-0.08559270935058594,0.14228416441368175,-341.53732225960493,-58.74199830661613
23822894,548,33,6365,224,-1692,-143,9896.0,4.183206106870229,0.25190839694656486,29.11410465567257,-0.2842394041942435,-0.5816181001169072,-0.08559270935058594,0.14690815952898548,-345.1944399588989,-60.248730080318715
23832950,-888,-285,7248,-4380,-1188,1669,10056.0,-6.778625954198473,-2.1755725190839694,32.107107184474046,-0.42613043992527944,-0.5326388195211121,0.9989806427001953,0.15228063645046697,-348.9295441806791,-61.84119291203882
23842925,-1699,-127,7662,-2996,-1924,-1619,9975.0,-12.969465648854962,-0.9694656488549618,33.42054202113461,-0.5228553834838495,-0.46914936787728884,-0.9690531219482421,0.15798470668374232,-352.6674906069005,-63.47939888777472
23852902,-483,-537,6239,-1640,-1680,5053,9977.0,-3.687022900763359,-4.099236641221374,33.292304831287204,-0.5773395939749233,-0.39784691835747177,3.024475247192383,0.16379311071195546,-356.44923902921124,-65.17190135125323
23862909,-1160,-1209,4904,-784,-28,-2239,10007.0,-8.854961832061068,-9.229007633587786,32.16703205281065,-0.6036082822942399,-0.3301034280708751,-1.3401543792724608,0.16950951416929455,-360.2921394777139,-66.91813607228153
23873011,-507,-746,2633,808,164,-711,10102.0,-3.8702290076335877,-5.694656488549619,30.62917282876178,-0.6208086576781611,-0.28041871678709224,-0.4255693450927734,0.17504541286117628,-364.22601545857185,-68.72474640613886
23882950,84,290,1459,2408,2884,5301,9939.0,0.6412213740458015,2.213740458015267,29.297317481468507,-0.6452776188629913,-0.26185079261401584,3.17291575012207,0.180243085292331,-368.1524812239052,-70.541282531867
23892959,1405,434,531,-2372,240,1689,10009.0,10.725190839694656,3.312977099236641,28.710586061062322,-0.684220972153716,-0.28028181699379434,1.0109516510009764,0.18530978576740378,-372.1654835411385,-72.40885811771521
23903008,139,-566,675,-316,4,345,10049.0,1.0610687022900764,-4.320610687022901,29.237477015204217,-0.7355194401731033,-0.3315636002165725,0.20649989318847656,0.19039148716672386,-376.2572406352722,-74.32525135773712
23912936,436,-515,644,556,-1708,-443,9928.0,3.3282442748091605,-3.931297709923664,31.02183688894284,-0.7917496490321375,-0.4041822498773671,-0.2651578338623047,0.19561224228624963,-380.36511516571585,-76.26519071697176
23923053,55,458,2181,-5184,-1448,1653,10117.0,0.4198473282442748,3.49618320610687,33.964129674197274,-0.8425269202216308,-0.4848237051391,0.9894038360595703,0.2013496895232598,-384.6217861153041,-78.29810091852258
23932923,-503,577,4885,-1136,-948,-2099,9870.0,-3.8396946564885495,4.404580152671755,37.744114065884695,-0.8778772231034706,-0.5623861502692454,-1.256357321166992,0.20752606387167896,-388.84598970595437,-80.34466324069608
23942920,-226,-970,6518,-2240,-3068,-255,9997.0,-1.7251908396946565,-7.404580152671755,41.897720066277444,-0.893020088579797,-0.629362264824269,-0.15263035583496093,0.21447403999300316,-393.1978731054843,-82.48985245998658
23952939,-282,331,8415,1208,-52,561,10019.0,-2.1526717557251906,2.5267175572519083,45.93015422147405,-0.8875654760411574,-0.682281256188047,0.33578678283691404,0.2221530303127732,-397.63292639673307,-84.72003945026175
23962910,-916,355,10078,-5048,-2764,165,9971.0,-6.99236641221374,2.7099236641221376,49.42842844836162,-0.8610426752312508,-0.7214671417356516,0.0987608184814453,0.23045050384294402,-402.1175678663948,-87.02490064488238
23972899,-2480,291,10048,-2600,-504,-387,9989.0,-18.931297709923665,2.2213740458015265,52.15452979688067,-0.8138155766091444,-0.7499186832647691,-0.2316390106201172,0.2393055380054527,-406.67697740637533,-89.42316314692225
23982921,-1393,-1070,9153,792,-1292,-19,10022.0,-10.633587786259541,-8.16793893129771,54.09923095985217,-0.7517835465523383,-0.7721647505687979,-0.011372457885742187,0.24859832710225485,-411.3125595365716,-91.92148685919781
23992966,-1576,-1627,7455,-976,-516,-2195,10045.0,-12.030534351145038,-12.419847328244275,55.46942303703142,-0.6849643339209371,-0.7926782190131739,-1.313818161010742,0.2582030234581843,-416.0129508094705,-94.51951670194866
24002927,-41,-464,6802,-1912,904,2597,9961.0,-0.31297709923664124,-3.5419847328244276,56.612667205674335,-0.6220377572297601,-0.8132996177874068,1.5544354278564452,0.26794588506505657,-420.71995862195666,-97.18960449264968
24012943,-238,-27,6477,228,-2224,517,10016.0,-1.816793893129771,-0.20610687022900764,57.92038782403076,-0.5695346710963493,-0.8306187783718288,0.3094505645751953,0.27795677145953895,-425.49168033574585,-99.96933480124916
24022934,-238,-27,6477,228,-2224,517,9991.0,-1.816793893129771,-0.20610687022900764,59.75171378829231,-0.5327228629196765,-0.836419658488204,0.3094505645751953,0.28821635756867126,-430.2839035131264,-102.83738261140348
24032934,1009,148,5910,272,-5624,685,10000.0,7.702290076335878,1.1297709923664123,62.38527495856476,-0.5133117754239522,-0.8235179320320577,0.4100070343017578,0.29887482052918873,-435.1082762801437,-105.8029672874198
24042948,-79,-255,7246,-1692,2560,1325,10014.0,-0.6030534351145038,-1.9465648854961832,65.98519587165524,-0.5075996847811697,-0.7920129073202912,0.7930792999267577,0.3100929408324523,-439.96472728101264,-108.86636880681995
24052928,-423,117,8004,-996,-4260,749,9980.0,-3.2290076335877864,0.8931297709923665,70.58501739556209,-0.508497382191497,-0.748510473496358,0.4483142608642578,0.32198710424195315,-444.82905815195573,-112.00984795052668
24062938,1491,-703,9729,-568,-1968,6741,10010.0,11.381679389312977,-5.366412213740458,76.10187234265995,-0.5088133727603299,-0.7024127138184602,4.03482834777832,0.3348007510651412,-449.7325854838222,-115.24985810375472
24072896,123,124,11487,-2360,28,-2267,9958.0,0.9389312977099237,0.9465648854961832,82.37734179268537,-0.5026936645876122,-0.6664717617494885,-1.3569137908935547,0.3485725858125818,-454.6352427915427,-118.55581553065272
24082910,-641,134,12790,-2752,976,-515,10014.0,-4.893129770992366,1.0229007633587786,89.23395412866434,-0.4872339899127241,-0.6558296471100539,-0.3082534637451172,0.36356946282482056,-459.5895081762882,-121.96068622708114
24092953,-1231,-1017,13050,-1812,-1304,1213,10043.0,-9.396946564885496,-7.763358778625954,96.5271029127963,-0.4659668118852026,-0.6822875897772969,0.7260416534423828,0.3798498792160605,-464.5799972061743,-125.45541063035782
24102929,-2311,-1589,13098,3428,1888,-1851,9976.0,-17.641221374045802,-12.129770992366412,104.16173668116326,-0.4490354174346254,-0.7505396916376403,-1.1079168182373047,0.3973212521583953,-469.5548093877245,-129.00831809933456
24112929,-512,-328,14034,-312,-640,2973,10000.0,-3.9083969465648853,-2.50381679389313,112.06555888311135,-0.4459469061968847,-0.85698784997802,1.7794903839111327,0.41619064335978917,-474.5537831326428,-132.65722771125195
24122940,-1071,-285,14943,-472,-1228,1093,10011.0,-8.17557251908397,-2.1755725190839694,120.14713516600575,-0.458212904650823,-0.9889601714534636,0.6542156036376953,0.4364773145586288,-479.5643550415751,-136.40741487790072
24132914,-1505,879,17219,-1064,-5072,-3035,9974.0,-11.488549618320612,6.709923664122138,128.27412599893862,-0.48004676791968687,-1.1278275798982864,-1.8166005096435547,0.4580997942588425,-484.55610359507443,-140.25256055208314
24142962,-1392,-380,17499,1812,-5300,-4579,10048.0,-10.625954198473282,-2.900763358778626,136.2821558765029,-0.5021345259362627,-1.2576594533221572,-2.740762350463867,0.4812975022128537,-489.5779241967816,-144.24910125196928
24152906,1728,-62,19883,-5056,-1540,-1795,9944.0,13.19083969465649,-0.4732824427480916,143.9984202803254,-0.5127131095065087,-1.3734321422167484,-1.0743979949951172,0.5056196257007396,-494.533892313049,-148.33764796728073
24162904,-317,366,21670,-3700,-352,-3507,9998.0,-2.4198473282442747,2.7938931297709924,151.27276808017476,-0.5017340447112368,-1.480155004777041,-2.099116305541992,0.5313817443621506,-499.4946318850981,-152.5923957791483
24172939,32,183,22702,-2420,-2244,2277,10035.0,0.24427480916030533,1.3969465648854962,158.02551595776478,-0.469773865469345,-1.5838147367892756,1.3628992950439451,0.5584675812832859,-504.44124111166275,-157.01624779134647
24183149,-1070,333,22864,-332,-5212,-2739,10210.0,-8.16793893129771,2.5419847328244276,164.29429533649636,-0.4316592313001223,-1.685926222753444,-1.6394295867919921,0.5871859729456529,-509.42822449176697,-161.68152763027226
24192954,679,-1791,21601,2652,-1380,3377,9805.0,5.183206106870229,-13.67175572519084,170.23849158223783,-0.4100375597225155,-1.7866069255506911,2.021304751586914,0.6158101927713843,-514.1614029233104,-166.32293393416202
24202925,679,-1791,21601,2652,-1380,3377,9971.0,5.183206106870229,-13.67175572519084,176.08363831933318,-0.42388955050990706,-1.8869063438358797,2.021304751586914,0.6459448552770245,-518.9064779013772,-171.21043301594315
24212946,295,860,22359,-224,-2000,121,10021.0,2.2519083969465647,6.564885496183206,182.03496333297636,-0.47927966993676047,-1.9845060359248248,0.07242460021972656,0.6772622274958436,-523.5961506057196,-176.2993990444239
24224021,920,1370,23437,1268,-5236,-2607,11075.0,7.022900763358779,10.458015267175572,188.21317834147195,-0.5676597263719507,-2.0701871035951975,-1.5604209320068358,0.7130458245067621,-528.6777742605474,-182.1397784675189
24232898,1862,1643,25086,-4272,-7868,-1359,8877.0,14.213740458015268,12.541984732824428,194.6382186993804,-0.6706113569700684,-2.1327629657098255,-0.8134300140380859,0.7427039588441698,-532.6698547035083,-186.9920992136907
24242998,1199,-480,25511,-3988,-5240,4369,10100.0,9.15267175572519,-3.66412213740458,201.2464541884312,-0.7683262423525636,-2.1695905260165045,2.615066763305664,0.7775968883945433,-537.1209047088176,-192.70654103442178
24252910,-382,492,26992,416,-3564,-5619,9912.0,-2.9160305343511452,3.7557251908396947,207.91368864280835,-0.8480137493150147,-2.1924730402634682,-3.363254782104492,0.8129886342631653,-541.3922395549657,-198.5208280510762
24263061,-2746,-223,28646,-3528,-1992,-1667,10151.0,-20.9618320610687,-1.702290076335878,214.47494335013826,-0.9049845058691762,-2.2233187659405846,-0.9977835418701171,0.8504055874820459,-545.6629800107996,-204.69114976717867
24272899,-3872,76,29232,-556,1756,12433,9838.0,-29.557251908396946,0.5801526717557252,220.75177358748022,-0.9383617811297911,-2.283165586943508,7.4417773101806635,0.8877709962226144,-549.6955090388916,-210.8822372196039
24282968,-722,-603,29646,-184,-1880,-2407,10069.0,-5.511450381679389,-4.603053435114504,226.57876230279675,-0.9480381166811737,-2.3803127418264993,-1.4407108489990235,0.9270773046816118,-553.70322435262,-217.43597229022424
24292905,-822,-668,30778,-2920,-5620,-1523,9937.0,-6.2748091603053435,-5.099236641221374,231.81039421923325,-0.9323557826231835,-2.5050458072143087,-0.9115922821044922,0.9668272922641883,-557.5247404114525,-224.12079553867557
24303063,-811,-668,31534,-2472,-7812,8989,10158.0,-6.190839694656488,-5.099236641221374,236.3196265100806,-0.8881385127457404,-2.6372143409195994,5.380369680786132,1.008324805614913,-561.2740291685567,-231.1768983136001
24312928,929,-1629,31274,-1908,-5660,-607,9865.0,7.091603053435114,-12.435114503816793,240.00256957933425,-0.8145157395997787,-2.760213900892209,-0.3633201019287109,1.0493306048583793,-564.7416472189753,-238.24152504269904
24322922,929,-1629,31274,-1908,-5660,-607,9994.0,7.091603053435114,-12.435114503816793,242.77410277214187,-0.7155153545167013,-2.868522610903827,-0.3633201019287109,1.0914355391526973,-568.0573623379788,-245.60386996916267
24332946,1152,-435,32618,-628,-1560,-4107,10024.0,8.793893129770993,-3.3206106870229006,244.54998654168006,-0.5993773568241599,-2.9647676551101867,-2.4582465545654295,1.1340646534853425,-571.1610086034124,-253.1838018059734
24342951,-323,145,32700,-448,-7496,3633,10005.0,-2.4656488549618323,1.1068702290076335,245.24421168251902,-0.4764756800734473,-3.0521957658021512,2.174533657836914,1.1768286318697714,-574.0153926922337,-260.9288177623038
24353036,-1554,-1310,31612,3244,-3168,1497,10085.0,-11.86259541984733,-10.0,244.78553787485038,-0.35563516453573624,-3.1308906132919385,0.8960299713134765,1.2199552815661747,-576.6260852616954,-268.8985780512246
24363046,-1431,-1664,31268,-768,-2516,-2819,10010.0,-10.923664122137405,-12.702290076335878,243.1164833255805,-0.23889077461750657,-3.197359970404643,-1.687313619995117,1.2625753425350787,-578.9346371696602,-276.9506479526979
24373145,537,2008,31368,-5756,-5776,3473,10099.0,4.099236641221374,15.32824427480916,240.16855306035245,-0.12152067314781888,-3.241598099426162,2.0787655914306638,1.3051674463858132,-580.9625558934758,-285.19543439425877
24382926,-251,-218,30658,2596,-8832,4161,9781.0,-1.916030534351145,-1.6641221374045803,235.8473388085969,-0.0011331081677498772,-3.246768356514541,2.490568276977539,1.3457979385262266,-582.6269807116266,-293.2745993147253
24392919,-251,-218,30658,2596,-8832,4161,9993.0,-1.916030534351145,-1.6641221374045803,230.04014774454996,0.11775536643383377,-3.1982834872222066,2.490568276977539,1.3864258320001541,-584.0164620018521,-301.60012320033746
24402907,1404,-1355,30338,-872,-5760,417,9988.0,10.717557251908397,-10.34351145038168,222.638549213,0.23113990808346546,-3.094337169094878,0.24959552307128904,1.425882096175595,-585.0911417229347,-309.9685021109585
24412894,-599,65,30208,-536,-4116,-4947,9987.0,-4.572519083969466,0.4961832061068702,213.5778102451421,0.3399969311358676,-2.9469956785498495,-2.961028903198242,1.4638996676174256,-585.8584316917611,-318.35806751735555
24422962,-2437,791,28808,1012,-5232,2973,10068.0,-18.603053435114504,6.038167938931298,202.89036935268655,0.4454920745235073,-2.77527334516894,1.7794903839111327,1.5004905096290413,-586.3334481702831,-326.813646164302
24433009,-3087,-1666,25748,-288,352,385,10047.0,-23.564885496183205,-12.717557251908397,190.7457655289729,0.5452214154946864,-2.5976877306218884,0.23044190979003906,1.535003193466889,-586.525000682714,-335.22698376696206
24442916,-192,-383,23296,1576,-1680,-3039,9907.0,-1.465648854961832,-2.9236641221374047,177.44235512259036,0.6336067956544225,-2.4250711220604955,-1.8189947113037108,1.5668348549111921,-586.4553882111186,-343.4792336758499
24452976,-201,-423,21254,3720,-3020,1189,10060.0,-1.534351145038168,-3.2290076335877864,163.35497233294396,0.7040762122571088,-2.2542560007187857,0.7116764434814453,1.5967534732050546,-586.141073679827,-351.79704512735736
24462911,656,1706,19660,952,-7664,3345,9935.0,5.00763358778626,13.022900763358779,148.88343658245614,0.7532694734017473,-2.0702158773807375,2.002151138305664,1.623824303019542,-585.6089736205956,-359.93678324434154
24472929,544,1721,17240,3040,-5544,-515,10018.0,4.152671755725191,13.13740458015267,134.42924723518666,0.7841537796234644,-1.8581544706198954,-0.3082534637451172,1.648592501398253,-584.8705469476655,-368.05924302177004
24483022,-56,-309,15200,-1084,-3432,1729,10093.0,-0.42748091603053434,-2.3587786259541983,120.3859256133998,0.804771491482781,-1.6148250119156147,1.034893667602539,1.6710361225638657,-583.9455620393875,-376.1492161848154
24492911,-56,-309,15200,-1084,-3432,1729,9889.0,-0.42748091603053434,-2.3587786259541983,107.1331282534342,0.8229839792007329,-1.3502254252608719,1.034893667602539,1.6906705174775054,-582.8888067788638,-383.9811005905306
24502979,-1799,-352,13362,-2424,-888,1945,10068.0,-13.732824427480915,-2.687022900763359,95.05450895024988,0.8384305729393597,-1.0827784853343005,1.1641805572509765,1.7084346979168517,-581.6882776601934,-391.8568315368859
24512945,-521,-1180,10933,4108,828,-823,9966.0,-3.9770992366412212,-9.007633587786259,84.5717218006841,0.83731461851452,-0.8333899698352595,-0.49260699157714843,1.7240567474890616,-580.4036831727685,-399.5556505084154
24523031,488,-262,8348,5100,-596,-1547,10086.0,3.7251908396946565,-2.0,76.14202610015423,0.7980011017655124,-0.619387818847908,-0.9259574920654297,1.7382022820738379,-579.0322290344315,-407.2516596781698
24533017,-355,-414,6737,2356,-756,1161,9986.0,-2.7099236641221376,-3.1603053435114505,70.19825558438137,0.7044619732917502,-0.4514126509676984,0.6949170318603515,1.7509550019540847,-577.6249873393953,-414.78343048172525
24542899,98,-25,5115,4632,320,517,9882.0,0.7480916030534351,-0.19083969465648856,67.06197861494434,0.555133957541459,-0.33504386905879024,0.3094505645751953,1.7627918741101585,-576.1995690637009,-422.1619502511993
24552930,1320,1046,5133,-484,140,-4435,10031.0,10.076335877862595,7.984732824427481,66.86214121681792,0.36312581488364937,-0.27278809144918964,-2.654571090698242,1.7745151882656616,-574.7287750135525,-429.59180436869957
24562922,444,546,7052,-780,912,533,9992.0,3.3893129770992365,4.1679389312977095,69.48498686222817,0.15117411801292374,-0.26355965126016095,0.3190273712158203,1.7864042009935084,-573.2428062181903,-436.95187420432626
24572894,728,470,8164,2276,-1372,1869,9972.0,5.557251908396947,3.5877862595419847,74.58052802881045,-0.05505955995348494,-0.3018484819104295,1.1186907257080076,1.7989410870146252,-571.7361639326008,-444.2764589410572
24582983,-442,555,11554,-4436,1228,2113,10089.0,-3.3740458015267176,4.236641221374046,81.62396822281463,-0.23045848959962872,-0.37843023299830414,1.264737026977539,1.8126938204277636,-570.1799205070328,-451.6844957919875
24592920,-179,1070,14362,-3948,-1516,-4783,9937.0,-1.366412213740458,8.16793893129771,90.01557513239699,-0.35392730642971554,-0.481217565999534,-2.862866635131836,1.8275778324511225,-568.6047079981761,-458.99261210627105
24602991,-754,-458,15116,-2704,-3340,769,10071.0,-5.755725190839694,-3.49618320610687,99.19972370526655,-0.41627536962335493,-0.5966582511565762,0.46028526916503903,1.8442072185140086,-566.9522886245292,-466.41977401773204
24612919,-2323,-1116,16246,176,108,-1863,9928.0,-17.732824427480917,-8.51908396946565,108.75534489665503,-0.42395308533145915,-0.7133951468812458,-1.1150994232177733,1.8622240597074178,-565.2555160155403,-473.7638319920802
24622907,-1872,-745,16359,-196,-1784,3609,9988.0,-14.290076335877863,-5.687022900763359,118.42001839278998,-0.3931208149842829,-0.8239712083550792,2.1601684478759764,1.88202506030308,-563.4688565329444,-481.1712576460944
24632923,-1040,-991,16823,928,-2468,-1611,10016.0,-7.938931297709924,-7.564885496183206,128.0597564426656,-0.34098258695161565,-0.9227706498991547,-0.9642647186279296,1.903568893424229,-561.5870651626735,-488.6111078028788
24642928,-1040,-991,16823,928,-2468,-1611,10005.0,-7.938931297709924,-7.564885496183206,137.60933931282773,-0.28030011557243917,-1.0057297886625853,-0.9642647186279296,1.9267644876339796,-559.6093855633959,-496.04468861176827
24652895,-746,641,18687,212,-368,-231,9967.0,-5.694656488549619,4.893129770992366,147.00490565310957,-0.2170375037153744,-1.0716814940802881,-0.13826514587402344,1.951519802979045,-557.5362112722299,-503.4413018397704
24662934,28,1144,20288,-4420,-4780,-375,10039.0,0.21374045801526717,8.732824427480915,156.14069974863446,-0.15222910901835357,-1.1217615023460201,-0.22445640563964842,1.9780774199491922,-555.3405600810197,-510.8715999084933
24672894,279,495,21522,1416,-2364,3565,9960.0,2.1297709923664123,3.7786259541984735,164.8676353759243,-0.08864662550648286,-1.159992921792363,2.133832229614258,2.00597862877305,-553.0539923195549,-518.2132077139953
24683381,3641,-1510,22883,2316,-2280,77,10487.0,27.793893129770993,-11.526717557251908,173.01446225436428,-0.033880529574884126,-1.1959207671012504,0.04608838195800781,2.036900361472742,-550.529784666263,-525.8994681404296
24692943,-241,-2070,24842,-2480,-1240,-119,9562.0,-1.8396946564885497,-15.801526717557252,180.41182245476102,0.004592525482665569,-1.2440518930897084,-0.07122749938964844,2.0663917320685283,-548.1240190593861,-532.8595982430979
24702949,921,-1107,25940,3888,-948,-2179,10006.0,7.030534351145038,-8.450381679389313,186.9249153066589,0.0231846492684474,-1.3195364170197315,-1.304241354370117,2.0984671434625017,-545.4989208137499,-540.0844932682281
24712920,-3093,1229,26383,-2424,-1220,-467,9971.0,-23.610687022900763,9.381679389312977,192.49180783038187,0.02175563977455268,-1.4338435132419856,-0.27952304382324217,2.131481478711538,-542.7696778326795,-547.2157660326243
24723018,-1049,-735,25950,500,-4240,1929,10098.0,-8.007633587786259,-5.6106870229007635,197.14058199906387,0.0025126077070802616,-1.5932186353746143,1.1546037506103515,2.1658165371218967,-539.8827345406303,-554.3582584420443
24732927,-1313,-230,26389,-164,456,-2803,9909.0,-10.022900763358779,-1.7557251908396947,200.97003441976702,-0.03232952934262836,-1.8000780120131414,-1.677736813354492,2.200242092822676,-536.9182295170112,-561.2777982518328
24742958,-1313,-230,26389,-164,456,-2803,10031.0,-10.022900763358779,-1.7557251908396947,204.11177324523476,-0.08188106821429472,-2.0514272899750634,-1.677736813354492,2.235701734415989,-533.7688788270638,-568.1783875787097
24752993,-1571,-4189,27481,1548,-2828,7009,10035.0,-11.992366412213741,-31.977099236641223,206.70245527926585,-0.14504523479179451,-2.3320088504480556,4.1952398590087885,2.2716775149907424,-530.4501365620074,-574.960176301485
24762911,-94,-425,25996,716,-11260,1933,9918.0,-0.7175572519083969,-3.2442748091603053,208.87155954414845,-0.2176318894537324,-2.614031590257972,1.1569979522705078,2.30764581068412,-526.9846536055618,-581.5248547269988
24772938,965,3963,26080,-2944,-3712,-1003,10027.0,7.366412213740458,30.251908396946565,210.71990989400805,-0.2907412551210862,-2.8701161198671934,-0.6003460662841796,2.3443609378698502,-523.2736282645834,-588.0021076025552
24783017,-893,888,27816,-1816,-4144,-1959,10079.0,-6.816793893129771,6.778625954198473,212.28515179527912,-0.35450185823221597,-3.0834790506583705,-1.1725602630615233,2.3815667150928634,-519.315955715984,-594.3310306971463
24792910,-2448,-790,29041,2212,-4592,625,9893.0,-18.68702290076336,-6.030534351145038,213.54132287828915,-0.4030927652222978,-3.243097945897661,0.37409400939941406,2.418329469258591,-515.1975328216115,-600.3470630955829
24802919,-1765,-479,28546,-612,-8748,825,10009.0,-13.473282442748092,-3.6564885496183206,214.44935469024472,-0.43238305830594165,-3.336574889086431,0.49380409240722656,2.4557123160248646,-510.7886268908388,-606.2187603421122
24812941,-694,800,28740,-4164,-7228,1865,10022.0,-5.297709923664122,6.106870229007634,215.00554607011654,-0.4355929638075587,-3.353128052305959,1.1162965240478515,2.493271775482409,-506.13017794406557,-611.8674539864385
24822945,-373,791,28036,1524,-7256,-119,10004.0,-2.8473282442748094,6.038167938931298,215.25047566914822,-0.4061564807937073,-3.2907194676048275,-0.07122749938964844,2.530833715280228,-501.2443968719905,-617.265834203267
24832901,3076,-440,27109,-3244,-6520,-311,9956.0,23.480916030534353,-3.3587786259541983,215.24698389267542,-0.3417494502402609,-3.1586824250200642,-0.18614917907714842,2.568236406576364,-496.1631346201223,-622.3947907699622
24842928,3076,-440,27109,-3244,-6520,-311,10027.0,23.480916030534353,-3.3587786259541983,215.04027823815903,-0.24535147460010825,-2.9765217557802464,-0.18614917907714842,2.6058874378918655,-490.8465287258938,-627.314033944039
24852943,1174,-2007,27801,2184,-1316,-735,10015.0,8.961832061068701,-15.320610687022901,214.6214228981145,-0.1273978754522693,-2.7709647243139153,-0.43993455505371093,2.643438737249761,-485.36322802508187,-631.9837612583907
24862920,962,478,27591,1472,-3196,-1463,9977.0,7.343511450381679,3.648854961832061,213.92049733011055,-0.0038113979725910626,-2.569370502076386,-0.8756792572021483,2.680750060827621,-479.7573891429747,-636.399388849616
24872974,-159,2231,28221,-880,-2660,1341,10054.0,-1.213740458015267,17.03053435114504,212.82582173711214,0.1114700724648114,-2.3921867689832874,0.8026561065673827,2.7181918019852076,-473.9923084001497,-640.6175254374847
24882940,-3230,2731,28794,-812,-3540,-5483,9966.0,-24.65648854961832,20.84732824427481,211.2139483916303,0.20838732207290178,-2.2507891756044467,-3.2818519256591796,2.755070437593416,-468.18874935567123,-644.5763519652736
24892909,1178,-3088,27173,5196,-1412,8097,9969.0,8.992366412213741,-23.572519083969464,208.98226873999135,0.27764346902084475,-2.149410742622285,4.846462710571289,2.791625801044134,-462.31715992178346,-648.3210530699132
24902941,1043,269,26207,-376,-2564,-1447,10032.0,7.961832061068702,2.053435114503817,206.05766114288826,0.3130914502911449,-2.085666050775833,-0.8661024505615234,2.8279607685755024,-456.35949516410284,-651.876926080217
24913101,-435,-995,26990,444,-4468,-11147,10160.0,-3.3206106870229006,-7.595419847328245,202.37162033419742,0.3158126042730263,-2.05034974330141,-6.672041476440429,2.8641732220500145,-450.28930263129877,-655.264467419024
24923018,1516,1126,26012,1272,-5716,6089,9917.0,11.572519083969466,8.595419847328245,197.8440128980811,0.29176548836202465,-2.0312263065328056,3.6445734771728513,2.898808743797815,-444.33771116132897,-658.3659190183603
24932922,820,1193,26457,8,-3316,-6019,9904.0,6.259541984732825,9.106870229007633,192.40031400410805,0.24818865856453548,-2.019720838288906,-3.602674948120117,2.932537055433372,-438.3731999532214,-661.2628429999559
24942946,-2422,-69,26159,-472,-2984,-4263,10024.0,-18.48854961832061,-0.5267175572519084,186.00722545158152,0.19272118804956256,-2.013560527958972,-2.5516204193115235,2.9656385963124716,-432.31843414865585,-663.992303189811
24952909,-3829,-1484,23696,-1216,-4100,6285,9963.0,-29.229007633587788,-11.32824427480916,178.7082109320238,0.13148203303719086,-2.0139704016289013,3.7618893585205075,2.9973482608250195,-426.2840543687493,-666.5042391268853
24962983,-2967,-495,22121,828,-432,-1275,10074.0,-22.64885496183206,-3.7786259541984735,170.62805913234828,0.06654665620872421,-2.022100684961431,-0.7631517791748046,3.0280591928913574,-420.1661836802948,-668.8408767284874
24972900,-6,99,21363,1568,-1772,2501,9917.0,-0.04580152671755725,0.7557251908396947,161.9369405464446,-0.002959384920543591,-2.035077647736407,1.4969745880126952,3.0568400832976224,-414.12729223588843,-670.9410487750819
24983030,679,454,18783,4428,-4332,4669,10130.0,5.183206106870229,3.4656488549618323,152.80942647099712,-0.07463644310512288,-2.0421515232626115,2.7946318878173826,3.0846639537902014,-407.94081473797746,-672.8805504886167
24992906,1149,1760,17510,-4548,-4452,21,9876.0,8.770992366412214,13.435114503816793,143.39118605249146,-0.13666796419815833,-2.0264603781645523,0.012569558715820313,3.110191813557024,-401.890772503522,-674.5709283298809
25002929,1149,1760,17510,-4548,-4452,21,10023.0,8.770992366412214,13.435114503816793,133.7689309232724,-0.1723745733701897,-1.9717074610856475,0.012569558715820313,3.1344342261400824,-395.73129147869224,-676.0858501071103
25012906,2761,77,17002,2240,-7864,-1435,9977.0,21.076335877862597,0.5877862595419847,123.97247899298344,-0.17292879276355969,-1.8683752277019152,-0.8589198455810546,3.1568746752323853,-389.5821783885624,-677.3984405876389
25022916,-640,-869,15606,-2492,-1292,-8447,10010.0,-4.885496183206107,-6.633587786259542,114.018559785652,-0.14107507437380387,-1.7181748682586613,-5.055955355834961,3.1776640799531157,-383.3988705826004,-678.5294637456202
25032910,-189,261,15512,-684,-3972,2065,9994.0,-1.4427480916030535,1.9923664122137406,103.96179302078674,-0.08554889838470868,-1.5339411502980052,1.236006607055664,3.1966750408341866,-377.21786222068073,-679.4874555750122
25042925,-856,-441,13422,972,-1048,1025,10015.0,-6.534351145038168,-3.366412213740458,93.93313849868315,-0.018449179981026635,-1.3342563780677374,0.613514175415039,3.213970535860269,-371.0237981459779,-680.2939995790678
25053227,-2183,-233,11460,1792,460,4101,10302.0,-16.66412213740458,-1.7786259541984732,84.15910965510186,0.04659729818126641,-1.1376262129403314,2.454655252075195,3.2299813690845665,-364.66018765410956,-680.984367996625
25062921,-21,-225,8876,368,-1436,-23,9694.0,-0.16030534351145037,-1.717557251908397,74.94257169383062,0.09925547808165316,-0.9577509032154743,-0.013766659545898436,3.24344075223725,-358.6858154354668,-681.5238718267271
25072924,-1278,-19,6650,260,-620,-2659,10003.0,-9.755725190839694,-0.1450381679389313,66.60157290533358,0.1347424986228601,-0.8011600688045154,-1.5915455535888672,3.2557965146551635,-352.5398601135912,-681.987240262709
25082905,-893,201,5299,-1408,-1676,-263,9981.0,-6.816793893129771,1.534351145038168,59.38833385040544,0.15114748893473476,-0.6690876426253568,-0.15741875915527342,3.2667703182233816,-346.42935999819446,-682.3710725822434
25092929,397,788,5326,2312,340,421,10024.0,3.030534351145038,6.015267175572519,53.422293118231984,0.14585916996809814,-0.5603442773428247,0.2519897247314453,3.2766385295850506,-340.31539831051134,-682.691245176344
25102938,1300,1047,5191,4216,-512,-483,10009.0,9.923664122137405,7.99236641221374,48.66767763741892,0.11728243800064721,-0.4718123451658569,-0.28909985046386716,3.285555578327358,-334.23207138109655,-682.9566394204517
25112953,-144,-671,5908,-3656,-4612,-451,10015.0,-1.099236641221374,-5.122137404580153,44.95895753206134,0.07070933819498394,-0.3991181148289145,-0.2699462371826172,3.2937382992815967,-328.16309237050194,-683.1765808315173
25122910,-615,-1043,6307,1744,2044,1189,9957.0,-4.694656488549619,-7.961832061068702,42.05587861789156,0.018030644866127127,-0.34053632247427795,0.7116764434814453,3.3012991242752356,-322.1421072575468,-683.3566852864526
25133737,106,745,6582,-2248,-656,-3319,10827.0,0.8091603053435115,5.687022900763359,39.709799433489366,-0.02880226158906677,-0.2985235153281097,-1.9865888275146484,3.3090246234637086,-315.6032219341938,-683.5146635813392
25142907,-987,593,6026,-1332,40,2645,9170.0,-7.534351145038168,4.526717557251908,37.7219388769421,-0.06195354925157663,-0.27551935900436647,1.5831658477783201,3.3152209702656954,-310.06755186265764,-683.6205468118096
25153030,-987,593,6026,-1332,40,2645,10123.0,-7.534351145038168,4.526717557251908,35.97665171518942,-0.07976024202697787,-0.27089932689105733,1.5831658477783201,3.32173149197344,-303.9556557581295,-683.7095250371323
25162927,-390,329,4590,1496,1416,745,9897.0,-2.9770992366412212,2.5114503816793894,34.44634742459887,-0.08725674943020811,-0.28067644272266573,0.44592005920410155,3.3278137586640213,-297.9775639482757,-683.7683921124781
25173060,-1004,-987,3239,-732,-2152,-55,10133.0,-7.66412213740458,-7.534351145038168,33.16552320598301,-0.09264039605900301,-0.29680071263335817,-0.032920272827148434,3.3337924807524715,-291.8535773627792,-683.7988746825602
25182912,78,555,2466,2612,-1920,1665,9852.0,0.5954198473282443,4.236641221374046,32.17173493062028,-0.10247255061928635,-0.3090345300547375,0.996586441040039,3.3394098462253923,-285.89592330623435,-683.7981720589686
25192935,-438,355,3027,-532,-2128,-3051,10023.0,-3.3435114503816794,2.7099236641221376,31.439015380456528,-0.11848306304889664,-0.3106119931239713,-1.8261773162841797,3.3449736988842287,-279.8306998582294,-683.7654936930487
25202934,-157,-575,4005,3100,1796,3317,9999.0,-1.1984732824427482,-4.3893129770992365,30.848083478906506,-0.13554749975229677,-0.30134621183138055,1.9853917266845702,3.350408730109806,-273.77458306366344,-683.7003027913064
25212906,58,-32,4081,-1528,-2784,-2527,9972.0,0.44274809160305345,-0.24427480916030533,30.208505263860363,-0.14072041430014937,-0.28486701293215116,-1.512536898803711,3.3557220036887436,-267.7280853561727,-683.6033682598472
25222909,213,-369,4747,-3704,1680,2605,10003.0,1.6259541984732824,-2.816793893129771,29.30594165759299,-0.11621702486489745,-0.26524247479301366,1.5592238311767577,3.3609171770297332,-261.65580297946786,-683.4755729413575
25232911,-194,119,5232,-436,-784,-507,10002.0,-1.4809160305343512,0.9083969465648855,27.94889218788121,-0.047744347352652865,-0.24583341873228537,-0.30346506042480464,3.3659146031315257,-255.57961838621517,-683.3196049932649
25243032,-130,-226,5444,-2536,-328,-2095,10121.0,-0.9923664122137404,-1.7251908396946565,26.014853551297012,0.06872956621648167,-0.22834004282262693,-1.253963119506836,3.3706808099557266,-249.4331876782031,-683.1365505781085
25252940,-686,-791,5188,-1764,-2300,-3511,9908.0,-5.236641221374046,-6.038167938931298,23.49498661982166,0.22574559428636176,-0.21361989338045992,-2.1015105072021485,3.3749616095240738,-243.42881050754585,-682.9369963752322
25262949,-17,-455,3919,-188,-320,3973,10009.0,-0.1297709923664122,-3.4732824427480917,20.52149421859582,0.4043330984802632,-0.2051162456856854,2.3780407989501953,3.3788062291492515,-237.39062878776127,-682.7199122552535
25272955,78,-4,1755,4060,2180,1513,10006.0,0.5954198473282443,-0.030534351145038167,17.356472708407757,0.576331573172446,-0.2097700929282964,0.9056067779541015,3.382113688619151,-231.39834409908565,-682.4921088105697
25282939,-89,-168,842,3372,132,825,9984.0,-0.6793893129770993,-1.282442748091603,14.333563489326465,0.7128856270714816,-0.2333582924299286,0.49380409240722656,3.38487474121401,-225.4793181676409,-682.2575200753053
25292906,-384,-199,-98,6092,-540,-1299,9967.0,-2.931297709923664,-1.5190839694656488,11.777372045558566,0.7952088215200869,-0.2758240506457387,-0.7775169891357422,3.387145830783677,-219.6435514399789,-682.0171117408336
25302956,-565,-357,-1470,-1340,-700,-1263,10050.0,-4.312977099236641,-2.7251908396946565,9.93299175183004,0.820090584218362,-0.33223708746613745,-0.7559691741943358,3.3890498903672794,-213.84221918068653,-681.766534862725
25312913,-870,-179,-1600,2256,-376,-1487,9957.0,-6.641221374045801,-1.366412213740458,8.907966364082306,0.7959153700909104,-0.3962032316353976,-0.8900444671630859,3.3906870041438473,-208.1807356321545,-681.5057274986448
25322950,-147,276,-382,-220,-84,733,10037.0,-1.1221374045801527,2.1068702290076335,8.631311224438294,0.7338185123526639,-0.46088511434195767,0.4387374542236328,3.3922232580411853,-202.56004511779395,-681.2237142795748
25332918,598,1624,-472,2812,-1876,821,9968.0,4.564885496183206,12.396946564885496,8.852528501906269,0.6431987724044117,-0.5183839657777197,0.4914098907470703,3.393744128477658,-197.05955335226238,-680.9172746475962
25342922,598,1624,-472,2812,-1876,821,10004.0,4.564885496183206,12.396946564885496,9.17019865755225,0.5339069562363373,-0.5607493142802173,0.4914098907470703,3.395317537235122,-191.61379262056138,-680.5758479830479
25352948,1186,340,2794,-40,-1252,1753,10026.0,9.053435114503817,2.595419847328244,9.067971971258645,0.4205494513279196,-0.5827175557943656,1.0492588775634766,3.3969132559798396,-186.22185476054986,-680.1930840144131
25362969,189,418,6125,-2328,-1940,-4091,10021.0,1.4427480916030535,3.1908396946564888,7.997595106100542,0.32198738900206564,-0.5832345055256583,-2.4486697479248045,3.3984056350794485,-180.8884876174082,-679.7651519058536
25373032,-715,-2445,5510,-1828,372,-287,10063.0,-5.458015267175573,-18.66412213740458,5.538891696555999,0.2537525671007387,-0.5646628748542929,-0.17178396911621094,3.3995943584710555,-175.57981498659365,-679.287336858368
25382923,-2335,-1510,4258,-780,72,353,9891.0,-17.82442748091603,-11.526717557251908,1.5549829434371083,0.22057473529525343,-0.5299843520547947,0.21128829650878905,3.4002066680919425,-170.40106068051946,-678.7707909690325
25392911,-746,-183,965,780,-1648,2441,9988.0,-5.694656488549619,-1.3969465648854962,-3.7597437049780416,0.2158148146080257,-0.47961931830408383,1.4610615631103514,3.4000144973014113,-165.2067100635563,-678.204472660793
25402934,-459,-1077,-1739,616,-1228,1005,10023.0,-3.50381679389313,-8.221374045801527,-9.949292887443967,0.22642555583263654,-0.4116630223170133,0.6015431671142578,3.3988154065923437,-160.0276243137579,-677.5957211744505
25412961,-459,-1077,-1739,616,-1228,1005,10027.0,-3.50381679389313,-8.221374045801527,-16.419839026708296,0.23815773068320614,-0.3252682071601322,0.6015431671142578,3.3965080526480373,-154.87891722806592,-676.9529455712948
25422928,89,325,-4186,3072,-8,193,9967.0,0.6793893129770993,2.480916030534351,-22.54027957176601,0.23885421255040815,-0.2226473257973955,0.11552023010253906,3.3931193606242007,-149.79179624684457,-676.2889400563931
25432974,600,-518,-6087,388,-428,-5115,10046.0,4.580152671755725,-3.954198473282443,-27.70475168612002,0.22144989839175355,-0.10825912089411491,-3.0615853729248044,3.388714484834864,-144.69267463930046,-675.6041633092271
25442963,1033,671,-7381,348,-1372,-155,9989.0,7.885496183206107,5.122137404580153,-31.400933598395568,0.18544330649286625,0.012115885149777421,-0.09277531433105468,3.3835622144990336,-139.6461655064785,-674.9182135936128
25453001,909,587,-7115,1000,1572,-4207,10038.0,6.938931297709924,4.480916030534351,-33.28671089281571,0.1348760495972015,0.13082333204064173,-2.518101596069336,3.377895701355124,-134.59238180664997,-674.2344492842583
25462956,-351,169,-6943,1444,708,-1751,9955.0,-2.6793893129770994,1.2900763358778626,-33.23472514136879,0.07659985398740551,0.23897071702164546,-1.0480617767333984,3.3721167338522124,-129.59030647276364,-673.5718399937468
25472956,47,-102,-5630,-2124,212,3109,10000.0,0.35877862595419846,-0.7786259541984732,-31.330730087970494,0.02048033868024414,0.32888334021414567,1.860893240356445,3.366482334968207,-124.56778320020804,-672.9307953533163
25483011,-604,-951,-3688,32,1536,-547,10055.0,-4.6106870229007635,-7.259541984732825,-27.834924919672154,-0.022677485200253852,0.39494035210479883,-0.3274070770263672,3.3612907600724866,-119.51271229937774,-672.3185235133645
25492954,74,-232,-1791,-1208,1664,-4979,9943.0,0.5648854961832062,-1.7709923664122138,-23.11031594291741,-0.045021335504767356,0.43342562899972026,-2.980182516479492,3.3568702902385694,-114.50386016646205,-671.7503413536772
25502931,64,809,-730,-1360,732,1049,9977.0,0.48854961832061067,6.175572519083969,-17.531692282614884,-0.04353506442948953,0.443652764613643,0.6278793853759765,3.3533317633216466,-109.46503185378342,-671.2207790783394
25512920,-434,263,189,-2892,-108,3025,9989.0,-3.312977099236641,2.0076335877862594,-11.407506269487492,-0.02154644824324247,0.42795762610675825,1.810615005493164,3.350809119797171,-104.40722633437426,-670.7323911610652
25522919,-160,-657,706,448,144,-4115,9999.0,-1.2213740458015268,-5.015267175572519,-4.937607299584298,0.008802577694688079,0.3889737116972416,-2.4630349578857422,3.3493828821932317,-99.33368187811864,-670.2843681453571
25533025,156,-1307,793,4556,2728,3889,10106.0,1.1908396946564885,-9.977099236641221,1.7924932795019788,0.028837349002514494,0.32785959195435904,2.327762564086914,3.3491055099106912,-94.19842447140967,-669.8697818114177
25543310,228,-1224,1848,-60,588,3025,10285.0,1.7404580152671756,-9.34351145038168,8.791121380038726,0.022857916539545924,0.24674761390542554,1.810615005493164,3.3500554269700142,-88.96752765766418,-669.4814311512434
25554827,705,35,2210,-728,-436,-475,11517.0,5.3816793893129775,0.26717557251908397,16.13123976048667,-0.01539264562764332,0.1516679151492637,-0.28431144714355466,3.3525602435175395,-83.10552341128385,-669.0764998329464
25562964,705,35,2210,-728,-436,-475,8137.0,5.3816793893129775,0.26717557251908397,23.92086674184944,-0.08666303043741702,0.050929142095473584,-0.28431144714355466,3.355404292358301,-78.95977074625375,-668.8024940047916
25572918,143,-345,1882,3116,532,1337,9954.0,1.0916030534351144,-2.633587786259542,32.257767742931875,-0.19132002838454526,-0.0481963982441462,0.8002619049072265,3.360284251514227,-73.87865320524719,-668.4694593312304
25582916,730,-38,2250,404,68,1873,9998.0,5.572519083969466,-0.2900763358778626,41.157372935092816,-0.3265792469022319,-0.1395610405929266,1.121084927368164,3.3666896498065326,-68.75673017099666,-668.1260957682492
25592968,449,637,4831,-2012,-2236,2381,10052.0,3.427480916030534,4.862595419847328,50.47985728266437,-0.48198504937455927,-0.21692870523900393,1.4251485382080078,3.374728090386076,-63.577663342076306,-667.7599811169489
25602998,25,559,6355,-1424,-404,1877,10030.0,0.19083969465648856,4.267175572519084,59.90220518880765,-0.6418795914693143,-0.2754712946560634,1.1234791290283201,3.3843896404688016,-58.36759812633528,-667.3625600869879
25612940,-106,-253,9713,-1592,-968,-2975,9942.0,-0.8091603053435115,-1.9312977099236641,68.95157271679987,-0.7912450617146191,-0.31402803898144055,-1.7806874847412109,3.3955690351015675,-53.14818673577173,-666.9272307900303
25622935,-305,945,13809,-2312,-488,-8575,9995.0,-2.3282442748091605,7.213740458015267,77.09307424212965,-0.9180474599778301,-0.33469295650350134,-5.1325698089599605,3.4083074624234366,-47.832980941787866,-666.4399517304477
25632936,2413,5361,14543,-3168,-1680,4029,10001.0,18.419847328244273,40.9236641221374,83.86325903135047,-1.0136075996777842,-0.3415124499460286,2.4115596221923825,3.4223549568702167,-42.435565886364735,-665.8963498795907
25642973,-1218,187,13933,-3976,860,-1939,10037.0,-9.297709923664122,1.4274809160305344,88.99264750354169,-1.074639254387592,-0.3401681367365685,-1.1605892547607422,3.437495293109945,-36.93111029916177,-665.2899091301523
25652907,-847,1657,13205,1104,920,545,9934.0,-6.465648854961832,12.648854961832061,92.4400023950342,-1.1047031460860692,-0.33619722680279324,0.32620997619628905,3.453223780962014,-31.39176160314637,-664.6265790877308
25662975,-245,257,12500,-476,-808,429,10068.0,-1.8702290076335877,1.9618320610687023,94.33923600973255,-1.1098637556707298,-0.3313809756685761,0.2567781280517578,3.469634181415942,-25.682802643815965,-663.8881554101102
25672998,-245,257,12500,-476,-808,429,10023.0,-1.8702290076335877,1.9618320610687023,94.92059260330429,-1.0907241023559124,-0.3228577071360405,0.2567781280517578,3.486188204053468,-19.90487055405081,-663.0857330485748
25682894,596,430,11932,-6980,-3792,-2027,9896.0,4.549618320610687,3.282442748091603,94.44985269752047,-1.041029326632428,-0.3072044883793551,-1.2132616912841796,3.502542025771424,-14.110339211178477,-662.2276615783949
25692970,-770,55,11556,-1960,1336,-1339,10076.0,-5.877862595419847,0.4198473282442748,93.19104224941196,-0.9563443805050557,-0.28573300626156806,-0.8014590057373047,3.5190412310667627,-8.124105348229959,-661.2885787905147
25702894,-715,-602,10981,508,-1540,-615,9924.0,-5.458015267175573,-4.595419847328245,91.37985943399532,-0.8414441794870529,-0.26540058028088537,-0.36810850524902344,3.5350256686978816,-2.1510230823098118,-660.3026400508501
25712925,2268,-1812,11045,-1480,3316,157,10031.0,17.31297709923664,-13.83206106870229,89.20247946242192,-0.7065933481822404,-0.254362076439346,0.0939724151611328,3.5508333028453145,3.9535247282323738,-659.2493370201529
25722903,1430,157,11932,-1640,-296,-1671,9978.0,10.916030534351146,1.1984732824427482,86.79178397518689,-0.5609564835971781,-0.2560218531737556,-1.0001777435302734,3.56615791118038,10.080120198397422,-658.1501550186224
25732966,-72,795,12296,-568,-1600,-1003,10063.0,-0.549618320610687,6.068702290076335,84.25666088473434,-0.4126309334389368,-0.26646501863413086,-0.6003460662841796,3.581178742690598,16.299674679548634,-656.9947314508292
25742980,-1803,-567,11956,-3980,-1680,941,10014.0,-13.763358778625955,-4.32824427480916,81.73560474572281,-0.27220161839155727,-0.278420887466504,0.5632359405517577,3.5956845803120596,22.51530388320034,-655.8030232464679
25752920,-1354,-2189,10788,2632,-292,-607,9940.0,-10.335877862595419,-16.709923664122137,79.43761116256528,-0.15542266795716103,-0.287407359317558,-0.3633201019287109,3.609665206631688,28.697768735824866,-654.5833561884267
25762919,-1354,-2189,10788,2632,-292,-607,9999.0,-10.335877862595419,-16.709923664122137,77.64555104837991,-0.08072382543984762,-0.2930597962485224,-0.3633201019287109,3.623371927722625,34.91881816988122,-653.3235603964831
25772923,-1421,-2086,8990,2248,-1892,2457,10004.0,-10.84732824427481,-15.923664122137405,76.6905677187021,-0.06015060603078409,-0.2971016446911389,1.4706383697509764,3.6368456822056507,41.13778120356239,-652.032847794955
25782920,-936,-513,8848,356,1852,1273,9997.0,-7.145038167938932,-3.9160305343511452,76.90875685671462,-0.09260944002699108,-0.302207946542761,0.7619546783447265,3.650245730698137,47.34471720841612,-650.7133924112521
25793087,54,3,7545,516,-2168,-2511,10167.0,0.4122137404580153,0.022900763358778626,78.58213771160324,-0.16526049994863154,-0.3109077454990986,-1.502960092163086,3.6640414756771853,53.65125393485785,-649.339197800618
25803045,-35,668,8659,-188,-1548,-1831,9958.0,-0.26717557251908397,5.099236641221374,81.87614731756682,-0.2581759395907227,-0.3252897911672397,-1.0959458099365234,3.6779852915733913,59.8272538882014,-647.9575969652037
25812907,2018,796,10033,-8132,-1276,2525,9862.0,15.404580152671755,6.076335877862595,86.80069321837796,-0.35045017030035525,-0.3499411366482884,1.5113397979736327,3.6925019890989565,65.9489486370556,-646.5488549312491
25822916,1692,453,11409,2080,-428,1469,10009.0,12.916030534351146,3.4580152671755724,93.21639379191535,-0.42963939991281447,-0.39431664822522117,0.8792705596923828,3.708225581998802,72.17278193647108,-645.0709036377204
25832988,2134,-320,13650,-332,816,-1131,10072.0,16.290076335877863,-2.4427480916030535,100.87804052282816,-0.49540420958504705,-0.47064349895280555,-0.6769605194091797,3.7252854698215336,78.45023113368656,-643.526143977311
25842956,253,-224,15384,-1696,172,1421,9968.0,1.9312977099236641,-1.7099236641221374,109.49457730271646,-0.5519488942177341,-0.5891786698884551,0.8505401397705078,3.743585196889612,84.67735075619392,-641.9301223770162
25852938,253,-224,15384,-1696,172,1421,9982.0,1.9312977099236641,-1.7099236641221374,118.78487488765556,-0.6024000168253677,-0.7541309197788657,0.8505401397705078,3.76347047911397,90.92433790950203,-640.2515514105748
25862901,-2095,-1247,16157,1492,-344,2977,9963.0,-15.992366412213741,-9.51908396946565,128.49591500094618,-0.6499005450899513,-0.9618862506505738,1.781884585571289,3.7849699554331413,97.16353201422866,-638.4796748382622
25872923,-1825,-1051,17737,-1684,-1308,29,10022.0,-13.931297709923664,-8.022900763358779,138.3768168655806,-0.6964321247017689,-1.2010074987394468,0.017357962036132813,3.808310230593866,103.43316499178907,-636.5806740213563
25882922,-1720,-306,19777,-252,-2624,-619,9999.0,-13.129770992366412,-2.33587786259542,148.1528583249566,-0.7398549280930105,-1.453568911069903,-0.3705027069091797,3.833312161334464,109.66826686728804,-634.5484169552903
25892905,-677,1126,21322,-2832,-3480,-319,9983.0,-5.1679389312977095,8.595419847328245,157.53446540870573,-0.7746452955896294,-1.6981266899921563,-0.19093758239746092,3.8599430631108933,115.85737816300016,-632.3611918562098
25902894,-1611,421,23088,-3476,-6380,3001,9989.0,-12.297709923664122,3.213740458015267,166.2515890885204,-0.7960010092504645,-1.914328346614429,1.7962497955322265,3.888167645496011,121.9967917010351,-629.9952488149247
25913013,1429,180,23229,1388,-4104,-1147,10119.0,10.908396946564885,1.3740458015267176,174.0868327420405,-0.8035562677108747,-2.0883944748281427,-0.6865373260498047,3.918221207204836,128.1433937197559,-627.4017988002232
25922952,96,1592,24957,-2516,-4616,177,9939.0,0.732824427480916,12.15267175572519,180.89030797042847,-0.8001023464955456,-2.2161414621084465,0.10594342346191406,3.9490098432223926,134.09239492337113,-624.6511352800525
25932954,-564,211,26110,-1700,-2824,-6571,10002.0,-4.305343511450381,1.6106870229007633,186.58571515278857,-0.7879892795914883,-2.3008754332527217,-3.9330747772216794,3.981084589517093,139.97504695168766,-621.6736976434555
25942905,-606,466,25875,-376,-5204,-3059,9951.0,-4.625954198473282,3.5572519083969465,191.18437588361502,-0.7691581350552846,-2.3490673118372167,-1.8309657196044922,4.013889712406164,145.7104518044023,-618.5015682383387
25953018,-2529,-3826,25024,456,-4112,2733,10113.0,-19.30534351145038,-29.206106870229007,194.78635058124334,-0.7451508415291683,-2.3684890860106345,1.6358382843017578,4.047952622361408,151.40729116835936,-615.0655343401697
25962917,-3903,-1872,25109,-2336,-1668,1773,9899.0,-29.793893129770993,-14.290076335877863,197.54101679458628,-0.7143138535111884,-2.3679933216541467,1.0612298858642577,4.081843849975874,156.8448092908609,-611.4999451775576
25972906,-3903,-1872,25109,-2336,-1668,1773,9989.0,-29.793893129770993,-14.290076335877863,199.58764435779852,-0.6720747908319398,-2.354002178820905,1.0612298858642577,4.1164617418168055,162.18376390977622,-607.7065062178397
25982918,-32,375,25216,-780,-4616,-1751,10012.0,-0.24427480916030533,2.8625954198473282,201.01205182183094,-0.6152865328452728,-2.325271209279657,-1.0480617767333984,4.151462610923007,167.37793193556598,-603.7169545894981
25992924,1226,1599,26495,-1344,-7040,-1503,10006.0,9.358778625954198,12.206106870229007,201.83117414941728,-0.544449608688465,-2.2743103359442425,-0.8996212738037109,4.186638407057766,172.40503706176773,-599.5543854873152
26002894,416,378,25898,-2812,-6888,2585,9970.0,3.1755725190839694,2.885496183206107,202.00393380038494,-0.4632147985736074,-2.197135229773158,1.5472528228759765,4.221773944618083,177.24603714754744,-595.2467928307875
26012979,983,137,26356,-380,-2668,-1547,10085.0,7.5038167938931295,1.0458015267175573,201.4530448542691,-0.3793123396036704,-2.1019800714566195,-0.9259574920654297,4.2572814781948205,181.96957416199973,-590.7438257706916
26022981,-631,519,27745,-3376,-900,-459,10002.0,-4.816793893129771,3.9618320610687023,200.08721811669088,-0.3063931043952644,-2.007411189069949,-0.2747346405029297,4.292329484735324,186.48169700837988,-586.1505179928128
26032894,-597,-1808,26982,3776,-3628,3441,9913.0,-4.557251908396947,-13.801526717557252,197.83839995237378,-0.26354831884929486,-1.9326150536056235,2.0596119781494138,4.326752933420741,190.78515280499605,-581.4886658606346
26042939,-1745,-1357,25961,3540,1644,-3283,10045.0,-13.320610687022901,-10.358778625954198,194.70263575384098,-0.2688626683515519,-1.8898998748074882,-1.965041012573242,4.361162751536307,194.9761856394043,-576.6659498947242
26053040,235,1457,26092,1920,-2168,2981,10101.0,1.7938931297709924,11.122137404580153,190.75073730876434,-0.32805279061965276,-1.8807560302273283,1.7842787872314452,4.395139639139485,199.01913528624038,-571.7228757201043
26062931,-771,1136,24686,392,-7176,-1403,9891.0,-5.885496183206107,8.67175572519084,186.11775124668438,-0.42823150803986765,-1.895434142430608,-0.8397662322998046,4.427669140020528,202.81119271899612,-566.7925362194254
26072993,158,1752,24416,-6660,-3300,-167,10062.0,1.2061068702290076,13.374045801526718,180.99416912894083,-0.5437101346123013,-1.9209429986165532,-0.09995791931152344,4.459904325353652,206.49798634332168,-561.6817838144432
26082989,1254,-652,23101,1888,-4016,-943,9996.0,9.572519083969466,-4.977099236641221,175.61712034684203,-0.648620717460494,-1.9505581123977633,-0.5644330413818359,4.491012083027017,209.98747548293528,-556.503884130671
26092972,-263,-1278,21571,-4108,-2564,-4903,9983.0,-2.0076335877862594,-9.755725190839694,170.2538306776804,-0.7241781676037577,-1.9843568737703008,-2.934692684936523,4.521143706450432,213.2965172862539,-551.2275926353956
26102962,-973,398,21563,-3104,-1040,-4535,9990.0,-7.427480916030534,3.0381679389312977,165.1748952615471,-0.7582525498084257,-2.023774025036945,-2.7144261322021483,4.550386113139107,216.42689041125746,-545.8400504982419
26113070,-4007,-2074,20269,-1696,-4504,8325,10108.0,-30.587786259541986,-15.83206106870229,160.62966322090998,-0.7459598708518096,-2.0665547094236207,4.982932205200195,4.57912498801897,219.4035211278443,-540.2809186233494
26122910,-4007,-2074,20269,-1696,-4504,8325,9840.0,-30.587786259541986,-15.83206106870229,156.8352106117137,-0.6907773961524344,-2.106221016750487,4.982932205200195,4.606385759973375,222.1100321827271,-534.7706779485626
26132962,-4444,-2102,18854,-1836,-2116,-4239,10052.0,-33.9236641221374,-16.045801526717558,153.96935207494275,-0.6022457334381196,-2.135793345717695,-2.537255209350586,4.633649613355573,224.673026374826,-529.0517615926507
26142926,-1244,-50,19363,244,-3952,3277,9964.0,-9.49618320610687,-0.3816793893129771,152.15819202699794,-0.4933810893215331,-2.149177299008209,1.9614497100830077,4.660268108429327,227.00653887979436,-523.306812226508
26152906,793,498,18635,2280,-5968,-1927,9980.0,6.0534351145038165,3.801526717557252,151.46351520528495,-0.3773566367649297,-2.140322547540895,-1.1534066497802733,4.686711108803254,229.1334896250624,-517.4926853706639
26163065,-650,1427,17708,-1652,-8604,-835,10159.0,-4.961832061068702,10.893129770992367,151.86963314424966,-0.2624102123804347,-2.1077408768625565,-0.4997895965576172,4.713602805541404,231.08150770255787,-511.5301405724705
26172951,3394,-3011,18482,-1588,-988,213,9886.0,25.908396946564885,-22.984732824427482,153.25813676424082,-0.15118273974347898,-2.062197707864706,0.1274912384033203,4.739926674061476,232.76879450815815,-505.70179579751795
26182964,2275,-297,20610,356,-368,-2519,10013.0,17.366412213740457,-2.267175572519084,155.39108518797664,-0.04611740253729822,-2.0249481696405804,-1.5077484954833984,4.7668964149889215,234.27195461747485,-499.7890583633902
26192908,-461,-495,21632,0,-1060,-2851,9944.0,-3.519083969465649,-3.7786259541984735,157.94532998923555,0.047184784192925246,-2.014817932276439,-1.706467233276367,4.7940870504860005,235.56335338446215,-493.92313332651645
26202908,-1565,1390,23083,-2840,-2100,-2691,10000.0,-11.946564885496183,10.610687022900763,160.59174000261459,0.12034137985241572,-2.0379426118691972,-1.6106991668701172,4.821884653791062,236.66145035758677,-488.04487287481203
26212907,-1429,1839,22977,1272,-1736,1465,9999.0,-10.908396946564885,14.038167938931299,163.07327844334517,0.16069630662831674,-2.087023113274302,0.8768763580322265,4.850126930507992,237.55760247225257,-482.2007404645892
26222954,-1126,164,23474,6024,-3776,1033,10047.0,-8.595419847328245,1.251908396946565,165.25210686218426,0.15241964456773668,-2.1445378393472034,0.6183025787353515,4.878913388901594,238.25180145531704,-476.3723571347813
26232918,-541,1085,22277,-236,-4224,-5555,9964.0,-4.129770992366412,8.282442748091603,167.1189121419065,0.08594761469793248,-2.186618823203357,-3.324947555541992,4.907813814565587,238.7320935446515,-470.6411217025107
26242941,610,-170,22882,-1308,-8888,4129,10023.0,4.656488549618321,-1.297709923664122,168.76997345333504,-0.035800427068414443,-2.1895364878151224,2.471414663696289,4.937193066658253,239.00265970094966,-464.925447280682
26252988,1547,26,21501,5344,-6272,3001,10047.0,11.80916030534351,0.1984732824427481,170.3670519100646,-0.20135130854215105,-2.1394738881827218,1.7962497955322265,4.966927453054446,239.0587610404046,-459.24042141924735
26262906,424,-602,22227,-3548,-5328,-7291,9918.0,3.236641221374046,-4.595419847328245,172.09333243047905,-0.3929216030341468,-2.040323928391498,-4.3640310760498044,4.996567699864541,238.9048911483457,-453.6614930815018
26272946,225,357,22764,-3220,-576,-7323,10040.0,1.717557251908397,2.7251908396946565,174.11870978390104,-0.5870593200654209,-1.9122322131162333,-4.383184689331054,5.0269012508989475,238.54229182513504,-448.03310050739503
26282931,225,357,22764,-3220,-576,-7323,9985.0,1.717557251908397,2.7251908396946565,176.5890695197077,-0.7628903228961585,-1.7809202780102378,-4.383184689331054,5.0574603706640175,237.98165172682337,-442.4392103237288
26292905,-1885,-561,23319,-2124,-3092,-1275,9974.0,-14.389312977099237,-4.282442748091603,179.63065987886168,-0.9100777534171363,-1.6665463097939104,-0.7631517791748046,5.088465582664057,237.22871895766076,-436.8407340114209
26302954,-1695,-1258,22737,-268,-864,-355,10049.0,-12.938931297709924,-9.603053435114504,183.34622273913055,-1.0275974057332098,-1.580331825193615,-0.21248539733886718,5.120296502187511,236.2799631766868,-431.17748753401867
26312943,-272,283,23443,1408,-1192,-327,9989.0,-2.0763358778625953,2.1603053435114505,187.79445135982448,-1.1161647047861798,-1.5263356468578186,-0.19572598571777342,5.152649008995861,235.15028619991776,-425.5173795259901
26322916,-631,-950,23606,-5872,-5260,2425,9973.0,-4.816793893129771,-7.251908396946565,192.96025523981356,-1.1713571572539947,-1.503098270403287,1.4514847564697264,5.185786412144831,233.8371971740024,-419.83169526428674
26332906,862,-230,25593,-4352,-2176,6817,9990.0,6.580152671755725,-1.7557251908396947,198.73437382296208,-1.1861668141213397,-1.5075273802632418,4.080318179321289,5.219934035037745,232.33504931585327,-414.1019763648452
26342900,155,-128,27245,-1092,-2128,365,9994.0,1.183206106870229,-0.9770992366412213,204.92358973255813,-1.160273574804073,-1.5393715780706743,0.2184709014892578,5.255138702135901,230.64313324385458,-408.34091541546803
26352909,1411,-383,27612,-448,-5228,-2603,10009.0,10.770992366412214,-2.9236641221374047,211.2912279445547,-1.1016599176914674,-1.6015582601727256,-1.5580267303466795,5.291492986391508,228.75667061331777,-402.55253307859977
26362920,-720,-888,29597,-3304,-1432,-2123,10011.0,-5.4961832061068705,-6.778625954198473,217.59957692651562,-1.0199615802648592,-1.6998734529064952,-1.2707225311279295,5.3289619403358675,226.67490329522488,-396.7595186129273
26372938,-3156,1906,30541,-2160,-2064,4641,10018.0,-24.091603053435115,14.549618320610687,223.64180130680668,-0.9239187542201688,-1.8425940239146221,2.777872476196289,5.367536824600524,224.39301892311357,-390.9786611162486
26382927,-850,-2745,29522,172,-292,-4319,9989.0,-6.488549618320611,-20.954198473282442,229.26511922310476,-0.8238310520617307,-2.03577213988361,-2.5851392425537107,5.407016933498778,221.9149941290651,-385.25451373823813
26392916,-652,-585,31313,-376,-2560,-2023,9989.0,-4.977099236641221,-4.465648854961832,234.36683532848105,-0.7306322725114373,-2.2767708715398216,-1.2108674896240235,5.447431948648007,219.22778747658484,-379.5980968718365
26402894,-1924,418,32418,-3232,-4608,-1427,9978.0,-14.687022900763358,3.1908396946564888,238.8761010060177,-0.6527985768648841,-2.552018435343078,-0.8541314422607421,5.488639329530813,216.32619387678142,-374.04657003860274
26412947,-1367,279,30987,1644,-8492,717,10053.0,-10.435114503816793,2.1297709923664123,242.75383706544852,-0.5970105997785632,-2.841936764810201,0.4291606475830078,5.530892230255609,213.17337420550143,-368.58669258945287
26422939,1933,867,32700,-1180,-1148,-3043,9992.0,14.755725190839694,6.6183206106870225,245.98960010778518,-0.5690304079899996,-3.1288030685313504,-1.8213889129638672,5.573509020407841,209.80174740329426,-363.3266054464239
26433074,-2570,-684,32700,172,-4860,-2875,10135.0,-19.61832061068702,-5.221374045801527,248.58393925046383,-0.5714492490017269,-3.3969729360041248,-1.7208324432373046,5.617251359407265,206.13025711481043,-358.19510071272384
26442982,-1814,1369,32700,-2668,-6928,-867,9908.0,-13.84732824427481,10.450381679389313,250.542949010448,-0.6030951250499414,-3.6264101627056475,-0.5189432098388671,5.660407672585269,202.28854916600693,-353.40754999416845
26453056,-3377,-2993,32700,4732,-10424,5161,10074.0,-25.778625954198475,-22.84732824427481,251.87815722469387,-0.6598761926020361,-3.7933128484610785,3.0891186920166014,5.704576634655666,198.12114632778767,-348.79958614450857
26462926,-4704,-783,32700,-1832,-5248,445,9870.0,-35.908396946564885,-5.977099236641221,252.59486641129126,-0.7312189410607122,-3.8788191211403933,0.2663549346923828,5.748027904414113,193.78060972031435,-344.56011759110606
26472972,-1285,1895,32700,-5308,-9360,-1663,10046.0,-9.80916030534351,14.465648854961833,252.67856110372847,-0.7977738377418269,-3.873628369744615,-0.9953893402099608,5.792324158832438,189.1033310442143,-340.53977390179836
26482936,-1285,1895,32700,-5308,-9360,-1663,9964.0,-9.80916030534351,14.465648854961833,252.08769981697398,-0.8408715398942236,-3.777728582326288,-0.9953893402099608,5.836214747864965,184.21355507020914,-336.8534796998016
26492928,748,196,31676,2628,-9812,4801,9992.0,5.709923664122138,1.4961832061068703,250.74811207046395,-0.854018955239858,-3.603457857511322,2.873640542602539,5.880060345874782,179.07298779661505,-333.45856904253304
26503011,886,-1145,31548,-1260,-1456,-4335,10083.0,6.763358778625954,-8.740458015267176,248.53890319632734,-0.8396863235946607,-3.378211567106264,-2.5947160491943357,5.923992996915725,173.66392781797506,-330.33304873900636
26512899,-311,-555,32700,-1388,-2320,-2795,9888.0,-2.3740458015267176,-4.236641221374046,245.27999898878824,-0.7983440164767767,-3.1362920437259816,-1.6729484100341796,5.9666041747922005,168.16481771072566,-327.5505782148065
26522962,-3531,2631,32606,-2788,-4300,4037,10063.0,-26.954198473282442,20.083969465648856,240.75380949990236,-0.7261337276899397,-2.9047204426815023,2.4163480255126952,6.009285837005262,162.39461464662725,-324.99313384189924
26532930,-344,-538,30115,-2444,-2060,-3611,9968.0,-2.6259541984732824,-4.106870229007634,234.75160685582327,-0.6204924015042844,-2.69715457294814,-2.1613655487060544,6.05064872647561,156.53082246883335,-322.71977011747884
26542973,-1373,-317,30423,-2272,-3936,-291,10043.0,-10.48091603053435,-2.4198473282442747,227.09274803455978,-0.48517556918426913,-2.516132756919514,-0.17417817077636719,6.091125554747969,150.50006751783766,-320.6789970938406
26552958,-737,282,29115,3020,-4412,-747,9985.0,-5.625954198473282,2.1526717557251906,217.6175198661242,-0.3304313227831375,-2.3564331926025646,-0.4471171600341797,6.129875634271493,144.40849137447896,-318.88786083020057
26562925,1436,602,27300,3452,-6264,-99,9967.0,10.961832061068701,4.595419847328245,206.19180869867037,-0.16573022899576886,-2.2099924655556253,-0.059256491088867186,6.166737926867064,138.25950787294485,-317.3264040904974
26572915,674,-338,26251,-4676,-2232,-1919,9990.0,5.145038167938932,-2.5801526717557253,192.71962895776514,0.008738606100007358,-2.071938458681019,-1.1486182464599608,6.2015147053318485,132.05424609750975,-315.97804420617877
26582942,674,-338,26251,-4676,-2232,-1919,10027.0,5.145038167938932,-2.5801526717557253,177.1627009598255,0.19713404746802082,-1.9416331631226615,-1.1486182464599608,6.233880179312678,125.80994890816564,-314.8318193486054
26592917,-1056,-1562,24728,4136,-3268,-4915,9975.0,-8.061068702290076,-11.923664122137405,159.5980993029965,0.39365088765613515,-1.818273969365464,-2.941875289916992,6.263194633284413,119.60795983262265,-313.8858245360162
26602927,-3010,-129,21768,1024,-2960,2513,10010.0,-22.977099236641223,-0.9847328244274809,140.3029044953017,0.5806565221697279,-1.69825361355355,1.504157192993164,6.28939210431572,113.41941059260544,-313.1189238928552
26612962,591,1169,17532,3336,-1284,2361,10035.0,4.511450381679389,8.923664122137405,119.80394640617295,0.7399377149704598,-1.5761566552201398,1.4131775299072264,6.312170154208564,107.27387610436827,-312.520300376395
26622996,-1962,-2295,13211,828,-4604,2265,10034.0,-14.977099236641221,-17.519083969465647,98.85247021642594,0.859755085406253,-1.4455928688563393,1.3557166900634765,6.3313164028767615,101.20673636222355,-312.07793315163576
26632973,-1615,-1575,9211,3104,-1688,873,9977.0,-12.32824427480916,-12.022900763358779,78.3374443445733,0.934227043928478,-1.300512781564218,0.5225345123291015,6.346743575633625,95.26530744715953,-311.7777989064931
26642922,-509,-597,3915,3356,-3088,-1759,9949.0,-3.885496183206107,-4.557251908396947,59.16852961350031,0.962311080376458,-1.1375698650262382,-1.052850180053711,6.358682037301612,89.43975912373253,-311.60096903655574
26652955,2036,345,1867,988,-2724,-6667,10033.0,15.541984732824428,2.633587786259542,42.146627196446836,0.9487916696647273,-0.9573622186271353,-3.9905356170654294,6.367552629314782,83.66856854816484,-311.5287628313566
26663101,1225,34,-312,2288,-664,3149,10146.0,9.351145038167939,0.2595419847328244,27.85176320070792,0.9039463074199197,-0.7647699563589501,1.8848352569580078,6.373750325506413,77.9364488989404,-311.54499554829135
26672904,541,410,-753,-128,-3096,-2043,9803.0,4.129770992366412,3.1297709923664123,16.587058539269265,0.8405368072902124,-0.5687438632617416,-1.2228384979248046,6.377551947311886,72.4924115046665,-311.6273516531755
26682919,1980,165,-677,632,284,-1363,10015.0,15.114503816793894,1.2595419847328244,8.385487878571581,0.7702761554088388,-0.38191033994002466,-0.8158242156982422,6.37973448199856,67.01876295857812,-311.76001111199326
26692957,1980,165,-677,632,284,-1363,10038.0,15.114503816793894,1.2595419847328244,3.0606324929540536,0.7011354405488661,-0.2196361257295047,-0.8158242156982422,6.380737140111128,61.61347319861187,-311.9243940154016
26702976,-136,1053,-675,-888,1556,1505,10019.0,-1.0381679389312977,8.038167938931299,0.27406235762024467,0.6359936645455128,-0.09657143686209299,0.900818374633789,6.381028700047931,56.29086829452669,-312.10456001537864
26712923,-1624,-1366,387,1960,1536,1161,9947.0,-12.396946564885496,-10.427480916030534,-0.4043214789929786,0.572334338957421,-0.02208368023213554,0.6949170318603515,6.381017393041628,51.07046949282501,-312.2880240546202
26722919,-1404,146,762,3308,1856,-3215,9996.0,-10.717557251908397,1.1145038167938932,0.5570453763098525,0.5045848598626657,0.00281645352818519,-1.9243395843505857,6.381030715384831,45.88135480013408,-312.4702444409934
26733011,-807,455,1127,-468,700,-615,10092.0,-6.1603053435114505,3.4732824427480917,2.7006289643748596,0.4295897246443649,-0.013341305192602144,-0.36810850524902344,6.381317616529432,40.69318031029378,-312.6499853303734
26742947,1200,505,1967,-1544,-2028,-1295,9936.0,9.16030534351145,3.854961832061069,5.615010282450567,0.3479914395558659,-0.05439466040510835,-0.7751227874755859,6.382038648621662,35.62779877701746,-312.8246967996731
26752925,174,331,1635,3728,-548,1425,9978.0,1.3282442748091603,2.5267175572519083,8.952908715090883,0.259877892745795,-0.10220893906099456,0.852934341430664,6.383307142540348,30.575793513101647,-313.0023002062328
26762894,86,538,1322,24,-844,4329,9969.0,0.6564885496183206,4.106870229007634,12.428707019064692,0.16453608125408445,-0.1420715549755152,2.5911247467041014,6.385167256226428,25.554878583804932,-313.1870950274665
26772909,846,772,1499,676,-1836,-755,10015.0,6.458015267175573,5.893129770992366,15.78917872381557,0.06491915760811899,-0.1643197038199128,-0.45190556335449217,6.387633425009858,20.528466683813296,-313.38479418244714
26782937,2298,538,2686,764,-1072,385,10028.0,17.541984732824428,4.106870229007634,18.77717728353229,-0.031215939774005108,-0.16466402848109207,0.23044190979003906,6.390658354777701,15.503771924790405,-313.5979495288727
26792937,2298,538,2686,764,-1072,385,10000.0,17.541984732824428,4.106870229007634,21.119284785986306,-0.11234260474402114,-0.1449725753165856,0.23044190979003906,6.394139977892751,10.49209560497923,-313.8267148948619
26802960,1094,-13,4208,-4560,984,-1475,10023.0,8.351145038167939,-0.09923664122137404,22.54065786488965,-0.16448581579813715,-0.11235473630737065,-0.8828618621826171,6.39795878975733,5.459980118212968,-314.0713219693335
26812934,1388,81,5522,568,196,137,9974.0,10.595419847328245,0.6183206106870229,22.80238114430091,-0.1762324129849684,-0.07571443971202535,0.08200140686035155,6.401905428365977,0.43844097955122574,-314.3275386324789
26822909,634,126,6002,-4884,1296,-2155,9975.0,4.8396946564885495,0.9618320610687023,21.76606369730936,-0.144643123109419,-0.04183719300727893,-1.2898761444091795,6.405785035564563,-4.599048951627712,-314.59327711001646
26834430,-1034,1348,5569,436,-528,2169,11521.0,-7.893129770992366,10.290076335877863,19.46681788316451,-0.07781478622246424,-0.013420033162432638,1.2982558502197266,6.40993057676084,-10.433133223873702,-314.90739561298614
26842931,-1706,-1153,4178,2124,-104,93,8501.0,-13.022900763358779,-8.801526717557252,16.15528729353002,0.006908983788364466,0.010078031863559083,0.05566518859863281,6.4125732104651085,-14.744430704209176,-315.1414123862284
26852914,-958,-185,1885,-448,48,1101,9983.0,-7.312977099236641,-1.4122137404580153,12.284731250442777,0.0897280797453763,0.03006019812883763,0.6590040069580078,6.415050851118026,-19.806555101910423,-315.41517845891076
26862923,-172,651,-370,900,880,2877,10009.0,-1.3129770992366412,4.969465648854962,8.44045225338795,0.15409313088729018,0.047705260169872074,1.7220295440673827,6.416861092321241,-24.873807220047286,-315.6856062576492
26872951,-973,1033,-1466,2420,-1912,209,10028.0,-7.427480916030534,7.885496183206107,5.231352842414705,0.1872981746779711,0.06426030916426666,0.12509703674316405,6.418057523041496,-29.936744869011683,-315.9498630055394
26882912,-880,687,-2676,1328,1104,-1499,9961.0,-6.717557251908397,5.244274809160306,3.181997507156232,0.18159249118235019,0.08004631368572059,-0.8972270721435547,6.418788862972153,-34.94919744126648,-316.20366101994944
26892912,-880,687,-2676,1328,1104,-1499,10000.0,-6.717557251908397,5.244274809160306,2.6523773459623,0.13676057811529485,0.09382915320944644,-0.8972270721435547,6.419298008227065,-39.965360643839745,-316.4482689717489
26902939,-306,852,-2667,816,-1564,1705,10027.0,-2.33587786259542,6.5038167938931295,3.7895733240519984,0.06031956447634366,0.10460086828889378,1.0205284576416016,6.419861692323146,-44.98352162308195,-316.68252407770626
26913034,-8,1107,-2366,-940,744,737,10095.0,-0.061068702290076333,8.450381679389313,6.505249829877014,-0.03459177524755522,0.11178985974704457,0.44113165588378905,6.420768619854477,-50.031560309996436,-316.9071656978429
26922936,334,-489,-455,-1024,-2256,-1623,9902.0,2.549618320610687,-3.732824427480916,10.474045423324702,-0.13278738518117073,0.11258501160835784,-0.9714473236083984,6.422235822002925,-54.9880127176856,-317.11718884575527
26933070,1394,1375,1696,-396,3400,4169,10134.0,10.641221374045802,10.49618320610687,15.164042787546327,-0.2208187151491529,0.1006728382627514,2.4953566802978515,6.424503147695471,-60.07528153651964,-317.3229878542755
26942947,-1110,883,4379,-372,96,-263,9877.0,-8.473282442748092,6.740458015267175,19.915319052339076,-0.2881373307101463,0.06925802811147411,-0.15741875915527342,6.427526746116132,-65.05591773928971,-317.5171894448865
26952918,441,892,5197,-3952,916,2397,9971.0,3.366412213740458,6.809160305343512,24.0527062234326,-0.32694128449934123,0.015722178130267245,1.4347253448486328,6.431352553040747,-70.11238202102015,-317.7110238097613
26963063,-715,-621,6707,332,-88,69,10145.0,-5.458015267175573,-4.740458015267175,26.993130045782873,-0.3343677086516671,-0.05725468398920405,0.04129997863769531,6.435871734151049,-75.28944267250307,-317.91198922840715
26972907,-89,-268,6672,-848,2116,2169,9844.0,-0.6793893129770993,-2.045801526717557,28.321883265710444,-0.31393749309853275,-0.14285590529131098,1.2982558502197266,6.44062357622097,-80.34382981777881,-318.11770480334303
26982961,-656,-114,6717,1320,-1624,7801,10054.0,-5.00763358778626,-0.8702290076335878,27.8371798193264,-0.2720959593731623,-0.22979082818675614,4.669291787719726,6.445550843334319,-85.53423631986894,-318.34682762006787
26992935,-1825,-279,5858,-768,-1200,1133,9974.0,-13.931297709923664,-2.1297709923664123,25.56661349164323,-0.21342384616848822,-0.3031958379258217,0.6781576202392577,6.450199086529631,-90.70608916432667,-318.6007377018573
27002930,-871,-82,3598,-772,-3468,-959,9995.0,-6.648854961832061,-0.6259541984732825,21.75228154904272,-0.13943673274687404,-0.3496038244814589,-0.5740098480224609,6.454326374437667,-95.90452827804359,-318.88781568231303
27012918,83,-478,2309,-1304,-144,-455,9988.0,0.6335877862595419,-3.648854961832061,16.798275466340343,-0.05129581516098112,-0.3623328749523237,-0.2723404388427734,6.457686508174757,-101.10689714612496,-319.2105357254596
27022923,320,-479,634,-212,-1992,9761,10005.0,2.4427480916030535,-3.6564885496183206,11.192102516357245,0.04669298408175801,-0.34264656796314635,5.842450601196289,6.460130350758773,-106.316786589927,-319.56952939720287
27033098,2462,379,-1501,2224,-240,-3095,10175.0,18.793893129770993,2.8931297709923665,5.424242770987606,0.1467785379910963,-0.29746849553618865,-1.8525135345458983,6.4616057763026395,-111.60432387733314,-319.96772628390556
27042931,2462,379,-1501,2224,-240,-3095,9833.0,18.793893129770993,2.8931297709923665,-0.08344350975131754,0.24219177524153163,-0.23690630920593506,-1.8525135345458983,6.462064065548218,-116.69499825589503,-320.37848105387314
27052945,1305,-31,-1869,2208,1112,673,10014.0,9.961832061068701,-0.2366412213740458,-5.023860915559919,0.3331703497165501,-0.17169627994195075,0.40282442932128903,6.461617745182655,-121.85160312319917,-320.8155578245465
27062898,17,-1107,-1888,-3076,148,565,9953.0,0.1297709923664122,-8.450381679389313,-9.20702366468229,0.42807391221339464,-0.11011378299184689,0.3381809844970703,6.46038170305677,-126.94108761403288,-321.2609799017694
27072927,739,-171,-1196,-1228,-208,-419,10029.0,5.641221374045801,-1.3053435114503817,-12.52889205227969,0.5359757061539071,-0.05644558194592423,-0.2507926239013672,6.458479385813004,-132.0248909477407,-321.7132412287274
27082987,412,104,-1427,-1224,-36,-79,10060.0,3.145038167938931,0.7938931297709924,-14.924790183219693,0.6563889472150037,-0.01221250080837161,-0.047285482788085934,6.456069225364572,-137.0697159798882,-322.16326424385943
27092968,326,13,-2196,2064,472,-75,9981.0,2.4885496183206106,0.09923664122137404,-16.326216933540007,0.775603672820337,0.02198403718920222,-0.044891281127929686,6.453347242134017,-142.01004472854876,-322.5999464546291
27102899,547,1063,-2578,2552,-324,1301,9931.0,4.175572519083969,8.114503816793894,-16.647006750088035,0.8715276091119363,0.04597004668366405,0.7787140899658203,6.450489639993118,-146.85094460289804,-323.01968093432436
27113039,-519,315,-2996,1252,-880,373,10140.0,-3.9618320610687023,2.404580152671756,-15.802451948156362,0.9210416740869685,0.05951559809544409,0.2232593048095703,6.447618246026613,-151.70813190622934,-323.42932155861126
27122925,-1185,-167,-3062,7008,1708,-3839,9886.0,-9.045801526717558,-1.2748091603053435,-13.742038681794602,0.905467363871933,0.06125307117508324,-2.2978350433349606,6.445069394812353,-156.3562232480713,-323.80851690236415
27132935,-2076,1804,-2245,1568,-100,949,10010.0,-15.84732824427481,13.770992366412214,-10.478895099848302,0.8158688964946821,0.04950884186528476,0.5680243438720702,6.442953605925155,-160.9763956937206,-324.17253391133744
27142947,-49,872,-2062,2100,-360,1437,10012.0,-0.37404580152671757,6.656488549618321,-6.105806294066941,0.6565240075909058,0.02420061230717927,0.8601169464111328,6.441504580955367,-165.5192257100223,-324.51930540582754
27152927,-929,876,-403,1568,1100,2013,9980.0,-7.091603053435114,6.687022900763359,-0.7958508032390728,0.4422701962362522,-0.013283060088862278,1.2048819854736328,6.44090350232081,-169.98453663397032,-324.8527472868273
27162907,-353,-840,1112,-2304,-392,-1123,9980.0,-2.6946564885496183,-6.412213740458015,5.214402144159555,0.19289823315048787,-0.0605381129315211,-0.6721721160888672,6.441288322483457,-174.40696321252082,-325.1809430508082
27173020,-621,433,1844,-1184,-736,481,10113.0,-4.740458015267175,3.3053435114503817,11.660827159743974,-0.07270458311241071,-0.11392838896444882,0.28790274963378903,6.442777604900074,-178.86846362497735,-325.5167563013455
27182936,-212,-230,3345,-1100,-396,-987,9916.0,-1.618320610687023,-1.7557251908396947,18.29060528263989,-0.34181869098186607,-0.16979938810829032,-0.5907692596435546,6.445369404912419,-183.24832328494725,-325.85839984536403
27193478,-212,-230,3345,-1100,-396,-987,10542.0,-1.618320610687023,-1.7557251908396947,24.885821996206154,-0.6086653901568202,-0.22593536298697978,-0.5907692596435546,6.449341476679674,-187.9384369151077,-326.2458515377237
