timestamp,gyroX,gyroY,gyroZ,accelX,accelY,accelZ,timestamp_s,dt,gyro_x_dps,gyro_y_dps,gyro_z_dps,accel_x_ms2,accel_y_ms2,accel_z_ms2
25572948,-14,11,33,-154,55,-8,25.572948,0.0,-0.10687022900763359,0.08396946564885496,0.25190839694656486,-0.09217676391601562,0.032920272827148434,-0.0047884033203125
25582941,17,-16,19,-166,19,-32,25.582941,0.009993000000001473,0.1297709923664122,-0.12213740458015267,0.1450381679389313,-0.09935936889648436,0.011372457885742187,-0.01915361328125
25592974,-19,6,-12,-162,95,144,25.592974,0.010032999999999959,-0.1450381679389313,0.04580152671755725,-0.0916030534351145,-0.09696516723632811,0.05686228942871093,0.086191259765625
25602986,-6,-8,-19,-134,-201,-52,25.602986,0.010011999999999688,-0.04580152671755725,-0.061068702290076333,-0.1450381679389313,-0.08020575561523437,-0.12030863342285156,-0.031124621582031248
25612916,-19,20,-8,-206,103,216,25.612916,0.009929999999997108,-0.1450381679389313,0.15267175572519084,-0.061068702290076333,-0.12330138549804687,0.061650692749023434,0.1292868896484375
25622920,4,2,11,-178,51,24,25.62292,0.010004000000002122,0.030534351145038167,0.015267175572519083,0.08396946564885496,-0.10654197387695312,0.030526071166992186,0.0143652099609375
25632965,7,26,5,-114,59,120,25.632965,0.010044999999998083,0.05343511450381679,0.1984732824427481,0.03816793893129771,-0.06823474731445311,0.03531447448730469,0.0718260498046875
25642985,7,26,5,-114,59,120,25.642985,0.010020000000000806,0.05343511450381679,0.1984732824427481,0.03816793893129771,-0.06823474731445311,0.03531447448730469,0.0718260498046875
25652943,-6,-16,-4,-222,19,80,25.652943,0.009958000000001022,-0.04580152671755725,-0.12213740458015267,-0.030534351145038167,-0.13287819213867186,0.011372457885742187,0.047884033203124995
25663051,-45,-25,-36,-130,15,4,25.663051,0.010107999999998896,-0.3435114503816794,-0.19083969465648856,-0.2748091603053435,-0.07781155395507812,0.008978256225585938,0.00239420166015625
25672921,16,21,9,-90,71,56,25.672921,0.00986999999999938,0.12213740458015267,0.16030534351145037,0.06870229007633588,-0.05386953735351562,0.04249707946777344,0.033518823242187495
25682979,23,-30,-16,-434,71,192,25.682979,0.010058000000000789,0.17557251908396945,-0.22900763358778625,-0.12213740458015267,-0.2597708801269531,0.04249707946777344,0.1149216796875
25692916,-29,5,-45,-218,-225,-20,25.692916,0.00993700000000075,-0.22137404580152673,0.03816793893129771,-0.3435114503816794,-0.1304839904785156,-0.13467384338378904,-0.011971008300781249
25702955,-29,5,-45,-218,-225,-20,25.702955,0.010038999999999021,-0.22137404580152673,0.03816793893129771,-0.3435114503816794,-0.1304839904785156,-0.13467384338378904,-0.011971008300781249
25712957,11,-17,5,-154,15,176,25.712957,0.010002000000000066,0.08396946564885496,-0.1297709923664122,0.03816793893129771,-0.09217676391601562,0.008978256225585938,0.105344873046875
25722934,1,-4,15,26,151,-152,25.722934,0.009976999999999236,0.007633587786259542,-0.030534351145038167,0.11450381679389313,0.015562310791015624,0.09038111267089843,-0.0909796630859375
25732905,-32,-41,-23,-114,55,-72,25.732905,0.009971000000000174,-0.24427480916030533,-0.31297709923664124,-0.17557251908396945,-0.06823474731445311,0.032920272827148434,-0.0430956298828125
25742964,-13,-8,-16,-150,63,-236,25.742964,0.010059000000001816,-0.09923664122137404,-0.061068702290076333,-0.12213740458015267,-0.08978256225585937,0.037708676147460936,-0.14125789794921875
25752969,-11,-6,15,-190,35,-4,25.752969,0.010004999999999598,-0.08396946564885496,-0.04580152671755725,0.11450381679389313,-0.11372457885742186,0.020949264526367185,-0.00239420166015625
25762910,626,811,9787,-7130,555,800,25.76291,0.00994100000000131,4.778625954198473,6.190839694656488,74.70992366412214,-4.267664459228516,0.3321954803466797,0.47884033203125
25772917,-1831,-1181,9662,6082,-2501,-1304,25.772917,0.0100069999999981,-13.977099236641221,-9.01526717557252,73.7557251908397,3.640383624267578,-1.4969745880126952,-0.7805097412109374
25782987,-10,-1628,7148,5278,379,-540,25.782987,0.010069999999998913,-0.07633587786259542,-12.427480916030534,54.56488549618321,3.1591490905761717,0.22685060729980466,-0.3232172241210937
25792935,711,3766,-2785,-10762,-4833,6604,25.792935,0.0099480000000014,5.427480916030534,28.748091603053435,-21.259541984732824,-6.441599566650391,-2.892794155883789,3.9528269409179684
25803031,-443,244,-3652,-3458,687,-1840,25.803031,0.010096000000000771,-3.381679389312977,1.8625954198473282,-27.87786259541985,-2.069787335205078,0.4112041351318359,-1.1013327636718748
25812947,656,-868,-4359,-5542,-305,4608,25.812947,0.00991600000000048,5.00763358778626,-6.625954198473282,-33.274809160305345,-3.3171664001464842,-0.18255787658691405,2.7581203125
25822975,-204,-1714,-2878,-1374,1635,3588,25.822975,0.010027999999998372,-1.5572519083969465,-13.083969465648854,-21.96946564885496,-0.8224082702636718,0.9786299285888671,2.147598889160156
25833083,-443,-395,-4180,-6082,2307,2216,25.833083,0.010107999999998896,-3.381679389312977,-3.015267175572519,-31.908396946564885,-3.640383624267578,1.3808558074951172,1.3263877197265623
25842905,-55,1232,-1076,-13254,1971,-1624,25.842905,0.009821999999999775,-0.4198473282442748,9.404580152671755,-8.213740458015268,-7.933187200927734,1.1797428680419921,-0.9720458740234375
25852919,-582,366,538,-8826,1307,-2764,25.852919,0.010014000000001744,-4.442748091603053,2.7938931297709924,4.106870229007634,-5.2828059631347655,0.7823053924560547,-1.6543933471679686
25863017,-582,366,538,-8826,1307,-2764,25.863017,0.010097999999999274,-4.442748091603053,2.7938931297709924,4.106870229007634,-5.2828059631347655,0.7823053924560547,-1.6543933471679686
25872926,-936,-144,910,-3618,-261,464,25.872926,0.00990900000000039,-7.145038167938932,-1.099236641221374,6.9465648854961835,-2.165555401611328,-0.1562216583251953,0.277727392578125
25883023,-50,-194,330,-7090,663,1248,25.883023,0.010097000000001799,-0.3816793893129771,-1.4809160305343512,2.519083969465649,-4.243722442626953,0.3968389251708984,0.74699091796875
25892944,-315,100,815,-5314,-1117,-116,25.892944,0.009920999999998514,-2.404580152671756,0.7633587786259542,6.221374045801527,-3.180696905517578,-0.6685808135986328,-0.06943184814453125
25903099,-905,-788,1533,-3842,183,4,25.903099,0.010155000000001024,-6.908396946564886,-6.015267175572519,11.702290076335878,-2.299630694580078,0.10953472595214843,0.00239420166015625
25912922,-48,-1106,1271,-2694,1563,-1384,25.912922,0.00982299999999725,-0.366412213740458,-8.442748091603054,9.702290076335878,-1.6124948181152343,0.9355342987060546,-0.8283937744140625
25922970,-788,-62,1820,-906,1163,-224,25.92297,0.010048000000001167,-6.015267175572519,-0.4732824427480916,13.893129770992367,-0.5422866760253906,0.6961141326904297,-0.13407529296874998
25932910,-302,-50,1276,-2962,487,-12,25.93291,0.009940000000000282,-2.3053435114503817,-0.3816793893129771,9.740458015267176,-1.772906329345703,0.2914940521240234,-0.00718260498046875
25942976,-1353,-726,1019,-550,1007,2472,25.942976,0.010066000000001907,-10.32824427480916,-5.541984732824427,7.778625954198473,-0.32920272827148434,0.6027402679443359,1.4796166259765624
25953021,416,230,220,-1910,-1221,508,25.953021,0.010044999999998083,3.1755725190839694,1.7557251908396947,1.6793893129770991,-1.1432312927246093,-0.7308300567626953,0.30406361083984373
25962969,416,230,220,-1910,-1221,508,25.962969,0.0099480000000014,3.1755725190839694,1.7557251908396947,1.6793893129770991,-1.1432312927246093,-0.7308300567626953,0.30406361083984373
25973008,-68,-345,1095,-1186,2599,1172,25.973008,0.010038999999999021,-0.5190839694656488,-2.633587786259542,8.358778625954198,-0.709880792236328,1.5556325286865234,0.7015010864257812
25983097,637,38,1963,1706,27,-2384,25.983097,0.01008900000000068,4.862595419847328,0.2900763358778626,14.98473282442748,1.0211270080566406,0.016160861206054686,-1.426944189453125
25993789,861,267,2512,1358,519,656,25.993789,0.010691999999998814,6.572519083969466,2.0381679389312977,19.17557251908397,0.8128314636230468,0.31064766540527344,0.39264907226562495
26002942,153,-227,3783,-386,1123,-3072,26.002942,0.009153000000001299,1.16793893129771,-1.7328244274809161,28.87786259541985,-0.23104046020507812,0.6721721160888672,-1.838746875
26012933,-376,-19,5178,-286,-933,1904,26.012933,0.009990999999999417,-2.8702290076335877,-0.1450381679389313,39.52671755725191,-0.17118541870117188,-0.5584475372314452,1.139639990234375
26022922,1244,500,6121,-4270,-1757,48,26.022922,0.009989000000000914,9.49618320610687,3.816793893129771,46.725190839694655,-2.555810272216797,-1.0516530792236327,0.028730419921875
26032927,-359,757,6054,-346,-601,-912,26.032927,0.010004999999999598,-2.7404580152671754,5.778625954198473,46.213740458015266,-0.20709844360351562,-0.3597287994384765,-0.5458779785156249
26042921,-468,-779,5544,-1402,-213,1072,26.042921,0.009993999999998948,-3.572519083969466,-5.9465648854961835,42.3206106870229,-0.8391676818847655,-0.1274912384033203,0.6416460449218749
26052939,-474,-231,4558,-1258,139,-1524,26.052939,0.01001799999999875,-3.618320610687023,-1.7633587786259541,34.79389312977099,-0.7529764221191406,0.08319850769042968,-0.9121908325195311
26062920,-474,-231,4558,-1258,139,-1524,26.06292,0.009980999999999796,-3.618320610687023,-1.7633587786259541,34.79389312977099,-0.7529764221191406,0.08319850769042968,-0.9121908325195311
26072920,-2732,-362,3594,-2702,-189,-1028,26.07292,0.010000000000001563,-20.85496183206107,-2.763358778625954,27.435114503816795,-1.6172832214355468,-0.1131260284423828,-0.6153098266601562
26082928,-837,124,2198,-1318,2123,-400,26.082928,0.010007999999999129,-6.3893129770992365,0.9465648854961832,16.778625954198475,-0.7888894470214843,1.2707225311279295,-0.239420166015625
26092945,-116,-600,1334,-746,2487,-3996,26.092945,0.010017000000001275,-0.8854961832061069,-4.580152671755725,10.183206106870228,-0.4465186096191406,1.4885948822021484,-2.3918074584960936
26102945,698,-289,203,1006,-2281,-2924,26.102945,0.00999999999999801,5.32824427480916,-2.2061068702290076,1.549618320610687,0.6021417175292968,-1.3652934967041015,-1.7501614135742187
26112909,-751,-180,523,-2258,-61,-656,26.112909,0.009964000000000084,-5.732824427480916,-1.3740458015267176,3.9923664122137406,-1.351526837158203,-0.03651157531738281,-0.39264907226562495
26122938,219,86,413,-2438,-1021,-1500,26.122938,0.010029000000002952,1.6717557251908397,0.6564885496183206,3.1526717557251906,-1.4592659118652342,-0.6111199737548828,-0.8978256225585937
26132918,733,-7,1480,-1210,-1185,-1152,26.132918,0.009979999999998768,5.595419847328245,-0.05343511450381679,11.297709923664122,-0.7242460021972655,-0.7092822418212891,-0.689530078125
26142922,873,-423,957,4138,-1597,-4172,26.142922,0.01000399999999857,6.66412213740458,-3.2290076335877864,7.305343511450381,2.4768016174316405,-0.9558850128173828,-2.4971523315429685
26152921,2346,-313,3312,82,711,4716,26.152921,0.009999000000000535,17.908396946564885,-2.3893129770992365,25.282442748091604,0.04908113403320312,0.4255693450927734,2.8227637573242186
26162938,1428,987,4975,462,-477,-3220,26.162938,0.010017000000001275,10.900763358778626,7.534351145038168,37.97709923664122,0.2765302917480469,-0.2855085479736328,-1.927332336425781
26172928,-16,1147,5752,-154,-2657,1240,26.172928,0.009989999999998389,-0.12213740458015267,8.755725190839694,43.908396946564885,-0.09217676391601562,-1.590348452758789,0.7422025146484375
26183070,-474,-824,5670,1050,-697,-600,26.18307,0.010142000000001872,-3.618320610687023,-6.290076335877862,43.282442748091604,0.6284779357910156,-0.4171896392822265,-0.3591302490234375
26192905,27,598,5251,-1046,-1725,-580,26.192905,0.009834999999998928,0.20610687022900764,4.564885496183206,40.083969465648856,-0.6260837341308594,-1.0324994659423827,-0.34715924072265625
26202944,-1353,-894,3746,-574,155,264,26.202944,0.010038999999999021,-10.32824427480916,-6.824427480916031,28.595419847328245,-0.3435679382324219,0.09277531433105468,0.1580173095703125
26212949,-1972,-950,1092,1398,383,2108,26.212949,0.010004999999999598,-15.053435114503817,-7.251908396946565,8.335877862595419,0.8367734802246093,0.2292448089599609,1.2617442749023438
26222936,-513,-451,-243,-1230,103,-1236,26.222936,0.00998700000000241,-3.9160305343511452,-3.4427480916030535,-1.8549618320610688,-0.7362170104980469,0.061650692749023434,-0.7398083129882812
26232964,298,333,-1338,898,2043,-3028,26.232964,0.010027999999998372,2.2748091603053435,2.5419847328244276,-10.213740458015268,0.5374982727050781,1.2228384979248046,-1.8124106567382812
26242905,649,312,-561,1150,-1285,-456,26.242905,0.00994100000000131,4.9541984732824424,2.381679389312977,-4.282442748091603,0.6883329772949218,-0.7691372833251953,-0.27293898925781246
26253110,-5,440,-317,426,587,-1560,26.25311,0.010204999999999131,-0.03816793893129771,3.3587786259541983,-2.4198473282442747,0.2549824768066406,0.35134909362792965,-0.9337386474609375
26262952,823,-291,976,2330,-417,2124,26.262952,0.009841999999999018,6.282442748091603,-2.2213740458015265,7.450381679389313,1.3946224670410154,-0.24959552307128904,1.2713210815429687
26272954,1190,577,2133,1262,-2185,-5396,26.272954,0.010002000000000066,9.083969465648854,4.404580152671755,16.282442748091604,0.7553706237792969,-1.3078326568603516,-3.229778039550781
26282971,442,498,3276,-1386,-185,-1372,26.282971,0.010017000000001275,3.3740458015267176,3.801526717557252,25.00763358778626,-0.8295908752441405,-0.11073182678222655,-0.8212111694335937
26292929,442,498,3276,-1386,-185,-1372,26.292929,0.009958000000001022,3.3740458015267176,3.801526717557252,25.00763358778626,-0.8295908752441405,-0.11073182678222655,-0.8212111694335937
26302933,710,277,4139,-586,235,3892,26.302933,0.01000399999999857,5.419847328244275,2.114503816793893,31.595419847328245,-0.3507505432128906,0.1406593475341797,2.3295582153320313
26312909,524,148,5108,-1458,-1353,-420,26.312909,0.009976000000001761,4.0,1.1297709923664123,38.99236641221374,-0.8726865051269531,-0.8098387115478515,-0.25139117431640623
26322947,466,-734,4766,-18,-389,-812,26.322947,0.010037999999997993,3.5572519083969465,-5.603053435114504,36.38167938931298,-0.010773907470703125,-0.2328361114501953,-0.4860229370117187
26332970,539,875,2638,-2118,-2613,536,26.33297,0.010023000000000337,4.114503816793893,6.679389312977099,20.137404580152673,-1.2677297790527342,-1.5640122344970702,0.32082302246093747
26342983,-1604,312,1610,3886,-705,1984,26.342983,0.010013000000000716,-12.244274809160306,2.381679389312977,12.290076335877863,2.3259669128417966,-0.421978042602539,1.1875240234375
26353003,-1609,-298,598,1918,-769,716,26.353003,0.010020000000000806,-12.282442748091603,-2.2748091603053435,4.564885496183206,1.1480196960449218,-0.46028526916503903,0.4285620971679687
26362909,-975,-4,-82,1246,-1613,-600,26.362909,0.009905999999997306,-7.442748091603053,-0.030534351145038167,-0.6259541984732825,0.7457938171386719,-0.9654618194580078,-0.3591302490234375
26372959,-1544,-362,-1355,2058,-1105,1560,26.372959,0.010050000000003223,-11.786259541984732,-2.763358778625954,-10.34351145038168,1.2318167541503906,-0.661398208618164,0.9337386474609375
26382925,-1544,-362,-1355,2058,-1105,1560,26.382925,0.009965999999998587,-11.786259541984732,-2.763358778625954,-10.34351145038168,1.2318167541503906,-0.661398208618164,0.9337386474609375
26393069,-939,304,-1854,954,-141,1560,26.393069,0.010144000000000375,-7.1679389312977095,2.3206106870229006,-14.15267175572519,0.5710170959472656,-0.08439560852050781,0.9337386474609375
26402921,947,1096,-1402,1750,-205,-144,26.402921,0.00985199999999864,7.229007633587786,8.366412213740459,-10.702290076335878,1.0474632263183594,-0.1227028350830078,-0.086191259765625
26413082,1566,-552,-1822,4506,-225,-5572,26.413082,0.010161000000000087,11.954198473282442,-4.213740458015267,-13.908396946564885,2.6970681701660153,-0.13467384338378904,-3.3351229125976563
26422956,1251,301,284,-406,-841,-1772,26.422956,0.009873999999999938,9.549618320610687,2.2977099236641223,2.16793893129771,-0.24301146850585936,-0.5033808990478515,-1.0606313354492187
26432952,934,-279,2689,1026,835,-348,26.432952,0.009996000000001004,7.129770992366412,-2.1297709923664123,20.52671755725191,0.6141127258300781,0.4997895965576172,-0.20829554443359374
26442959,604,246,4920,-2782,979,-496,26.442959,0.0100069999999981,4.6106870229007635,1.8778625954198473,37.55725190839695,-1.6651672546386718,0.5859808563232421,-0.296881005859375
26452947,-46,-710,6346,202,-1521,556,26.452947,0.009988000000003439,-0.3511450381679389,-5.419847328244275,48.44274809160305,0.12090718383789062,-0.910395181274414,0.3327940307617187
26463031,-894,-446,5373,-510,2299,-2284,26.463031,0.010083999999999094,-6.824427480916031,-3.404580152671756,41.01526717557252,-0.30526071166992186,1.3760674041748047,-1.3670891479492187
26472926,-407,-762,2353,3790,975,904,26.472926,0.00989500000000021,-3.1068702290076335,-5.816793893129771,17.9618320610687,2.2685060729980466,0.5835866546630859,0.5410895751953124
26482955,-504,-232,-781,1034,-1393,2168,26.482955,0.0100289999999994,-3.8473282442748094,-1.7709923664122138,-5.961832061068702,0.6189011291503906,-0.8337807281494141,1.2976572998046874
26493044,320,-211,-3258,1830,2519,332,26.493044,0.01008900000000068,2.4427480916030535,-1.6106870229007633,-24.870229007633586,1.0953472595214844,1.5077484954833984,0.19871873779296872
26502923,-238,-426,-6112,2794,-1529,-1356,26.502923,0.009878999999997973,-1.816793893129771,-3.2519083969465647,-46.656488549618324,1.6723498596191406,-0.9151835845947265,-0.8116343627929687
26512970,-610,-468,-7472,1126,-2149,-688,26.51297,0.01004700000000014,-4.656488549618321,-3.572519083969466,-57.038167938931295,0.6739677673339843,-1.2862848419189452,-0.411802685546875
26522959,386,39,-8850,762,359,-1028,26.522959,0.009989000000000914,2.946564885496183,0.29770992366412213,-67.55725190839695,0.4560954162597656,0.21487959899902342,-0.6153098266601562
26532931,1627,329,-7743,-2446,251,3760,26.532931,0.009972000000001202,12.419847328244275,2.5114503816793894,-59.10687022900763,-1.4640543151855467,0.15023615417480468,2.250549560546875
26542934,1357,1011,-7834,2718,-365,484,26.542934,0.010002999999997542,10.358778625954198,7.717557251908397,-59.80152671755725,1.6268600280761718,-0.2184709014892578,0.28969840087890625
26552952,350,521,-5502,-1470,963,860,26.552952,0.010018000000002303,2.6717557251908395,3.9770992366412212,-42.0,-0.8798691101074219,0.5764040496826172,0.5147533569335937
26562929,1290,561,-3391,-1702,1947,1252,26.562929,0.009976999999999236,9.84732824427481,4.282442748091603,-25.885496183206108,-1.0187328063964842,1.1653776580810546,0.7493851196289062
26573437,1290,561,-3391,-1702,1947,1252,26.573437,0.010507999999997963,9.84732824427481,4.282442748091603,-25.885496183206108,-1.0187328063964842,1.1653776580810546,0.7493851196289062
26582931,1397,459,-426,-2362,427,344,26.582931,0.009494000000000113,10.664122137404581,3.50381679389313,-3.2519083969465647,-1.4137760803222656,0.2555810272216797,0.2059013427734375
26592929,866,-174,2325,1266,1503,904,26.592929,0.00999800000000306,6.6106870229007635,-1.3282442748091603,17.748091603053435,0.7577648254394531,0.8996212738037109,0.5410895751953124
26602919,-234,-945,2628,-250,2139,384,26.602919,0.009989999999998389,-1.786259541984733,-7.213740458015267,20.061068702290076,-0.14963760375976562,1.2802993377685545,0.229843359375
26612973,-1005,-96,2118,-1110,1327,1488,26.612973,0.01005400000000023,-7.67175572519084,-0.732824427480916,16.16793893129771,-0.6643909606933593,0.7942764007568359,0.8906430175781249
26622953,-2282,127,1759,-1754,2231,284,26.622953,0.009979999999998768,-17.419847328244273,0.9694656488549618,13.427480916030534,-1.0498574279785156,1.3353659759521483,0.16998831787109375
26632958,-252,8,1902,1202,-1985,-2244,26.632958,0.010004999999999598,-1.9236641221374047,0.061068702290076333,14.51908396946565,0.719457598876953,-1.188122573852539,-1.3431471313476562
26642924,-1023,-23,1690,-3426,-1105,-1028,26.642924,0.00996600000000214,-7.809160305343512,-0.17557251908396945,12.900763358778626,-2.050633721923828,-0.661398208618164,-0.6153098266601562
26652948,-1025,-592,1660,-294,-893,2564,26.652948,0.010023999999997812,-7.824427480916031,-4.519083969465649,12.67175572519084,-0.17597382202148437,-0.5345055206298828,1.5346832641601562
26662926,-623,245,2411,-1054,-1873,2748,26.662926,0.009978000000000264,-4.755725190839694,1.8702290076335877,18.404580152671755,-0.6308721374511719,-1.121084927368164,1.6448165405273436
26673052,247,749,3353,-2722,-1841,-1836,26.673052,0.010125999999999635,1.8854961832061068,5.717557251908397,25.595419847328245,-1.629254229736328,-1.101931314086914,-1.0989385620117187
26682915,104,-43,4545,-1162,3599,1312,26.682915,0.009863000000002842,0.7938931297709924,-0.3282442748091603,34.69465648854962,-0.6955155822753906,2.1541829437255857,0.7852981445312499
26692963,1442,-822,7046,146,-953,316,26.692963,0.010047999999997614,11.007633587786259,-6.2748091603053435,53.786259541984734,0.08738836059570312,-0.5704185455322265,0.18914193115234373
26702935,1899,-465,8237,226,1479,-6032,26.702935,0.009972000000001202,14.49618320610687,-3.549618320610687,62.87786259541985,0.1352723937988281,0.8852560638427733,-3.6104561035156246
26712978,1899,-465,8237,226,1479,-6032,26.712978,0.01004299999999958,14.49618320610687,-3.549618320610687,62.87786259541985,0.1352723937988281,0.8852560638427733,-3.6104561035156246
26723302,1111,-993,10410,-1590,-877,5036,26.723302,0.010324000000000666,8.48091603053435,-7.580152671755725,79.46564885496183,-0.9516951599121093,-0.5249287139892578,3.0142998901367184
26732959,-570,1505,11154,-1818,-2801,3412,26.732959,0.009657000000000693,-4.351145038167939,11.488549618320612,85.14503816793894,-1.0881646545410155,-1.676539712524414,2.042254016113281
26742933,-2451,-1734,10401,1294,379,-336,26.742933,0.009973999999999705,-18.709923664122137,-13.236641221374045,79.3969465648855,0.7745242370605468,0.22685060729980466,-0.201112939453125
26752952,-630,-651,10307,-766,-1053,-200,26.752952,0.010018999999999778,-4.809160305343512,-4.969465648854962,78.6793893129771,-0.4584896179199218,-0.6302735870361328,-0.1197100830078125
26762987,-240,703,10604,1006,-2097,436,26.762987,0.010034999999998462,-1.83206106870229,5.366412213740458,80.94656488549619,0.6021417175292968,-1.2551602203369139,0.2609679809570312
26772935,-638,-166,10568,-646,-1317,-72,26.772935,0.0099480000000014,-4.870229007633588,-1.2671755725190839,80.67175572519083,-0.38666356811523434,-0.7882908966064452,-0.0430956298828125
26783039,-461,132,10146,822,1119,-2520,26.783039,0.010103999999998337,-3.519083969465649,1.0076335877862594,77.45038167938931,0.49200844116210934,0.6697779144287109,-1.5083470458984374
26792935,-461,132,10146,822,1119,-2520,26.792935,0.009896000000001237,-3.519083969465649,1.0076335877862594,77.45038167938931,0.49200844116210934,0.6697779144287109,-1.5083470458984374
26803005,794,-492,9843,3970,-1085,-464,26.803005,0.010069999999998913,6.061068702290076,-3.7557251908396947,75.13740458015268,2.376245147705078,-0.6494272003173828,-0.277727392578125
26813100,-1372,86,10280,-3678,-2125,2608,26.8131,0.010094999999999743,-10.473282442748092,0.6564885496183206,78.47328244274809,-2.2014684265136717,-1.2719196319580077,1.5610194824218748
26822933,1030,-57,10684,610,-3233,-1460,26.822933,0.009833000000000425,7.862595419847328,-0.4351145038167939,81.55725190839695,0.3651157531738281,-1.935113491821289,-0.8738836059570312
26832943,-795,-1093,10720,-2482,-957,-504,26.832943,0.010010000000001185,-6.068702290076335,-8.34351145038168,81.83206106870229,-1.485602130126953,-0.5728127471923827,-0.3016694091796875
26842977,-431,279,11303,-3590,-973,-1336,26.842977,0.010034000000000987,-3.2900763358778624,2.1297709923664123,86.2824427480916,-2.1487959899902345,-0.5823895538330078,-0.7996633544921875
26852910,-1240,-488,9611,1726,531,2372,26.85291,0.009933000000000192,-9.465648854961833,-3.7251908396946565,73.36641221374046,1.0330980163574217,0.3178302703857422,1.419761584472656
26862964,-191,-1510,8927,2086,863,-1372,26.862964,0.01005400000000023,-1.4580152671755726,-11.526717557251908,68.14503816793894,1.2485761657714842,0.5165490081787109,-0.8212111694335937
26872972,-865,-415,8367,-850,1195,-5400,26.872972,0.010007999999999129,-6.603053435114504,-3.16793893129771,63.87022900763359,-0.5087678527832031,0.7152677459716796,-3.2321722412109373
26883075,9,-150,7763,206,-1013,-28,26.883075,0.010103000000000861,0.06870229007633588,-1.1450381679389312,59.25954198473283,0.12330138549804687,-0.6063315704345703,-0.016759411621093748
26892964,-267,-988,7866,674,-1881,4576,26.892964,0.009888999999997594,-2.0381679389312977,-7.541984732824427,60.045801526717554,0.4034229797363281,-1.1258733306884765,2.73896669921875
26903036,426,-332,8173,-218,-2421,-1812,26.903036,0.010072000000000969,3.2519083969465647,-2.5343511450381677,62.38931297709924,-0.1304839904785156,-1.4490905548095703,-1.0845733520507812
26912935,908,1261,8674,-286,-753,3488,26.912935,0.009899000000000768,6.931297709923665,9.625954198473282,66.21374045801527,-0.17118541870117188,-0.45070846252441404,2.0877438476562498
26922920,205,-41,10076,558,231,-1964,26.92292,0.009985000000000355,1.5648854961832062,-0.31297709923664124,76.91603053435115,0.33399113159179683,0.13826514587402344,-1.1755530151367186
26932997,-5,140,12046,-902,931,3500,26.932997,0.010076999999999003,-0.03816793893129771,1.0687022900763359,91.95419847328245,-0.5398924743652344,0.5572504364013672,2.094926452636719
26943004,-820,-1164,13622,-1106,383,-1008,26.943004,0.0100069999999981,-6.259541984732825,-8.885496183206106,103.98473282442748,-0.6619967590332031,0.2292448089599609,-0.603338818359375
26952980,-1995,-1457,14067,334,-1817,-4632,26.95298,0.009976000000001761,-15.229007633587786,-11.122137404580153,107.38167938931298,0.19991583862304688,-1.0875661041259765,-2.7724855224609373
26962952,-2066,-2128,14536,-2174,-2069,-1928,26.962952,0.009972000000001202,-15.770992366412214,-16.244274809160306,110.9618320610687,-1.301248602294922,-1.2384008087158203,-1.1540052001953125
26972978,-2057,-907,15661,-754,-2573,2256,26.972978,0.010025999999999868,-15.702290076335878,-6.923664122137405,119.54961832061069,-0.4513070129394531,-1.5400702178955077,1.350329736328125
26982945,-735,-148,16463,-254,-973,-1488,26.982945,0.009966999999999615,-5.6106870229007635,-1.1297709923664123,125.67175572519083,-0.15203180541992187,-0.5823895538330078,-0.8906430175781249
26992939,-735,-148,16463,-254,-973,-1488,26.992939,0.009993999999998948,-5.6106870229007635,-1.1297709923664123,125.67175572519083,-0.15203180541992187,-0.5823895538330078,-0.8906430175781249
27002949,-481,316,17505,986,-3809,-3300,27.002949,0.010010000000001185,-3.6717557251908395,2.4122137404580153,133.6259541984733,0.5901707092285156,-2.279878530883789,-1.9752163696289062
27012905,96,1261,17597,-6022,-5313,2716,27.012905,0.009955999999998966,0.732824427480916,9.625954198473282,134.32824427480915,-3.604470599365234,-3.180098355102539,1.6256629272460936
27022959,857,-295,17406,1910,-4993,956,27.022959,0.01005400000000023,6.541984732824427,-2.2519083969465647,132.87022900763358,1.1432312927246093,-2.9885622222900388,0.5722141967773438
27032978,2815,699,19530,-4078,-4209,1296,27.032978,0.010018999999999778,21.48854961832061,5.33587786259542,149.08396946564886,-2.440888592529297,-2.5192986968994138,0.7757213378906249
27042938,1025,766,22499,-2218,-525,-512,27.042938,0.009959999999999525,7.824427480916031,5.847328244274809,171.74809160305344,-1.3275848205566405,-0.3142389678955078,-0.3064578125
27052937,-906,-95,23214,-2698,-2469,396,27.052937,0.009999000000000535,-6.916030534351145,-0.7251908396946565,177.206106870229,-1.6148890197753905,-1.4778209747314452,0.23702596435546874
27062956,-1389,-154,23122,-5002,-2061,8628,27.062956,0.010018999999999778,-10.603053435114504,-1.1755725190839694,176.50381679389312,-2.9939491760253905,-1.2336124053955078,5.164292980957031
27072955,-1378,-592,22992,-1422,-1293,112,27.072955,0.009999000000000535,-10.51908396946565,-4.519083969465649,175.5114503816794,-0.8511386901855468,-0.7739256866455078,0.06703764648437499
27082918,-546,99,24166,2134,-1997,-596,27.082918,0.009962999999999056,-4.1679389312977095,0.7557251908396947,184.4732824427481,1.2773065856933592,-1.1953051788330078,-0.35673604736328124
27092980,-546,99,24166,2134,-1997,-596,27.09298,0.010062000000001348,-4.1679389312977095,0.7557251908396947,184.4732824427481,1.2773065856933592,-1.1953051788330078,-0.35673604736328124
27102989,-412,256,25123,-1746,-3689,112,27.102989,0.010009000000000157,-3.145038167938931,1.9541984732824427,191.77862595419847,-1.045069024658203,-2.2080524810791013,0.06703764648437499
27112952,687,-405,24541,-2346,-4509,-68,27.112952,0.009962999999999056,5.244274809160306,-3.0916030534351147,187.33587786259542,-1.4041992736816404,-2.6988638214111327,-0.040701428222656245
27122974,890,591,26507,-3222,-3029,460,27.122974,0.01002199999999931,6.793893129770993,4.511450381679389,202.34351145038167,-1.9285294372558592,-1.8130092071533201,0.2753331909179687
27132937,-654,-825,27782,-594,-3509,-168,27.132937,0.009962999999999056,-4.99236641221374,-6.297709923664122,212.0763358778626,-0.3555389465332031,-2.10031340637207,-0.1005564697265625
27142927,-545,-554,29220,390,-3197,-4940,27.142927,0.009990000000001942,-4.1603053435114505,-4.229007633587786,223.05343511450383,0.23343466186523437,-1.9135656768798828,-2.9568390502929685
27152930,-3270,-362,29652,2038,-5733,12972,27.15293,0.010003000000001094,-24.9618320610687,-2.763358778625954,226.35114503816794,1.2198457458496093,-3.431489529418945,7.764395983886718
27162971,-1169,-1841,28273,442,-4061,144,27.162971,0.010040999999997524,-8.923664122137405,-14.053435114503817,215.82442748091603,0.2645592834472656,-2.4307132354736325,0.086191259765625
27172954,-288,-911,27808,-926,-1757,-7084,27.172954,0.009983000000001852,-2.198473282442748,-6.9541984732824424,212.27480916030535,-0.5542576843261718,-1.0516530792236327,-4.240131140136718
27182977,-288,-911,27808,-926,-1757,-7084,27.182977,0.010023000000000337,-2.198473282442748,-6.9541984732824424,212.27480916030535,-0.5542576843261718,-1.0516530792236327,-4.240131140136718
27192987,1550,1377,26393,-426,-3981,2480,27.192987,0.010009999999997632,11.83206106870229,10.511450381679388,201.4732824427481,-0.2549824768066406,-2.3828292022705075,1.484405029296875
27202909,1069,-1949,26129,-1430,-9453,2272,27.202909,0.009921999999999542,8.16030534351145,-14.877862595419847,199.45801526717557,-0.8559270935058593,-5.6580970733642575,1.35990654296875
27212964,609,-873,25280,-3734,-2101,-5880,27.212964,0.010055000000001257,4.648854961832061,-6.66412213740458,192.9770992366412,-2.2349872497558594,-1.2575544219970702,-3.5194764404296874
27222914,-537,547,23897,2750,-2717,-560,27.222914,0.009949999999999903,-4.099236641221374,4.175572519083969,182.4198473282443,1.6460136413574218,-1.6262614776611328,-0.33518823242187495
27232937,-1610,-1125,21565,-358,-1497,396,27.232937,0.010023000000000337,-12.290076335877863,-8.587786259541986,164.61832061068702,-0.21428104858398436,-0.8960299713134765,0.23702596435546874
27243051,-3027,-173,18848,-2774,-2453,956,27.243051,0.01011400000000151,-23.106870229007633,-1.3206106870229009,143.87786259541986,-1.6603788513183593,-1.4682441680908203,0.5722141967773438
27252921,462,-216,16443,7610,-3029,128,27.252921,0.00986999999999938,3.5267175572519083,-1.6488549618320612,125.51908396946565,4.554968658447265,-1.8130092071533201,0.076614453125
27262936,-1257,-364,15752,1834,-1625,-284,27.262936,0.010014999999999219,-9.595419847328245,-2.7786259541984735,120.2442748091603,1.0977414611816405,-0.9726444244384765,-0.16998831787109375
27272972,-1556,-187,16602,1982,-1053,-4316,27.272972,0.01003599999999949,-11.877862595419847,-1.4274809160305344,126.73282442748092,1.1863269226074218,-0.6302735870361328,-2.583343591308594
27282947,-982,391,15373,-906,-5349,-2332,27.282947,0.009975000000000733,-7.4961832061068705,2.984732824427481,117.35114503816794,-0.5422866760253906,-3.201646170043945,-1.3958195678710936
27292946,1291,174,16389,2590,-2537,7124,27.292946,0.009999000000000535,9.854961832061068,1.3282442748091603,125.10687022900764,1.5502455749511719,-1.5185224029541016,4.264073156738281
27302933,-130,-2023,17931,2422,-3277,-4356,27.302933,0.009986999999998858,-0.9923664122137404,-15.442748091603054,136.87786259541986,1.4496891052246093,-1.9614497100830077,-2.607285607910156
27312922,-730,-1528,18990,982,-1633,-892,27.312922,0.009989000000000914,-5.572519083969466,-11.664122137404581,144.9618320610687,0.5877765075683593,-0.977432827758789,-0.5339069702148437
27322968,-1869,-548,19450,1650,-957,-224,27.322968,0.010045999999999111,-14.267175572519085,-4.183206106870229,148.4732824427481,0.9876081848144531,-0.5728127471923827,-0.13407529296874998
27332943,-1763,55,20130,-814,-2645,2256,27.332943,0.009975000000000733,-13.458015267175572,0.4198473282442748,153.66412213740458,-0.48722003784179685,-1.5831658477783201,1.350329736328125
27342953,-1763,55,20130,-814,-2645,2256,27.342953,0.010010000000001185,-13.458015267175572,0.4198473282442748,153.66412213740458,-0.48722003784179685,-1.5831658477783201,1.350329736328125
27352942,-2007,874,20393,2202,279,2904,27.352942,0.009988999999997361,-15.320610687022901,6.67175572519084,155.67175572519085,1.3180080139160155,0.16699556579589842,1.7381904052734374
27362931,1731,444,19794,-482,-5529,-804,27.362931,0.009989000000000914,13.213740458015268,3.3893129770992365,151.09923664122138,-0.2885013000488281,-3.309385244750976,-0.48123453369140623
27373062,-43,1125,18988,1302,-2841,-1636,27.373062,0.010131000000001222,-0.3282442748091603,8.587786259541986,144.94656488549617,0.7793126403808593,-1.7004817291259764,-0.9792284790039062
27382964,-545,1197,18598,714,-4933,2716,27.382964,0.0099020000000003,-4.1603053435114505,9.13740458015267,141.96946564885496,0.4273649963378906,-2.952649197387695,1.6256629272460936
27392924,2236,792,19670,-2446,-2205,1560,27.392924,0.009959999999999525,17.068702290076335,6.0458015267175576,150.15267175572518,-1.4640543151855467,-1.3198036651611327,0.9337386474609375
27402989,-176,-205,19250,-2406,-4093,332,27.402989,0.010065000000000879,-1.3435114503816794,-1.5648854961832062,146.94656488549617,-1.4401122985839843,-2.4498668487548825,0.19871873779296872
27412932,-204,-138,19085,-4030,163,888,27.412932,0.009942999999999813,-1.5572519083969465,-1.0534351145038168,145.68702290076337,-2.412158172607422,0.09756371765136718,0.5315127685546874
27423028,-501,-389,18858,814,-361,1100,27.423028,0.010095999999997218,-3.8244274809160306,-2.969465648854962,143.95419847328245,0.48722003784179685,-0.21607669982910155,0.6584054565429687
27432924,-1203,-206,18560,-1886,1091,-572,27.432924,0.009896000000001237,-9.183206106870228,-1.5725190839694656,141.6793893129771,-1.1288660827636718,0.6530185028076172,-0.34237083740234375
27442970,-2196,253,18357,-62,-1237,3668,27.44297,0.010045999999999111,-16.763358778625953,1.9312977099236641,140.12977099236642,-0.037110125732421874,-0.7404068634033203,2.195482922363281
27452935,1116,438,18548,2494,-1233,228,27.452935,0.009965000000001112,8.51908396946565,3.3435114503816794,141.58778625954199,1.4927847351074217,-0.738012661743164,0.13646949462890623
27462910,-9,168,20110,-4270,-2629,-1224,27.46291,0.009975000000000733,-0.06870229007633588,1.282442748091603,153.5114503816794,-2.555810272216797,-1.5735890411376952,-0.7326257080078125
27472925,-50,221,22113,-382,591,4108,27.472925,0.010014999999999219,-0.3816793893129771,1.6870229007633588,168.80152671755727,-0.22864625854492185,0.3537432952880859,2.4588451049804685
27482983,1172,841,23526,-302,-3793,-908,27.482983,0.010058000000000789,8.946564885496183,6.419847328244275,179.58778625954199,-0.18076222534179687,-2.270301724243164,-0.5434837768554687
27492915,-380,338,24879,-1510,-4381,2772,27.492915,0.009931999999999164,-2.900763358778626,2.5801526717557253,189.91603053435114,-0.9038111267089843,-2.6222493682861328,1.659181750488281
27502912,-913,-422,25387,-3626,-4869,-1420,27.502912,0.00999699999999848,-6.969465648854962,-3.2213740458015265,193.793893129771,-2.1703438049316404,-2.914341970825195,-0.8499415893554687
27513104,-921,-2120,27064,-1990,-3069,-316,27.513104,0.010191999999999979,-7.030534351145038,-16.18320610687023,206.59541984732823,-1.1911153259277343,-1.8369512237548826,-0.18914193115234373
27522960,-921,-2120,27064,-1990,-3069,-316,27.52296,0.009856000000002751,-7.030534351145038,-16.18320610687023,206.59541984732823,-1.1911153259277343,-1.8369512237548826,-0.18914193115234373
27533007,-784,-2106,27242,-894,-1245,300,27.533007,0.01004700000000014,-5.984732824427481,-16.076335877862597,207.95419847328245,-0.5351040710449219,-0.7451952667236328,0.17956512451171874
27542930,-2385,-1036,27659,802,-157,13348,27.54293,0.009922999999997018,-18.206106870229007,-7.908396946564886,211.13740458015266,0.4800374328613281,-0.0939724151611328,7.989450939941406
27552944,1232,-1514,28296,-4094,-7137,3156,27.552944,0.010014000000001744,9.404580152671755,-11.557251908396946,216.0,-2.450465399169922,-4.271854312133788,1.889025109863281
27562922,1283,166,29487,-310,-4281,-3000,27.562922,0.009978000000000264,9.793893129770993,1.2671755725190839,225.0916030534351,-0.18555062866210936,-2.5623943267822265,-1.7956512451171873
27572981,-197,-1680,27525,2798,-4833,9708,27.572981,0.010058999999998264,-1.5038167938931297,-12.82442748091603,210.1145038167939,1.6747440612792968,-2.892794155883789,5.810727429199218
27582991,1040,-391,27865,-2290,-5661,-1076,27.582991,0.010010000000001185,7.938931297709924,-2.984732824427481,212.70992366412213,-1.370680450439453,-3.3883938995361325,-0.6440402465820312
27593011,-678,142,28073,-42,2259,-2704,27.593011,0.010020000000000806,-5.175572519083969,1.083969465648855,214.29770992366412,-0.025139117431640625,1.3521253875732422,-1.618480322265625
27602973,1556,-759,26469,3282,-637,-1344,27.602973,0.009961999999998028,11.877862595419847,-5.793893129770993,202.05343511450383,1.964442462158203,-0.3812766143798828,-0.8044517578125
27612933,-1537,-2391,26241,2230,-6121,1100,27.612933,0.009960000000003078,-11.732824427480915,-18.251908396946565,200.31297709923663,1.3347674255371094,-3.6637270904541013,0.6584054565429687
27622981,-2003,1059,27463,-2,-3893,-16,27.622981,0.010047999999997614,-15.290076335877863,8.083969465648854,209.6412213740458,-0.001197100830078125,-2.3301567657470703,-0.009576806640625
27632941,-2003,1059,27463,-2,-3893,-16,27.632941,0.009959999999999525,-15.290076335877863,8.083969465648854,209.6412213740458,-0.001197100830078125,-2.3301567657470703,-0.009576806640625
27643072,-550,1292,26526,106,-2453,2300,27.643072,0.010131000000001222,-4.198473282442748,9.86259541984733,202.4885496183206,0.06344634399414062,-1.4682441680908203,1.3766659545898436
27652975,332,1519,25858,-3450,-4321,1028,27.652975,0.009903000000001327,2.5343511450381677,11.595419847328245,197.38931297709922,-2.0649989318847655,-2.5863363433837887,0.6153098266601562
27662909,313,203,24036,-1178,-1461,-2424,27.662909,0.009933999999997667,2.3893129770992365,1.549618320610687,183.48091603053436,-0.7050923889160156,-0.8744821563720703,-1.4508862060546874
27672921,-358,747,23082,666,-4309,-1920,27.672921,0.010011999999999688,-2.732824427480916,5.702290076335878,176.19847328244273,0.39863457641601563,-2.57915373840332,-1.149216796875
27682917,48,618,21569,2442,-1889,-2788,27.682917,0.009996000000001004,0.366412213740458,4.717557251908397,164.64885496183206,1.4616601135253906,-1.130661734008789,-1.668758557128906
27693097,20,164,21229,-1738,-1793,-2008,27.693097,0.010180000000001854,0.15267175572519084,1.251908396946565,162.05343511450383,-1.0402806213378906,-1.073200894165039,-1.2018892333984375
27702982,-1670,496,20817,-1254,-3137,-428,27.702982,0.009884999999997035,-12.748091603053435,3.786259541984733,158.9083969465649,-0.7505822204589844,-1.877652651977539,-0.2561795776367187
27712949,-3526,-1033,19684,-2090,-1829,5104,27.712949,0.009966999999999615,-26.916030534351144,-7.885496183206107,150.25954198473283,-1.2509703674316406,-1.0947487091064452,3.0550013183593747
27723073,-1009,66,18224,2410,-2093,408,27.723073,0.010124000000001132,-7.702290076335878,0.5038167938931297,139.1145038167939,1.4425065002441406,-1.2527660186767577,0.2442085693359375
27733100,1368,577,18146,58,-1637,444,27.7331,0.010027000000000896,10.442748091603054,4.404580152671755,138.51908396946564,0.034715924072265626,-0.9798270294189453,0.2657563842773437
27742926,1170,149,17370,2774,-3077,-1544,27.742926,0.009826000000000334,8.931297709923664,1.1374045801526718,132.59541984732823,1.6603788513183593,-1.8417396270751951,-0.9241618408203125
27752976,1170,149,17370,2774,-3077,-1544,27.752976,0.01004999999999967,8.931297709923664,1.1374045801526718,132.59541984732823,1.6603788513183593,-1.8417396270751951,-0.9241618408203125
27763102,1881,428,16364,-2494,-4585,-4260,27.763102,0.010125999999999635,14.358778625954198,3.267175572519084,124.91603053435115,-1.4927847351074217,-2.7443536529541013,-2.549824768066406
27772996,3256,-605,17689,-5630,219,620,27.772996,0.009893999999999181,24.85496183206107,-4.6183206106870225,135.03053435114504,-3.3698388366699215,0.13108254089355467,0.3711012573242187
27782917,1321,110,18101,2074,799,-16,27.782917,0.009921000000002067,10.083969465648854,0.8396946564885496,138.17557251908397,1.2413935607910156,0.4782417816162109,-0.009576806640625
27792919,221,575,17049,-1270,-1033,-840,27.792919,0.010002000000000066,1.6870229007633588,4.3893129770992365,130.14503816793894,-0.7601590270996094,-0.6183025787353515,-0.5027823486328125
27802929,-643,427,15226,-1882,-2509,2604,27.802929,0.010009999999997632,-4.908396946564886,3.2595419847328246,116.22900763358778,-1.1264718811035155,-1.5017629913330077,1.5586252807617187
27812968,-1285,-1507,12365,1278,383,-376,27.812968,0.010039000000002574,-9.80916030534351,-11.50381679389313,94.38931297709924,0.7649474304199219,0.2292448089599609,-0.22505495605468748
27823004,-1610,-1039,10495,1798,-1361,2988,27.823004,0.01003599999999949,-12.290076335877863,-7.931297709923665,80.1145038167939,1.0761936462402344,-0.814627114868164,1.7884686401367187
27832952,-468,-1466,7912,1810,-1925,-448,27.832952,0.009947999999997847,-3.572519083969466,-11.19083969465649,60.396946564885496,1.083376251220703,-1.1522095489501953,-0.26815058593749996
27842914,-525,-388,7357,6986,-4985,4836,27.842914,0.00996200000000158,-4.00763358778626,-2.9618320610687023,56.16030534351145,4.18147319946289,-2.9837738189697265,2.8945898071289062
27852931,569,816,8840,-1590,775,1304,27.852931,0.010017000000001275,4.343511450381679,6.229007633587786,67.48091603053435,-0.9516951599121093,0.4638765716552734,0.7805097412109374
27862909,1717,146,8695,6410,-977,-2972,27.862909,0.009977999999996712,13.106870229007633,1.1145038167938932,66.37404580152672,3.8367081604003905,-0.5847837554931641,-1.7788918334960937
27872948,932,114,8941,1818,-1309,948,27.872948,0.010039000000002574,7.114503816793893,0.8702290076335878,68.25190839694656,1.0881646545410155,-0.7835024932861328,0.5674257934570313
27882931,726,-145,9267,-3182,-3161,-4336,27.882931,0.009982999999998299,5.541984732824427,-1.1068702290076335,70.74045801526718,-1.9045874206542968,-1.8920178619384764,-2.5953145996093747
27892906,-564,-112,8419,-50,-189,-748,27.892906,0.009975000000000733,-4.305343511450381,-0.8549618320610687,64.26717557251908,-0.029927520751953124,-0.1131260284423828,-0.4477157104492187
27902916,-797,-293,8330,-350,-837,24,27.902916,0.010010000000001185,-6.083969465648855,-2.236641221374046,63.587786259541986,-0.20949264526367187,-0.5009866973876953,0.0143652099609375
27912926,-908,-1041,6723,-1582,-57,-2052,27.912926,0.010009999999997632,-6.931297709923665,-7.9465648854961835,51.3206106870229,-0.9469067565917968,-0.03411737365722656,-1.2282254516601563
27922916,437,89,5158,2142,1635,2128,27.922916,0.009990000000001942,3.33587786259542,0.6793893129770993,39.37404580152672,1.2820949890136717,0.9786299285888671,1.2737152832031249
27932918,752,261,2894,-1710,-1141,1956,27.932918,0.010002000000000066,5.740458015267175,1.9923664122137406,22.091603053435115,-1.0235212097167967,-0.6829460235595702,1.1707646118164061
27942937,1105,-40,1453,-1678,-2817,-2536,27.942937,0.010018999999999778,8.435114503816793,-0.3053435114503817,11.091603053435115,-1.0043675964355467,-1.686116519165039,-1.5179238525390624
27953181,1105,-40,1453,-1678,-2817,-2536,27.953181,0.010244000000000142,8.435114503816793,-0.3053435114503817,11.091603053435115,-1.0043675964355467,-1.686116519165039,-1.5179238525390624
27963045,1223,-254,-934,5070,2767,-1884,27.963045,0.009864000000000317,9.335877862595419,-1.9389312977099236,-7.129770992366412,3.034650604248047,1.6561889984130858,-1.1276689819335937
27972972,-227,831,231,-2586,3583,-716,27.972972,0.009926999999997577,-1.7328244274809161,6.343511450381679,1.7633587786259541,-1.5478513732910155,2.1446061370849607,-0.4285620971679687
27982943,1596,582,1337,5078,1179,852,27.982943,0.009971000000000174,12.183206106870228,4.442748091603053,10.206106870229007,3.039439007568359,0.7056909393310546,0.5099649536132812
27992920,-125,200,3239,-266,171,1192,27.99292,0.00997700000000279,-0.9541984732824428,1.5267175572519085,24.72519083969466,-0.1592144104003906,0.10235212097167969,0.7134720947265625
28002936,-334,746,4381,-1562,1091,-3244,28.002936,0.010015999999996694,-2.549618320610687,5.694656488549619,33.44274809160305,-0.9349357482910156,0.6530185028076172,-1.9416975463867185
28012938,-1444,48,5408,-1430,-2041,1756,28.012938,0.010002000000000066,-11.022900763358779,0.366412213740458,41.282442748091604,-0.8559270935058593,-1.2216413970947264,1.0510545288085937
28023008,-1029,-324,6218,-494,-493,1908,28.023008,0.010070000000002466,-7.854961832061068,-2.4732824427480917,47.465648854961835,-0.29568390502929687,-0.2950853546142578,1.1420341918945311
28032937,-334,-995,4959,1902,-2817,2376,28.032937,0.009928999999999633,-2.549618320610687,-7.595419847328245,37.85496183206107,1.1384428894042968,-1.686116519165039,1.4221557861328125
28042926,-218,-470,3464,-1482,-845,-2004,28.042926,0.009989000000000914,-1.6641221374045803,-3.5877862595419847,26.442748091603054,-0.8870517150878906,-0.5057751007080078,-1.199495031738281
28052923,-561,-4,1650,1834,-1169,-3072,28.052923,0.00999699999999848,-4.282442748091603,-0.030534351145038167,12.595419847328245,1.0977414611816405,-0.699705435180664,-1.838746875
28062928,-561,-4,1650,1834,-1169,-3072,28.062928,0.010004999999999598,-4.282442748091603,-0.030534351145038167,12.595419847328245,1.0977414611816405,-0.699705435180664,-1.838746875
28072932,54,-793,-568,778,-261,-3472,28.072932,0.010004000000002122,0.4122137404580153,-6.0534351145038165,-4.33587786259542,0.4656722229003906,-0.1562216583251953,-2.0781670410156248
28082927,916,767,-278,-94,767,-2572,28.082927,0.009994999999999976,6.99236641221374,5.854961832061068,-2.122137404580153,-0.05626373901367187,0.4590881683349609,-1.5394716674804687
28093031,1173,452,1357,542,-1037,1248,28.093031,0.010103999999998337,8.954198473282442,3.450381679389313,10.358778625954198,0.32441432495117184,-0.6206967803955078,0.74699091796875
28102970,-271,471,829,4890,-1029,-2356,28.10297,0.009938999999999254,-2.068702290076336,3.595419847328244,6.32824427480916,2.9269115295410155,-0.6159083770751953,-1.4101847778320311
28112932,593,-356,3128,-1786,-949,1844,28.112932,0.00996200000000158,4.526717557251908,-2.717557251908397,23.87786259541985,-1.0690110412597655,-0.5680243438720702,1.1037269653320312
28122941,888,1196,4009,-2410,-681,452,28.122941,0.010009000000000157,6.778625954198473,9.129770992366412,30.603053435114504,-1.4425065002441406,-0.40761283264160153,0.2705447875976562
28133075,-293,252,5047,-2494,-833,-784,28.133075,0.010134000000000754,-2.236641221374046,1.9236641221374047,38.52671755725191,-1.4927847351074217,-0.49859249572753905,-0.469263525390625
28142911,-321,1010,5232,-1430,-269,-608,28.142911,0.009835999999999956,-2.450381679389313,7.709923664122138,39.93893129770992,-0.8559270935058593,-0.1610100616455078,-0.36391865234375
28153015,-1465,-453,5479,-230,907,-4484,28.153015,0.010103999999998337,-11.183206106870228,-3.4580152671755724,41.82442748091603,-0.13766659545898435,0.5428852264404297,-2.683900061035156
28162986,-1596,-1374,3613,862,-2093,612,28.162986,0.009971000000000174,-12.183206106870228,-10.488549618320612,27.580152671755727,0.5159504577636719,-1.2527660186767577,0.36631285400390623
28172958,-577,-520,1055,194,-253,1120,28.172958,0.009972000000001202,-4.404580152671755,-3.969465648854962,8.053435114503817,0.11611878051757812,-0.1514332550048828,0.6703764648437499
28182921,-369,-448,-193,-1242,-1677,4,28.182921,0.009962999999999056,-2.816793893129771,-3.4198473282442747,-1.4732824427480915,-0.7433996154785156,-1.0037690460205078,0.00239420166015625
28192953,-405,-663,-1301,-1838,-2417,-1516,28.192953,0.01003199999999893,-3.0916030534351147,-5.061068702290076,-9.931297709923664,-1.1001356628417969,-1.446696353149414,-0.9074024291992187
28204215,20,-363,-1177,-2738,83,1252,28.204215,0.011262000000002104,0.15267175572519084,-2.7709923664122136,-8.98473282442748,-1.638831036376953,0.04967968444824218,0.7493851196289062
28213001,20,-363,-1177,-2738,83,1252,28.213001,0.008785999999997074,0.15267175572519084,-2.7709923664122136,-8.98473282442748,-1.638831036376953,0.04967968444824218,0.7493851196289062
28222924,361,243,227,-1358,-909,656,28.222924,0.00992300000000057,2.7557251908396947,1.8549618320610688,1.7328244274809161,-0.8128314636230468,-0.5440823272705078,0.39264907226562495
28232962,1826,1123,-502,-3282,-753,2804,28.232962,0.010038000000001546,13.938931297709924,8.572519083969466,-3.83206106870229,-1.964442462158203,-0.45070846252441404,1.678335363769531
28243096,2452,-646,2057,-4958,963,68,28.243096,0.010134000000000754,18.717557251908396,-4.931297709923665,15.702290076335878,-2.967612957763672,0.5764040496826172,0.040701428222656245
28252918,1331,464,2015,-5286,723,1908,28.252918,0.009821999999999775,10.16030534351145,3.5419847328244276,15.381679389312977,-3.1639374938964844,0.4327519500732422,1.1420341918945311
28262917,-856,419,2692,-1146,223,440,28.262917,0.009999000000000535,-6.534351145038168,3.198473282442748,20.549618320610687,-0.6859387756347656,0.13347674255371092,0.26336218261718747
28273000,-2000,-669,2367,-398,187,1100,28.273,0.010082999999998066,-15.267175572519085,-5.106870229007634,18.068702290076335,-0.23822306518554687,0.11192892761230468,0.6584054565429687
28282934,-1457,-1126,720,646,-61,-592,28.282934,0.00993400000000122,-11.122137404580153,-8.595419847328245,5.4961832061068705,0.38666356811523434,-0.03651157531738281,-0.354341845703125
28292921,-1627,-437,-192,1322,3715,-1164,28.292921,0.009986999999998858,-12.419847328244275,-3.33587786259542,-1.465648854961832,0.7912836486816406,2.223614791870117,-0.6967126831054687
28302932,-459,-421,-1177,2322,903,-1328,28.302932,0.01001099999999866,-3.50381679389313,-3.213740458015267,-8.98473282442748,1.389834063720703,0.5404910247802734,-0.7948749511718749
28312973,-459,-421,-1177,2322,903,-1328,28.312973,0.010041000000001077,-3.50381679389313,-3.213740458015267,-8.98473282442748,1.389834063720703,0.5404910247802734,-0.7948749511718749
28322922,108,397,-2286,1130,-653,2596,28.322922,0.009948999999998875,0.8244274809160306,3.030534351145038,-17.450381679389313,0.6763619689941406,-0.3908534210205078,1.5538368774414062
28332931,349,-130,-2252,3666,-17,-640,28.332931,0.010009000000000157,2.66412213740458,-0.9923664122137404,-17.19083969465649,2.194285821533203,-0.010175357055664061,-0.38307226562499996
28342927,887,-232,-2808,722,-1957,-1688,28.342927,0.009996000000001004,6.770992366412214,-1.7709923664122138,-21.435114503816795,0.4321533996582031,-1.1713631622314453,-1.0103531005859374
28353023,688,868,-1168,606,491,-2768,28.353023,0.010096000000000771,5.251908396946565,6.625954198473282,-8.916030534351146,0.36272155151367186,0.29388825378417965,-1.656787548828125
28362993,336,-145,-1485,1666,-809,180,28.362993,0.009969999999999146,2.564885496183206,-1.1068702290076335,-11.335877862595419,0.9971849914550781,-0.4842272857666015,0.10773907470703124
28372958,1325,354,1722,-5786,-2185,2964,28.372958,0.009965000000001112,10.114503816793894,2.7022900763358777,13.145038167938932,-3.4632127014160154,-1.3078326568603516,1.7741034301757812
28382923,1824,-339,2929,-294,-1669,-472,28.382923,0.009965000000001112,13.923664122137405,-2.5877862595419847,22.358778625954198,-0.17597382202148437,-0.9989806427001953,-0.2825157958984375
28392909,-338,-997,4282,-1322,303,-1684,28.392909,0.00998599999999783,-2.5801526717557253,-7.6106870229007635,32.68702290076336,-0.7912836486816406,0.18136077575683593,-1.0079588989257813
28402921,-573,-592,5038,-2954,-129,1108,28.402921,0.010011999999999688,-4.374045801526718,-4.519083969465649,38.458015267175576,-1.7681179260253905,-0.07721300354003906,0.6631938598632812
28412925,-1500,-1709,4919,2214,3955,-4076,28.412925,0.010004000000002122,-11.450381679389313,-13.045801526717558,37.54961832061068,1.3251906188964844,2.367266891479492,-2.4396914916992185
28422982,-1490,-458,4780,822,-2169,172,28.422982,0.01005699999999976,-11.374045801526718,-3.49618320610687,36.48854961832061,0.49200844116210934,-1.2982558502197266,0.10295067138671875
28432976,-260,-1070,3680,-614,-977,-3136,28.432976,0.009993999999998948,-1.984732824427481,-8.16793893129771,28.091603053435115,-0.36750995483398435,-0.5847837554931641,-1.8770541015625
28443046,-294,401,1796,1258,-2117,-548,28.443046,0.010069999999998913,-2.2442748091603053,3.0610687022900764,13.709923664122137,0.7529764221191406,-1.2671312286376952,-0.3280056274414062
28452927,-294,401,1796,1258,-2117,-548,28.452927,0.009881000000000029,-2.2442748091603053,3.0610687022900764,13.709923664122137,0.7529764221191406,-1.2671312286376952,-0.3280056274414062
28462933,979,-558,1481,1890,-321,1440,28.462933,0.010006000000000626,7.473282442748092,-4.259541984732825,11.305343511450381,1.131260284423828,-0.19213468322753904,0.86191259765625
28472938,436,747,1537,1662,-2413,232,28.472938,0.010004999999999598,3.3282442748091605,5.702290076335878,11.732824427480915,0.9947907897949219,-1.4443021514892578,0.1388636962890625
28482908,201,-293,1926,-1598,-5053,-3872,28.482908,0.009969999999999146,1.534351145038168,-2.236641221374046,14.702290076335878,-0.9564835632324218,-3.024475247192383,-2.31758720703125
28492988,376,-750,3475,674,1711,664,28.492988,0.010080000000002087,2.8702290076335877,-5.7251908396946565,26.52671755725191,0.4034229797363281,1.024119760131836,0.39743747558593745
28502921,1404,847,6520,-1102,2567,-2840,28.502921,0.009933000000000192,10.717557251908397,6.465648854961832,49.770992366412216,-0.6596025573730468,1.5364789154052734,-1.6998831787109374
28512943,131,1376,9146,1430,3851,-1984,28.512943,0.01002199999999931,1.0,10.50381679389313,69.81679389312977,0.8559270935058593,2.3050176483154297,-1.1875240234375
28522989,-1078,923,10432,-2062,-677,-288,28.522989,0.010045999999999111,-8.229007633587786,7.0458015267175576,79.63358778625954,-1.2342109558105467,-0.4052186309814453,-0.17238251953125
28532949,-1078,923,10432,-2062,-677,-288,28.532949,0.009959999999999525,-8.229007633587786,7.0458015267175576,79.63358778625954,-1.2342109558105467,-0.4052186309814453,-0.17238251953125
28542939,-946,1411,10445,742,43,-1272,28.542939,0.009990000000001942,-7.221374045801527,10.770992366412214,79.73282442748092,0.44412440795898434,0.025737667846679687,-0.7613561279296874
28553334,-864,1430,8903,3438,367,1116,28.553334,0.010394999999999044,-6.595419847328245,10.916030534351146,67.9618320610687,2.057816326904297,0.21966800231933592,0.6679822631835937
28563047,-943,1373,7103,3578,-661,1436,28.563047,0.009713000000001415,-7.198473282442748,10.48091603053435,54.221374045801525,2.1416133850097654,-0.3956418243408203,0.8595183959960937
28572918,-501,2598,9406,-3406,-1329,-1096,28.572918,0.009871000000000407,-3.8244274809160306,19.83206106870229,71.80152671755725,-2.038662713623047,-0.795473501586914,-0.6560112548828124
28582940,-1020,1153,10171,-5974,-1477,-3608,28.58294,0.01002199999999931,-7.786259541984733,8.801526717557252,77.6412213740458,-3.575740179443359,-0.8840589630126953,-2.1595698974609374
28593021,-484,-972,7793,3206,1699,3916,28.593021,0.010080999999999563,-3.6946564885496183,-7.419847328244275,59.48854961832061,1.9189526306152342,1.016937155151367,2.3439234252929686
28602991,425,-886,8486,-1530,-2005,2076,28.602991,0.009969999999999146,3.2442748091603053,-6.763358778625954,64.77862595419847,-0.9157821350097656,-1.2000935821533203,1.2425906616210938
28612980,557,-1346,8726,-1474,-1809,-3492,28.61298,0.009989000000000914,4.251908396946565,-10.274809160305344,66.61068702290076,-0.8822633117675781,-1.082777700805664,-2.090138049316406
28622917,-738,-703,8637,-342,-873,-2860,28.622917,0.00993700000000075,-5.633587786259542,-5.366412213740458,65.93129770992367,-0.20470424194335937,-0.5225345123291015,-1.7118541870117185
28632978,-738,-703,8637,-342,-873,-2860,28.632978,0.01006100000000032,-5.633587786259542,-5.366412213740458,65.93129770992367,-0.20470424194335937,-0.5225345123291015,-1.7118541870117185
28642988,-235,-941,7886,-1658,159,-644,28.642988,0.010009999999997632,-1.7938931297709924,-7.183206106870229,60.19847328244275,-0.9923965881347656,0.09516951599121093,-0.3854664672851562
28652940,-278,-714,7330,2286,879,-1708,28.65294,0.00995200000000196,-2.122137404580153,-5.450381679389313,55.954198473282446,1.3682862487792968,0.526125814819336,-1.0223241088867188
28662969,-358,1048,6264,-1766,-1793,4004,28.662969,0.0100289999999994,-2.732824427480916,8.0,47.81679389312977,-1.0570400329589844,-1.073200894165039,2.3965958618164063
28672932,-702,-1086,5403,718,-1325,-2208,28.672932,0.009962999999999056,-5.358778625954199,-8.290076335877863,41.2442748091603,0.42975919799804685,-0.7930792999267577,-1.3215993164062498
28683014,719,213,4968,3230,-3725,-352,28.683014,0.01008200000000059,5.488549618320611,1.6259541984732824,37.9236641221374,1.9333178405761717,-2.2296002960205077,-0.21068974609375
28692916,-567,-362,6394,1462,-2161,1024,28.692916,0.0099020000000003,-4.32824427480916,-2.763358778625954,48.80916030534351,0.8750807067871094,-1.293467446899414,0.612915625
28702972,321,25,8899,250,-485,-952,28.702972,0.010055999999998733,2.450381679389313,0.19083969465648856,67.93129770992367,0.14963760375976562,-0.2902969512939453,-0.5698199951171875
28712966,-165,419,10187,-838,5379,-1440,28.712966,0.009994000000002501,-1.2595419847328244,3.198473282442748,77.76335877862596,-0.5015852478027344,3.219602682495117,-0.86191259765625
28722957,-165,419,10187,-838,5379,-1440,28.722957,0.009990999999999417,-1.2595419847328244,3.198473282442748,77.76335877862596,-0.5015852478027344,3.219602682495117,-0.86191259765625
28732953,-1040,-43,14918,-5126,-1329,3284,28.732953,0.009995999999997451,-7.938931297709924,-0.3282442748091603,113.87786259541984,-3.068169427490234,-0.795473501586914,1.9656395629882812
28742981,28,1127,17156,218,-2493,-1916,28.742981,0.010028000000001924,0.21374045801526717,8.603053435114504,130.9618320610687,0.1304839904785156,-1.4921861846923827,-1.1468225952148436
28752918,-1012,-786,18942,-3694,655,-1144,28.752918,0.00993700000000075,-7.7251908396946565,-6.0,144.59541984732823,-2.2110452331542967,0.3920505218505859,-0.6847416748046875
28762946,-1898,-1568,19736,-4558,-1809,-764,28.762946,0.010027999999998372,-14.488549618320612,-11.969465648854962,150.65648854961833,-2.7281927917480466,-1.082777700805664,-0.4572925170898437
28772974,-2430,-1943,20396,590,-2369,-1748,28.772974,0.010028000000001924,-18.549618320610687,-14.83206106870229,155.6946564885496,0.35314474487304687,-1.417965933227539,-1.0462661254882812
28782974,-2660,-2489,21190,-1430,75,1520,28.782974,0.00999999999999801,-20.30534351145038,-19.0,161.75572519083968,-0.8559270935058593,0.044891281127929686,0.9097966308593749
28792958,-3,562,21929,446,-1017,1580,28.792958,0.009983999999999327,-0.022900763358778626,4.290076335877862,167.3969465648855,0.26695348510742184,-0.6087257720947266,0.9457096557617187
28803112,-958,-75,23411,-3470,-6797,-1212,28.803112,0.010153999999999996,-7.312977099236641,-0.5725190839694656,178.70992366412213,-2.076969940185547,-4.068347171020507,-0.7254431030273437
28812959,-225,8,23163,-1662,-4465,560,28.812959,0.009847000000000605,-1.717557251908397,0.061068702290076333,176.81679389312978,-0.9947907897949219,-2.672527603149414,0.33518823242187495
28822917,2048,-509,25692,254,-3165,-1488,28.822917,0.009958000000001022,15.633587786259541,-3.885496183206107,196.12213740458014,0.15203180541992187,-1.8944120635986328,-0.8906430175781249
28833016,-646,119,27421,-1722,-905,-4156,28.833016,0.010099000000000302,-4.931297709923665,0.9083969465648855,209.3206106870229,-1.0307038146972656,-0.5416881256103515,-2.4875755249023435
28842966,-646,119,27421,-1722,-905,-4156,28.842966,0.009949999999999903,-4.931297709923665,0.9083969465648855,209.3206106870229,-1.0307038146972656,-0.5416881256103515,-2.4875755249023435
28852941,-653,1911,29185,-2134,-2389,3392,28.852941,0.009975000000000733,-4.984732824427481,14.587786259541986,222.78625954198472,-1.2773065856933592,-1.4299369415283203,2.0302830078125
28862951,-294,-1253,30508,3334,187,-792,28.862951,0.010009999999997632,-2.2442748091603053,-9.564885496183207,232.8854961832061,1.9955670837402342,0.11192892761230468,-0.4740519287109375
28872917,-1338,-937,32162,4010,-4025,6000,28.872917,0.00996600000000214,-10.213740458015268,-7.152671755725191,245.5114503816794,2.4001871643066406,-2.4091654205322266,3.5913024902343746
28883045,-1299,555,32698,1438,-3901,-356,28.883045,0.010127999999998138,-9.916030534351146,4.236641221374046,249.6030534351145,0.8607154968261719,-2.3349451690673826,-0.21308394775390624
28892935,-1056,-794,32698,-2122,-5093,4632,28.892935,0.009890000000002175,-8.061068702290076,-6.061068702290076,249.6030534351145,-1.2701239807128906,-3.048417263793945,2.7724855224609373
28902936,481,-746,32698,-514,-4117,-1464,28.902936,0.010000999999999038,3.6717557251908395,-5.694656488549619,249.6030534351145,-0.3076549133300781,-2.46423205871582,-0.8762778076171874
28912924,-447,1339,32698,-1058,-2521,320,28.912924,0.009987999999999886,-3.4122137404580153,10.221374045801527,249.6030534351145,-0.6332663391113281,-1.5089455963134766,0.19153613281249998
28922925,-1638,-641,32698,-670,-4797,2128,28.922925,0.010000999999999038,-12.50381679389313,-4.893129770992366,249.6030534351145,-0.4010287780761719,-2.8712463409423825,1.2737152832031249
28932966,-2364,-1290,32444,-762,-5033,1324,28.932966,0.010041000000001077,-18.045801526717558,-9.84732824427481,247.66412213740458,-0.4560954162597656,-3.0125042388916015,0.7924807495117187
28942936,-1539,885,29826,4370,-369,4228,28.942936,0.009969999999999146,-11.748091603053435,6.755725190839694,227.6793893129771,2.615665313720703,-0.22086510314941404,2.530671154785156
28953008,1507,1753,27086,3694,-9609,-360,28.953008,0.010072000000000969,11.50381679389313,13.381679389312977,206.76335877862596,2.2110452331542967,-5.7514709381103515,-0.2154781494140625
28963523,-1250,1631,26233,7198,-1005,-1792,28.963523,0.010514999999998054,-9.541984732824428,12.450381679389313,200.25190839694656,4.308365887451171,-0.6015431671142578,-1.0726023437499999
28972921,-371,1485,25853,13518,-9929,-2152,28.972921,0.009398000000000906,-2.83206106870229,11.335877862595419,197.35114503816794,8.091204510498047,-5.943007070922851,-1.2880804931640624
28982932,-371,1485,25853,13518,-9929,-2152,28.982932,0.010011000000002213,-2.83206106870229,11.335877862595419,197.35114503816794,8.091204510498047,-5.943007070922851,-1.2880804931640624
28992939,84,1625,25266,3550,-2805,-3708,28.992939,0.0100069999999981,0.6412213740458015,12.404580152671755,192.87022900763358,2.1248539733886718,-1.6789339141845703,-2.2194249389648437
29002920,-1891,557,23565,-3206,-4833,380,29.00292,0.009980999999999796,-14.435114503816793,4.251908396946565,179.8854961832061,-1.9189526306152342,-2.892794155883789,0.22744915771484372
29012976,-1203,-204,20793,-3206,-5393,-560,29.012976,0.010055999999998733,-9.183206106870228,-1.5572519083969465,158.72519083969465,-1.9189526306152342,-3.227982388305664,-0.33518823242187495
29022932,-451,-429,15721,1694,-2041,-4036,29.022932,0.009956000000002518,-3.4427480916030535,-3.2748091603053435,120.00763358778626,1.0139444030761717,-1.2216413970947264,-2.4157494750976563
29032919,-258,727,10358,-978,-3225,3120,29.032919,0.009986999999998858,-1.9694656488549618,5.549618320610687,79.06870229007633,-0.5853823059082031,-1.9303250885009764,1.867477294921875
29042975,-734,-355,3315,2866,-89,-108,29.042975,0.010055999999998733,-5.603053435114504,-2.7099236641221376,25.30534351145038,1.715445489501953,-0.05327098693847656,-0.06464344482421874
29052984,528,789,4636,1734,2087,2488,29.052984,0.010009000000000157,4.030534351145038,6.022900763358779,35.38931297709924,1.0378864196777342,1.2491747161865234,1.4891934326171874
29062935,2538,1000,6591,-2894,-2493,2860,29.062935,0.009951000000000931,19.374045801526716,7.633587786259542,50.31297709923664,-1.7322049011230467,-1.4921861846923827,1.7118541870117185
29073072,1558,169,7924,-1662,-1969,1240,29.073072,0.010137000000000285,11.893129770992367,1.2900763358778626,60.48854961832061,-0.9947907897949219,-1.178545767211914,0.7422025146484375
29082935,155,-494,10019,-3198,1499,-956,29.082935,0.009862999999999289,1.183206106870229,-3.7709923664122136,76.48091603053435,-1.9141642272949217,0.8972270721435547,-0.5722141967773438
29092936,155,-494,10019,-3198,1499,-956,29.092936,0.010001000000002591,1.183206106870229,-3.7709923664122136,76.48091603053435,-1.9141642272949217,0.8972270721435547,-0.5722141967773438
29102946,708,1139,11460,-2198,-1789,-812,29.102946,0.010009999999997632,5.404580152671755,8.694656488549619,87.48091603053435,-1.3156138122558594,-1.0708066925048827,-0.4860229370117187
29112959,-1512,706,12934,-2,-1701,264,29.112959,0.010013000000000716,-11.541984732824428,5.3893129770992365,98.73282442748092,-0.001197100830078125,-1.0181342559814452,0.1580173095703125
29122990,-2139,-1397,13282,3826,-541,1116,29.12299,0.010031000000001455,-16.328244274809162,-10.664122137404581,101.38931297709924,2.290053887939453,-0.3238157745361328,0.6679822631835937
29132932,-2285,-1601,11978,530,-1857,-2008,29.132932,0.009941999999998785,-17.442748091603054,-12.221374045801527,91.43511450381679,0.3172317199707031,-1.111508120727539,-1.2018892333984375
29142940,-415,-723,10240,8014,-673,-32,29.14294,0.010007999999999129,-3.16793893129771,-5.519083969465649,78.16793893129771,4.796783026123046,-0.40282442932128903,-0.01915361328125
29152950,-1457,-439,8237,914,-3045,5360,29.15295,0.010010000000001185,-11.122137404580153,-3.351145038167939,62.87786259541985,0.5470750793457031,-1.8225860137939451,3.208230224609375
29162928,1256,978,6885,2778,-1053,-624,29.162928,0.009978000000000264,9.587786259541986,7.465648854961832,52.55725190839695,1.6627730529785156,-0.6302735870361328,-0.373495458984375
29172983,851,1146,6938,1366,-3921,620,29.172983,0.010054999999997705,6.4961832061068705,8.748091603053435,52.961832061068705,0.8176198669433593,-2.346916177368164,0.3711012573242187
29182989,846,-101,12665,-5350,711,4568,29.182989,0.010006000000000626,6.458015267175573,-0.7709923664122137,96.6793893129771,-3.2022447204589843,0.4255693450927734,2.7341782958984373
29192968,846,-101,12665,-5350,711,4568,29.192968,0.009979000000001292,6.458015267175573,-0.7709923664122137,96.6793893129771,-3.2022447204589843,0.4255693450927734,2.7341782958984373
29202955,-329,-873,14405,-4978,-285,-736,29.202955,0.009986999999998858,-2.5114503816793894,-6.66412213740458,109.9618320610687,-2.9795839660644527,-0.17058686828613281,-0.44053310546874996
29212974,347,1523,15633,-5630,-2317,-1844,29.212974,0.010018999999999778,2.648854961832061,11.625954198473282,119.33587786259542,-3.3698388366699215,-1.3868413116455078,-1.1037269653320312
29222951,492,-800,15787,90,-1237,1692,29.222951,0.009976999999999236,3.7557251908396947,-6.106870229007634,120.5114503816794,0.05386953735351562,-0.7404068634033203,1.0127473022460938
29233012,-973,108,14484,-2014,763,-2908,29.233012,0.01006100000000032,-7.427480916030534,0.8244274809160306,110.56488549618321,-1.2054805358886718,0.45669396667480466,-1.7405846069335937
29242962,-866,-1053,12575,2318,879,2648,29.242962,0.009949999999999903,-6.6106870229007635,-8.038167938931299,95.99236641221374,1.3874398620605468,0.526125814819336,1.5849614990234373
29252921,-578,-421,11656,-850,-2709,1460,29.252921,0.00995900000000205,-4.412213740458015,-3.213740458015267,88.97709923664122,-0.5087678527832031,-1.62147307434082,0.8738836059570312
29262990,1666,913,10605,-826,-4301,-1884,29.26299,0.010068999999997885,12.717557251908397,6.969465648854962,80.95419847328245,-0.4944026428222656,-2.574365335083008,-1.1276689819335937
29272945,-1877,20,10905,3410,-3097,3540,29.272945,0.00995500000000149,-14.32824427480916,0.15267175572519084,83.2442748091603,2.041056915283203,-1.8537106353759765,2.118868469238281
29283130,-346,741,10504,3510,1035,-3884,29.28313,0.010184999999999889,-2.6412213740458017,5.656488549618321,80.18320610687023,2.100911956787109,0.6194996795654296,-2.3247698120117186
29292929,-346,741,10504,3510,1035,-3884,29.292929,0.009799000000001001,-2.6412213740458017,5.656488549618321,80.18320610687023,2.100911956787109,0.6194996795654296,-2.3247698120117186
29302971,-945,727,12622,-1882,-2705,1072,29.302971,0.010041999999998552,-7.213740458015267,5.549618320610687,96.35114503816794,-1.1264718811035155,-1.619078872680664,0.6416460449218749
29312952,-914,-76,14085,-958,-1905,-1396,29.312952,0.009980999999999796,-6.977099236641221,-0.5801526717557252,107.51908396946565,-0.5734112976074218,-1.140238540649414,-0.8355763793945312
29323045,-219,-565,15608,-5286,-1409,-320,29.323045,0.01009300000000124,-1.6717557251908397,-4.312977099236641,119.14503816793894,-3.1639374938964844,-0.843357534790039,-0.19153613281249998
29332980,-1352,-991,16622,-2234,-2069,-1004,29.33298,0.009934999999998695,-10.320610687022901,-7.564885496183206,126.8854961832061,-1.3371616271972655,-1.2384008087158203,-0.6009446166992187
29342916,-1204,-913,17671,1626,-557,-500,29.342916,0.009935999999999723,-9.19083969465649,-6.969465648854962,134.89312977099237,0.9732429748535155,-0.3333925811767578,-0.29927520751953124
29353117,-837,905,17307,-4998,-2777,-2524,29.353117,0.010201000000002125,-6.3893129770992365,6.908396946564886,132.1145038167939,-2.991554974365234,-1.6621745025634764,-1.5107412475585937
29362921,-298,-493,16844,-902,-3505,-1320,29.362921,0.009803999999999036,-2.2748091603053435,-3.763358778625954,128.5801526717557,-0.5398924743652344,-2.0979192047119137,-0.7900865478515624
29372932,-608,-507,17824,-3030,-3537,440,29.372932,0.01001099999999866,-4.641221374045801,-3.8702290076335877,136.06106870229007,-1.8136077575683593,-2.117072817993164,0.26336218261718747
29382939,456,123,18106,-4522,-3925,-1272,29.382939,0.010007000000001653,3.480916030534351,0.9389312977099237,138.21374045801528,-2.7066449768066403,-2.3493103790283203,-0.7613561279296874
29393036,98,84,20409,-158,-181,2704,29.393036,0.010096999999998246,0.7480916030534351,0.6412213740458015,155.793893129771,-0.09457096557617187,-0.1083376251220703,1.618480322265625
29402953,347,-519,21189,-958,-1301,1472,29.402953,0.009917000000001508,2.648854961832061,-3.9618320610687023,161.74809160305344,-0.5734112976074218,-0.7787140899658203,0.8810662109374999
29413075,816,-269,22641,-3022,-2097,-2320,29.413075,0.010121999999999076,6.229007633587786,-2.053435114503817,172.8320610687023,-1.8088193542480469,-1.2551602203369139,-1.388636962890625
29422951,-488,-242,22268,-3050,-2177,-648,29.422951,0.009876000000001994,-3.7251908396946565,-1.8473282442748091,169.98473282442748,-1.8255787658691405,-1.303044253540039,-0.38786066894531246
29432932,-481,-1101,21008,5138,-1725,-1732,29.432932,0.009980999999999796,-3.6717557251908395,-8.404580152671755,160.36641221374046,3.075352032470703,-1.0324994659423827,-1.0366893188476562
29442942,-2252,-1052,21172,2942,-1961,4640,29.442942,0.010009999999997632,-17.19083969465649,-8.030534351145038,161.61832061068702,1.7609353210449217,-1.1737573638916015,2.77727392578125
29452923,-527,-56,20317,98,-4477,-736,29.452923,0.009980999999999796,-4.022900763358779,-0.42748091603053434,155.0916030534351,0.058657940673828124,-2.6797102081298827,-0.44053310546874996
29462961,-684,-189,20209,1254,-4169,4,29.462961,0.010038000000001546,-5.221374045801527,-1.4427480916030535,154.26717557251908,0.7505822204589844,-2.4953566802978515,0.00239420166015625
29472971,-1682,171,20771,-1198,-4405,-1760,29.472971,0.010010000000001185,-12.83969465648855,1.3053435114503817,158.55725190839695,-0.7170633972167968,-2.63661457824707,-1.0534487304687499
29482956,-1011,156,20309,3762,-6465,-3108,29.482956,0.009985000000000355,-7.717557251908397,1.1908396946564885,155.03053435114504,2.251746661376953,-3.869628433227539,-1.8602946899414061
29492977,-1011,156,20309,3762,-6465,-3108,29.492977,0.010020999999998281,-7.717557251908397,1.1908396946564885,155.03053435114504,2.251746661376953,-3.869628433227539,-1.8602946899414061
29502978,-1196,-122,21858,1046,-2709,-2108,29.502978,0.010000999999999038,-9.129770992366412,-0.9312977099236641,166.85496183206106,0.6260837341308594,-1.62147307434082,-1.2617442749023438
29512911,-978,-443,24065,-1774,-6489,-1784,29.512911,0.009933000000000192,-7.465648854961832,-3.381679389312977,183.70229007633588,-1.061828436279297,-3.8839936431884765,-1.0678139404296874
29522922,-2667,14,25036,-2122,-4233,-3568,29.522922,0.010011000000002213,-20.358778625954198,0.10687022900763359,191.1145038167939,-1.2701239807128906,-2.5336639068603515,-2.1356278808593747
29532984,-928,117,25706,998,911,2196,29.532984,0.010061999999997795,-7.083969465648855,0.8931297709923665,196.2290076335878,0.5973533142089843,0.5452794281005859,1.3144167114257812
29542933,-1836,-2593,25506,3650,-785,-1404,29.542933,0.009949000000002428,-14.01526717557252,-19.793893129770993,194.70229007633588,2.184709014892578,-0.469862075805664,-0.8403647827148437
29552992,-766,-1317,27555,278,-4517,2560,29.552992,0.010058999999998264,-5.847328244274809,-10.053435114503817,210.34351145038167,0.16639701538085935,-2.703652224731445,1.5322890624999999
29562947,-766,-1317,27555,278,-4517,2560,29.562947,0.00995500000000149,-5.847328244274809,-10.053435114503817,210.34351145038167,0.16639701538085935,-2.703652224731445,1.5322890624999999
29572986,1677,1818,28516,2334,-5825,-120,29.572986,0.010038999999999021,12.801526717557252,13.877862595419847,217.6793893129771,1.3970166687011718,-3.4865561676025387,-0.0718260498046875
29582957,778,-635,27889,-2958,-7537,5236,29.582957,0.009971000000000174,5.938931297709924,-4.847328244274809,212.89312977099237,-1.7705121276855467,-4.511274478149414,3.134009973144531
29592925,740,-1601,29248,-370,-2657,-4120,29.592925,0.009968000000000643,5.648854961832061,-12.221374045801527,223.26717557251908,-0.2214636535644531,-1.590348452758789,-2.4660277099609376
29602957,-545,-433,31485,-3058,-913,-3696,29.602957,0.01003199999999893,-4.1603053435114505,-3.3053435114503817,240.34351145038167,-1.830367169189453,-0.546476528930664,-2.212242333984375
29612934,-1916,3033,31545,662,-6573,8276,29.612934,0.009976999999999236,-14.625954198473282,23.15267175572519,240.80152671755727,0.3962403747558593,-3.9342718780517574,4.953603234863281
29622944,736,-1657,29268,4082,-1269,-2956,29.622944,0.010010000000001185,5.6183206106870225,-12.648854961832061,223.4198473282443,2.443282794189453,-0.7595604766845703,-1.7693150268554687
29632935,84,1069,29586,-3062,-2665,3364,29.632935,0.009990999999999417,0.6412213740458015,8.16030534351145,225.84732824427482,-1.8327613708496093,-1.5951368560791015,2.013523596191406
29642976,-109,734,29069,1190,-3205,5328,29.642976,0.010041000000001077,-0.8320610687022901,5.603053435114504,221.90076335877862,0.7122749938964843,-1.9183540802001953,3.189076611328125
29652922,780,199,27518,-686,-7141,-2408,29.652922,0.009945999999999344,5.9541984732824424,1.5190839694656488,210.06106870229007,-0.41060558471679687,-4.274248513793945,-1.4413093994140624
29663067,-1157,797,28058,-1410,-3101,-2932,29.663067,0.010145000000001403,-8.83206106870229,6.083969465648855,214.18320610687022,-0.843956085205078,-1.8561048370361326,-1.7549498168945312
29672931,-844,704,27375,742,-1981,-3364,29.672931,0.009863999999996764,-6.442748091603053,5.374045801526718,208.96946564885496,0.44412440795898434,-1.1857283721923828,-2.013523596191406
29682963,-1841,-74,27176,886,503,-2300,29.682963,0.010032000000002483,-14.053435114503817,-0.5648854961832062,207.45038167938932,0.5303156677246094,0.3010708587646484,-1.3766659545898436
29693355,-1841,-74,27176,886,503,-2300,29.693355,0.010391999999999513,-14.053435114503817,-0.5648854961832062,207.45038167938932,0.5303156677246094,0.3010708587646484,-1.3766659545898436
29702932,-1800,152,24201,3722,-1629,908,29.702932,0.009577000000000169,-13.740458015267176,1.1603053435114503,184.74045801526717,2.2278046447753903,-0.9750386260986328,0.5434837768554687
29712970,-1106,-298,22980,2758,-3513,-1464,29.71297,0.010037999999997993,-8.442748091603054,-2.2748091603053435,175.4198473282443,1.6508020446777343,-2.1027076080322264,-0.8762778076171874
29722961,-962,256,21243,1878,-3669,960,29.722961,0.00999100000000297,-7.343511450381679,1.9541984732824427,162.16030534351145,1.1240776794433593,-2.19608147277832,0.5746083984375
29732952,-1065,793,18263,-4506,-4245,3448,29.732952,0.009990999999999417,-8.129770992366412,6.0534351145038165,139.41221374045801,-2.6970681701660153,-2.54084651184082,2.0638018310546875
29742922,325,-234,15689,1510,-6317,-3776,29.742922,0.009969999999999146,2.480916030534351,-1.786259541984733,119.76335877862596,0.9038111267089843,-3.7810429718017575,-2.2601263671875
29752934,1040,55,13300,1282,-3637,1192,29.752934,0.010011999999999688,7.938931297709924,0.4198473282442748,101.52671755725191,0.7673416320800781,-2.17692785949707,0.7134720947265625
29762914,157,141,11059,-2814,-2861,224,29.762914,0.009979999999998768,1.1984732824427482,1.0763358778625953,84.41984732824427,-1.6843208679199217,-1.7124527374267577,0.13407529296874998
29773015,-882,754,8654,-1350,-129,656,29.773015,0.010101000000002358,-6.732824427480916,5.755725190839694,66.06106870229007,-0.8080430603027343,-0.07721300354003906,0.39264907226562495
29782980,-1283,262,6546,2298,-641,-1264,29.78298,0.00996499999999756,-9.793893129770993,2.0,49.969465648854964,1.3754688537597655,-0.38367081604003905,-0.7565677246093749
29794105,-1283,262,6546,2298,-641,-1264,29.794105,0.01112499999999983,-9.793893129770993,2.0,49.969465648854964,1.3754688537597655,-0.38367081604003905,-0.7565677246093749
29803077,-914,103,4438,850,1415,688,29.803077,0.00897199999999998,-6.977099236641221,0.7862595419847328,33.87786259541985,0.5087678527832031,0.8469488372802734,0.411802685546875
29812990,534,-518,2419,-626,-857,344,29.81299,0.009913000000000949,4.076335877862595,-3.954198473282443,18.46564885496183,-0.3746925598144531,-0.5129577056884765,0.2059013427734375
29822993,-727,-113,1705,898,-1,2780,29.822993,0.010003000000001094,-5.549618320610687,-0.8625954198473282,13.01526717557252,0.5374982727050781,-0.0005985504150390625,1.6639701538085936
