timestamp,gyroX,gyroY,gyroZ,accelX,accelY,accelZ,timestamp_s,dt,gyro_x_dps,gyro_y_dps,gyro_z_dps,accel_x_ms2,accel_y_ms2,accel_z_ms2,x_ins,y_ins,theta_ins
23342987,-38,-16,28,-156,-3,-89,23.342987,0.0,-0.2900763358778626,-0.12213740458015267,0.21374045801526717,-0.09337386474609374,-0.0017956512451171875,-0.05327098693847656,0.0,0.0,0.0
23352988,-28,-11,3,-80,41,-29,23.352988,0.010000999999999038,-0.21374045801526717,-0.08396946564885496,0.022900763358778626,-0.047884033203124995,0.02454056701660156,-0.017357962036132813,-0.0035321664466643884,0.0005687118958636804,2.065290737881687e-05
23362903,-40,-27,-1,-96,29,-37,23.362903,0.009914999999999452,-0.3053435114503817,-0.20610687022900764,-0.007633587786259542,-0.05746083984375,0.017357962036132813,-0.022146365356445312,-0.013124814516039269,0.002726031514807755,2.1973895129467468e-05
23372960,-27,-9,38,-116,-247,-89,23.37296,0.01005699999999976,-0.20610687022900764,-0.06870229007633588,0.2900763358778626,-0.06943184814453125,-0.14784195251464843,-0.05327098693847656,-0.028689407690674525,0.0026591634380246404,4.676216698558741e-05
23382908,-3,-16,17,-176,257,-89,23.382908,0.0099480000000014,-0.022900763358778626,-0.12213740458015267,0.1297709923664122,-0.105344873046875,0.15382745666503905,-0.05327098693847656,-0.05158319415826007,-0.000522938604577862,8.321023747933978e-05
23392974,-36,-18,-12,-196,-7,-165,23.392974,0.010065999999998354,-0.2748091603053435,-0.13740458015267176,-0.0916030534351145,-0.11731588134765625,-0.004189852905273437,-0.0987608184814453,-0.08476462644081012,0.000196759658138392,8.656300164929628e-05
23403036,-30,-1,17,-152,5,-49,23.403036,0.010062000000001348,-0.22900763358778625,-0.007633587786259542,0.1297709923664122,-0.0909796630859375,0.002992752075195312,-0.029328970336914062,-0.12884334417615645,0.004673906159754027,8.991443350684767e-05
23412970,-20,4,48,-100,41,3,23.41297,0.00993400000000122,-0.15267175572519084,0.030534351145038167,0.366412213740458,-0.05985504150390625,0.02454056701660156,0.0017956512451171875,-0.18128776458571344,0.00974260463688855,0.00013292880569407654
23422941,-14,-11,18,-152,-27,-53,23.422941,0.009971000000000174,-0.10687022900763359,-0.08396946564885496,0.13740458015267176,-0.0909796630859375,-0.016160861206054686,-0.03172317199707031,-0.24141176084507057,0.01571927114835593,0.00017676761279819718
23432976,-30,2,-11,-136,81,-9,23.432976,0.010034999999998462,-0.22900763358778625,0.015267175572519083,-0.08396946564885496,-0.08140285644531249,0.04848258361816406,-0.0053869537353515625,-0.31003470398215277,0.022756246991807606,0.0001814470270465301
23443028,-6,2,33,-160,-43,31,23.443028,0.010052000000001726,-0.04580152671755725,0.015267175572519083,0.25190839694656486,-0.09576806640624999,-0.025737667846679687,0.018555062866210937,-0.38759673546449325,0.0311931579027978,0.00019617867178328965
23453013,-46,28,-4,-160,249,127,23.453013,0.009984999999996802,-0.3511450381679389,0.21374045801526717,-0.030534351145038167,-0.09576806640624999,0.14903905334472656,0.07601590270996093,-0.4738622337679477,0.04321602552583967,0.0002154682238769376
23462899,-18,15,12,-72,9,3,23.462899,0.009886000000001616,-0.13740458015267176,0.11450381679389313,0.0916030534351145,-0.0430956298828125,0.0053869537353515625,0.0017956512451171875,-0.5673935081247478,0.061933930049235884,0.00022073672005563035
23472912,-35,-6,6,-104,17,-65,23.472912,0.010013000000000716,-0.26717557251908397,-0.04580152671755725,0.04580152671755725,-0.062249243164062495,0.010175357055664061,-0.03890577697753906,-0.6682041919963594,0.08510261580866285,0.00023274311976570548
23492988,-12,3,41,-132,253,-81,23.492988,0.02007599999999954,-0.0916030534351145,0.022900763358778626,0.31297709923664124,-0.07900865478515624,0.1514332550048828,-0.04848258361816406,-0.8898613683250346,0.1486166652400805,0.0002955997538482534
23502899,-15,-8,24,-144,-47,3,23.502899,0.009910999999998893,-0.11450381679389313,-0.061068702290076333,0.183206106870229,-0.086191259765625,-0.028131869506835935,0.0017956512451171875,-1.0103744175012035,0.1910355864209223,0.0003385145356831161
23513052,-31,-23,21,-60,257,-57,23.513052,0.010152999999998968,-0.2366412213740458,-0.17557251908396945,0.16030534351145037,-0.03591302490234375,0.15382745666503905,-0.03411737365722656,-1.1411347739303357,0.2408289739777701,0.00036895021336622095
23522973,-54,-70,1592,-52,237,303,23.522973,0.009921000000002067,-0.4122137404580153,-0.5343511450381679,12.15267175572519,-0.031124621582031248,0.14185644836425781,0.18136077575683593,-1.2736391924683623,0.29992309310892884,0.0014349715402395215
23532957,377,750,1778,-1964,-535,463,23.532957,0.009983999999999327,2.877862595419847,5.7251908396946565,13.572519083969466,-1.1755530151367186,-0.32022447204589843,0.2771288421630859,-1.4386975431019497,0.36215929541058456,0.0036763260302753002
23543031,-621,-853,608,660,489,-69,23.543031,0.010073999999999472,-4.740458015267175,-6.511450381679389,4.641221374045801,0.3950432739257812,0.29269115295410153,-0.04129997863769531,-1.65537252890173,0.4196064109573135,0.005277536651139103
23553133,712,443,-5069,-4360,-515,139,23.553133,0.010101999999999833,5.435114503816794,3.381679389312977,-38.69465648854962,-2.6096798095703124,-0.3082534637451172,0.08319850769042968,-1.94903929463428,0.4759603076763492,0.0022755022565449537
23562939,751,4078,-4100,-14220,557,591,23.562939,0.009806000000001092,5.732824427480916,31.129770992366414,-31.297709923664122,-8.511386901855468,0.3333925811767578,0.3537432952880859,-2.556263405685459,0.5314035096434482,-0.0037139890364527397
23572998,-1544,875,-1423,-5924,301,1459,23.572998,0.010058999999998264,-11.786259541984732,6.679389312977099,-10.86259541984733,-3.545812658691406,0.1801636749267578,0.8732850555419921,-3.7582745516675082,0.6039855089171292,-0.007414876912090038
23593642,614,-975,-3920,-3716,-855,-4197,23.593642,0.020644000000000773,4.687022900763359,-7.442748091603053,-29.923664122137403,-2.224213342285156,-0.5117606048583984,-2.512116091918945,-7.466339711183009,0.7535868672165261,-0.014762639252879142
23602904,400,-39,3685,-7672,1873,2079,23.602904,0.00926199999999966,3.053435114503817,-0.29770992366412213,28.129770992366414,-4.592078784179687,1.121084927368164,1.244386312866211,-9.55204145978272,0.8229224388341607,-0.014907632813566668
23612970,271,846,5303,-7308,-1399,1035,23.61297,0.010066000000001907,2.068702290076336,6.458015267175573,40.48091603053435,-4.374206433105469,-0.8373720306396484,0.6194996795654296,-12.204310729022126,0.9247404743577748,-0.00888070394165074
23622962,-2265,592,5674,-4508,-323,-717,23.622962,0.009992000000000445,-17.290076335877863,4.519083969465649,43.31297709923664,-2.6982652709960937,-0.19333178405761717,-0.4291606475830078,-15.23900537225923,1.0109897112763377,-0.0015741572180693305
23632896,-1177,-524,5421,-4188,-1067,1623,23.632896,0.009933999999997667,-8.98473282442748,-4.0,41.38167938931298,-2.5067291381835934,-0.6386532928466796,0.9714473236083984,-18.560105130767333,1.051453798716535,0.00576806523450196
23642941,-956,-463,6386,-2904,409,-2497,23.642941,0.010045000000001636,-7.297709923664122,-3.5343511450381677,48.74809160305343,-1.7381904052734374,0.24480711975097655,-1.4945803863525389,-22.155142899197067,1.0604608982108583,0.013668765402232021
23652951,-1225,-479,6048,-2136,945,-1017,23.652951,0.010010000000001185,-9.351145038167939,-3.6564885496183206,46.16793893129771,-1.2785036865234374,0.565630142211914,-0.6087257720947266,-25.920299348914348,1.0775743617413502,0.021960034617201245
23663039,-985,-7,7281,-1808,-315,2747,23.663039,0.010087999999999653,-7.519083969465649,-0.05343511450381679,55.58015267175573,-1.0821791503906248,-0.18854338073730467,1.6442179901123046,-29.8515449822555,1.1219956016889072,0.030917367572739465
23672965,-225,141,7791,-944,-1315,-1141,23.672965,0.009926000000000101,-1.717557251908397,1.0763358778625953,59.47328244274809,-0.565031591796875,-0.7870937957763672,-0.6829460235595702,-33.818512926051206,1.148196189282312,0.04088337559856464
23683502,-999,-241,8404,-2376,1185,-777,23.683502,0.010536999999999352,-7.625954198473282,-1.8396946564885497,64.1526717557252,-1.4221557861328125,0.7092822418212891,-0.46507367248535153,-38.126947570985486,1.1441688969738102,0.05225111237132118
23692895,428,-461,8248,-3880,-2423,-481,23.692895,0.009392999999999319,3.267175572519084,-3.519083969465649,62.961832061068705,-2.3223756103515623,-1.4502876556396485,-0.28790274963378903,-42.09811098970306,1.1150870904925123,0.06267061049577236
23703049,341,647,9124,-1152,-1643,1691,23.703049,0.010153999999999996,2.6030534351145036,4.938931297709924,69.64885496183206,-0.689530078125,-0.9834183319091796,1.0121487518310546,-46.55209882378202,0.993128104290955,0.07442129202479389
23712896,2021,-1072,9442,-1576,13,-2249,23.712896,0.009847000000000605,15.427480916030534,-8.183206106870228,72.07633587786259,-0.9433154541015625,0.007781155395507812,-1.3461398834228515,-50.98014403681415,0.7824384364909097,0.08659991989283702
23722972,1100,-1264,10685,-712,-223,2103,23.722972,0.010075999999997975,8.396946564885496,-9.648854961832061,81.56488549618321,-0.4261678955078125,-0.13347674255371092,1.2587515228271484,-55.58403115419101,0.5330940385343298,0.10010954450847821
23733256,1270,-160,11903,-200,-1107,195,23.733256,0.01028400000000218,9.694656488549619,-1.2213740458015268,90.86259541984732,-0.1197100830078125,-0.6625953094482422,0.11671733093261719,-60.329941275945004,0.24974091080765123,0.11558401949433603
23743129,1006,-572,13110,-4388,-683,-73,23.743129,0.00987299999999891,7.679389312977099,-4.366412213740458,100.07633587786259,-2.626439221191406,-0.40880993347167965,-0.04369418029785156,-64.96085541644855,-0.07847478229367703,0.13203497002439774
23752902,-14,686,14719,-1768,-247,-1121,23.752902,0.009772999999999143,-0.10687022900763359,5.236641221374046,112.3587786259542,-1.0582371337890624,-0.14784195251464843,-0.670975015258789,-69.69273453039628,-0.4628954092031192,0.15015260793498397
23762906,-777,1327,14908,-1420,-3043,3203,23.762906,0.010004000000002122,-5.931297709923665,10.129770992366412,113.80152671755725,-0.8499415893554687,-1.8213889129638672,1.917156979370117,-74.66269498337591,-0.9383300709104085,0.1698967122467193
23772919,-952,-1755,14995,-4044,-515,7659,23.772919,0.010013000000000716,-7.267175572519084,-13.396946564885496,114.46564885496183,-2.4205378784179685,-0.3082534637451172,4.58429762878418,-79.74744250488286,-1.5380060264555524,0.18984267727618465
23782959,-1017,-1038,12937,-1084,1857,6255,23.782959,0.010040000000000049,-7.763358778625954,-7.923664122137405,98.7557251908397,-0.6488286499023437,1.111508120727539,3.7439328460693355,-84.99772634969447,-2.2022361996848496,0.20852418064006734
23792986,215,-775,12056,-148,-2071,3987,23.792986,0.010026999999997344,1.6412213740458015,-5.916030534351145,92.03053435114504,-0.08858546142578125,-1.2395979095458984,2.386420504760742,-90.33829110099734,-2.867644316093899,0.22521837557627705
23803022,-515,70,11167,1336,-1931,-4765,23.803022,0.01003599999999949,-3.931297709923664,0.5343511450381679,85.2442748091603,0.7996633544921875,-1.1558008514404297,-2.8520927276611325,-95.66932532105069,-3.5949537074039366,0.2407442136035484
23813033,-638,-1642,10109,-136,-1187,-309,23.813033,0.010011000000002213,-4.870229007633588,-12.534351145038167,77.16793893129771,-0.08140285644531249,-0.7104793426513671,-0.1849520782470703,-100.92698962757588,-4.415789013056855,0.2549329434329841
23822951,389,255,9394,-232,-715,-1721,23.822951,0.009917999999998983,2.969465648854962,1.9465648854961832,71.70992366412214,-0.1388636962890625,-0.42796354675292964,-1.0301052642822266,-106.10524112499903,-5.298168679108271,0.26781845309678126
23833139,984,391,7110,-4300,-1059,1891,23.833139,0.01018799999999942,7.511450381679389,2.984732824427481,54.274809160305345,-2.5737667846679684,-0.6338648895263671,1.1318588348388672,-111.48265666042894,-6.279677887715788,0.27901938682107175
23843065,-1138,-1128,6688,-2628,-1347,371,23.843065,0.009926000000000101,-8.687022900763358,-8.610687022900763,51.05343511450382,-1.5729904907226562,-0.8062474090576172,0.22206220397949217,-116.8685926985266,-7.343154620513099,0.2881429920984295
23852991,-12,-790,5771,-2296,1517,-4889,23.852991,0.009926000000000101,-0.0916030534351145,-6.030534351145038,44.05343511450382,-1.3742717529296875,0.9080009796142577,-2.9263129791259765,-122.41308714122114,-8.48769754356287,0.2963812148952551
23862975,623,155,5234,-1012,-919,-5573,23.862975,0.009983999999999327,4.755725190839694,1.183206106870229,39.954198473282446,-0.6057330200195312,-0.5500678314208984,-3.3357214630126952,-128.11046850742397,-9.663539231604092,0.3037005342314105
23872927,466,-139,4128,-1220,-2447,1291,23.872927,0.00995200000000196,3.5572519083969465,-1.0610687022900764,31.51145038167939,-0.7302315063476562,-1.464652865600586,0.7727285858154297,-133.85549545279005,-10.899083183955028,0.3099071531433875
23883012,-804,-14,3726,-440,-971,1279,23.883012,0.010085000000000122,-6.137404580152672,-0.10687022900763359,28.442748091603054,-0.26336218261718747,-0.5811924530029297,0.7655459808349608,-139.70202840923034,-12.266697783664137,0.31518361588411176
23892979,-806,-25,2266,228,-607,-781,23.892979,0.009966999999999615,-6.152671755725191,-0.19083969465648856,17.297709923664122,0.13646949462890623,-0.3633201019287109,-0.4674678741455078,-145.48386456706152,-13.698150837213932,0.3191620515464982
23902931,-182,-121,1305,556,-491,2063,23.902931,0.009951999999998407,-1.3893129770992367,-0.9236641221374046,9.961832061068701,0.3327940307617187,-0.29388825378417965,1.234809506225586,-151.2365518691279,-15.162450555473052,0.3215294768973486
23912930,465,-837,655,2624,-639,-285,23.91293,0.009999000000000535,3.549618320610687,-6.3893129770992365,5.0,1.5705962890624998,-0.38247371520996093,-0.17058686828613281,-156.94970706758173,-16.646454758168833,0.3228350124887134
23922982,570,534,295,328,833,-1193,23.922982,0.010052000000001726,4.351145038167939,4.076335877862595,2.2519083969465647,0.19632453613281248,0.49859249572753905,-0.7140706451416016,-162.60101355771505,-18.122339668475174,0.32347115169325524
23932968,1232,706,1182,-1120,461,4027,23.932968,0.00998599999999783,9.404580152671755,5.3893129770992365,9.022900763358779,-0.6703764648437499,0.2759317413330078,2.4103625213623046,-168.1914414122766,-19.55716961966946,0.3244536869273651
23942926,1549,-510,1001,3028,1601,3039,23.942926,0.009958000000001022,11.82442748091603,-3.8931297709923665,7.641221374045801,1.8124106567382812,0.958279214477539,1.8189947113037108,-173.76646236331624,-20.935407486355412,0.3259017981988629
23952954,-1911,-542,3794,-1744,4533,-2785,23.952954,0.010027999999998372,-14.587786259541986,-4.137404580152672,28.9618320610687,-1.0438719238281249,2.71322903137207,-1.666962905883789,-179.37495379869407,-22.191509746417015,0.3291049610056754
23962901,443,510,3953,1056,849,3271,23.962901,0.009947000000000372,3.381679389312977,3.8931297709923665,30.17557251908397,0.63206923828125,0.508169302368164,1.9578584075927734,-184.98495860204042,-23.272571321636715,0.33423832133655706
23972897,950,-306,5216,-4292,-95,-701,23.972897,0.009996000000001004,7.251908396946565,-2.33587786259542,39.81679389312977,-2.568978381347656,-0.05686228942871093,-0.41958384094238277,-190.70752071132355,-24.292022440842423,0.3403438643678445
23982951,-361,-21,6480,-3988,701,-1225,23.982951,0.01005400000000023,-2.7557251908396947,-0.16030534351145037,49.465648854961835,-2.3870190551757813,0.41958384094238277,-0.7332242584228515,-196.6338760457506,-25.35665007263655,0.3481773006786671
23992947,-1176,-570,6123,-1952,-283,-4569,23.992947,0.009996000000001004,-8.977099236641221,-4.351145038167939,46.74045801526717,-1.16837041015625,-0.1693897674560547,-2.7347768463134763,-202.73188017152862,-26.473226097769437,0.35656950907907226
24003021,-1244,-499,6173,-2064,-2211,-1437,24.003021,0.010073999999999472,-9.49618320610687,-3.8091603053435112,47.12213740458015,-1.235408056640625,-1.3233949676513672,-0.8601169464111328,-209.00721407604166,-27.680276083998166,0.3648211795711684
24013012,-1839,-1855,5134,-2216,-1151,471,24.013012,0.009990999999999417,-14.038167938931299,-14.16030534351145,39.19083969465649,-1.3263877197265623,-0.6889315277099609,0.2819172454833984,-215.31566152547305,-29.003743764970125,0.37234662875369956
24022943,-944,-1030,2817,628,545,3099,24.022943,0.009931000000001688,-7.206106870229007,-7.862595419847328,21.50381679389313,0.3758896606445312,0.32620997619628905,1.8549077362060546,-221.64620287401425,-30.40557766437871,0.3776066901291649
24033061,737,-57,2730,3464,-643,-2793,24.033061,0.010117999999998517,5.625954198473282,-0.4351145038167939,20.83969465648855,2.0733786376953125,-0.3848679168701172,-1.6717513092041014,-228.05614876669932,-31.82903711469137,0.38134546157529803
24042930,757,24,1748,-136,1617,-3213,24.04293,0.009868999999998351,5.778625954198473,0.183206106870229,13.34351145038168,-0.08140285644531249,0.967856021118164,-1.9231424835205078,-234.2113380170293,-33.164895081860294,0.384289431130609
24053099,823,121,-761,600,1905,2715,24.053099,0.010169000000001205,6.282442748091603,0.9236641221374046,-5.809160305343512,0.3591302490234375,1.140238540649414,1.6250643768310546,-240.5265503544143,-34.456002767394835,0.3849580389883344
24063021,281,237,-1279,-212,-139,-65,24.063021,0.009921999999999542,2.145038167938931,1.8091603053435115,-9.763358778625955,-0.12689268798828124,-0.08319850769042968,-0.03890577697753906,-246.7063062433241,-35.63756799985604,0.38360968021161285
24072954,230,323,-594,-40,-2699,1339,24.072954,0.009933000000000192,1.7557251908396947,2.4656488549618323,-4.534351145038168,-0.023942016601562498,-1.6154875701904297,0.8014590057373047,-252.885208547588,-36.834418357685124,0.3823703293041055
24082908,-981,382,731,-6464,3085,-373,24.082908,0.009954000000000462,-7.488549618320611,2.9160305343511452,5.580152671755725,-3.8690298828125,1.8465280303955076,-0.2232593048095703,-259.1565655406423,-38.10482944695232,0.3824611728922844
24092962,1066,732,2287,-5932,-1671,-2981,24.092962,0.01005400000000023,8.13740458015267,5.587786259541985,17.458015267175572,-3.5506010620117183,-1.0001777435302734,-1.7842787872314452,-265.76526843099174,-39.46927412026795,0.3844824887939655
24102956,-864,767,4570,2024,-487,2263,24.102956,0.009993999999998948,-6.595419847328245,5.854961832061068,34.88549618320611,1.2114660400390624,-0.2914940521240234,1.3545195892333983,-272.55733414468193,-40.92722388836037,0.389047581178437
24113046,-585,369,5549,-2812,665,351,24.113046,0.010090000000001709,-4.465648854961832,2.816793893129771,42.3587786259542,-1.6831237670898436,0.39803602600097654,0.21009119567871093,-279.4692031285628,-42.45368026272019,0.39584908330868207
24122999,-1400,-115,5496,-860,605,-3573,24.122999,0.009952999999999435,-10.687022900763358,-0.8778625954198473,41.954198473282446,-0.5147533569335937,0.36212300109863277,-2.13862063293457,-286.3566540172674,-43.96544888984007,0.40317219740364824
24132975,-1354,-537,4292,-340,-1591,-1705,24.132975,0.009975999999998209,-10.335877862595419,-4.099236641221374,32.76335877862596,-0.20350714111328125,-0.9522937103271484,-1.0205284576416016,-293.3281814979709,-45.504936409500836,0.4096768855105158
24142960,-1792,-769,3160,792,897,307,24.14296,0.009985000000000355,-13.679389312977099,-5.870229007633588,24.12213740458015,0.4740519287109375,0.536899722290039,0.18375497741699218,-300.3063049302499,-47.0731019719022,0.41463363524161634
24152995,144,-397,2137,3272,1013,-385,24.152995,0.010035000000002015,1.099236641221374,-3.030534351145038,16.31297709923664,1.9584569580078124,0.6063315704345703,-0.23044190979003906,-307.26475977554736,-48.60478732483028,0.4181746148521061
25082923,-825,-274,8535,3720,-1743,-1733,25.082923,0.9299280000000003,-6.297709923664122,-2.0916030534351147,65.1526717557252,2.2266075439453124,-1.043273373413086,-1.0372878692626952,-188.2631248040289,423.863659363521,1.0792807953788879
25092916,-1497,-824,9372,-492,545,-2321,25.092916,0.00999299999999792,-11.427480916030534,-6.290076335877862,71.54198473282443,-0.29448680419921874,0.32620997619628905,-1.389235513305664,-178.78178194907628,435.5262325957033,1.0912013043055349
25102994,-1445,-639,9480,-1264,-1903,2251,25.102994,0.010078000000000031,-11.030534351145038,-4.877862595419847,72.36641221374046,-0.7565677246093749,-1.1390414398193358,1.3473369842529297,-169.17450376028413,447.28926029919916,1.103857636384029
25112925,-896,-462,8980,-176,-47,-1477,25.112925,0.009931000000001688,-6.8396946564885495,-3.5267175572519083,68.54961832061069,-0.105344873046875,-0.028131869506835935,-0.8840589630126953,-159.6849099711382,458.8162680558592,1.11607002891215
25123022,-1409,-1162,8592,960,-763,-1453,25.123022,0.010096999999998246,-10.755725190839694,-8.870229007633588,65.58778625954199,0.5746083984375,-0.45669396667480466,-0.8696937530517578,-150.00400304163,470.5089987393011,1.127889270971125
25133064,-224,-536,7687,1480,-759,2767,25.133064,0.010042000000002105,-1.7099236641221374,-4.091603053435114,58.6793893129771,0.8858546142578124,-0.4542997650146484,1.6561889984130858,-140.32329757459772,482.1671632803146,1.1387791740992828
25142980,155,-532,8622,-592,-1475,1243,25.14298,0.00991600000000048,1.183206106870229,-4.061068702290076,65.81679389312977,-0.354341845703125,-0.8828618621826171,0.7439981658935546,-130.69265007576553,493.7006686494074,1.1495522551461157
25152952,386,-161,11670,1228,-1467,-8633,25.152952,0.00997199999999765,2.946564885496183,-1.2290076335877862,89.08396946564885,0.7350199096679687,-0.8780734588623046,-5.167285733032227,-120.9281980510252,505.288680089795,1.1630320474217464
25162920,648,2519,11913,-6616,-4275,799,25.16292,0.009968000000000643,4.9465648854961835,19.229007633587788,90.93893129770993,-3.9600095458984375,-2.558803024291992,0.4782417816162109,-111.07555589886046,516.7560718788438,1.1786917372807486
25172918,782,82,13151,3564,-7667,-1425,25.172918,0.009997999999999507,5.969465648854962,0.6259541984732825,100.38931297709924,2.133233679199219,-4.5890860321044915,-0.852934341430664,-100.99718777210678,528.04223718309,1.1953849370462102
25183100,1570,-376,15743,-888,-359,467,25.1831,0.010182000000000357,11.98473282442748,-2.8702290076335877,120.17557251908397,-0.5315127685546874,-0.21487959899902342,0.27952304382324217,-90.4517580595716,539.4187541234181,1.2149831664725979
25192911,-903,16,16576,-2428,469,1147,25.192911,0.009810999999999126,-6.893129770992366,0.12213740458015267,126.53435114503817,-1.4532804077148436,0.2807201446533203,0.6865373260498047,-80.18148130181743,550.3293756145222,1.2361057612050408
25202934,-323,502,17610,-2176,-527,1443,25.202934,0.010023000000000337,-2.4656488549618323,3.83206106870229,134.42748091603053,-1.3024457031249999,-0.31543606872558594,0.8637082489013671,-69.72827939357046,561.3644695484181,1.2589313555592545
25212974,-1763,-590,16929,-1332,1205,-701,25.212974,0.010040000000000049,-13.458015267175572,-4.5038167938931295,129.2290076335878,-0.7972691528320313,0.7212532501220703,-0.41958384094238277,-59.304178824013846,572.3046847157158,1.282031758132831
25232914,-575,-157,16100,-2236,-1179,-229,25.232914,0.019940000000001845,-4.3893129770992365,-1.1984732824427482,122.90076335877863,-1.3383587280273437,-0.7056909393310546,-0.1370680450439453,-38.707769458912686,593.7360808604446,1.3259046897546125
25243015,-1526,-40,15711,-488,-4963,747,25.243015,0.010100999999998805,-11.648854961832061,-0.3053435114503817,119.93129770992367,-0.2920926025390625,-2.970605709838867,0.4471171600341797,-28.220939937511513,604.4288975726262,1.347309814789124
25252940,-152,395,17288,-604,-2195,183,25.25294,0.009924999999999073,-1.1603053435114503,3.015267175572519,131.96946564885496,-0.36152445068359373,-1.313818161010742,0.10953472595214843,-17.737170774575976,614.8365008129531,1.3691274346695272
25262954,534,-598,16455,920,-2207,4519,25.262954,0.010014000000001744,4.076335877862595,-4.564885496183206,125.61068702290076,0.5506663818359374,-1.3210007659912109,2.7048493255615234,-6.993337850314795,625.2908612350018,1.3916370127813535
25273176,387,-1663,18496,-2208,381,-2281,25.273176,0.010221999999998843,2.954198473282443,-12.694656488549619,141.1908396946565,-1.3215993164062498,0.2280477081298828,-1.3652934967041015,4.065808327761338,635.9292312376231,1.415436716959249
25292933,276,-21,21873,-2336,-2847,-4417,25.292933,0.019757000000002023,2.1068702290076335,-0.16030534351145037,166.96946564885496,-1.39821376953125,-1.704073031616211,-2.643797183227539,25.599277844936186,656.1656456640003,1.4685673594290163
25303078,-723,1103,23878,-1960,-3619,-3653,25.303078,0.01014499999999785,-5.519083969465649,8.419847328244275,182.27480916030535,-1.1731588134765625,-2.166153952026367,-2.186504666137695,36.80612086215175,666.3404077106056,1.4994865929052725
25313050,-949,-1441,23842,2328,-2691,1135,25.31305,0.009972000000001202,-7.244274809160306,-11.0,182.0,1.3934253662109375,-1.6106991668701172,0.6793547210693359,48.00667205543503,676.268687094074,1.531186557787656
25322894,-1805,-2055,24548,4040,-1119,-4801,25.322894,0.009844000000001074,-13.778625954198473,-15.687022900763358,187.38931297709922,2.418143676757812,-0.6697779144287109,-2.873640542602539,59.2122926214536,686.1602647793532,1.5629189857941264
25333025,-459,-277,26520,-4072,-1327,-4129,25.333025,0.01013099999999767,-3.50381679389313,-2.114503816793893,202.44274809160305,-2.437297290039062,-0.7942764007568359,-2.471414663696289,70.84299757171985,696.4334453298411,1.597383903142745
25352987,74,1648,25404,-1972,-6727,-1273,25.352987,0.01996199999999959,0.5648854961832062,12.580152671755725,193.9236641221374,-1.180341418457031,-4.026448641967773,-0.7619546783447265,94.33430710531482,716.3561068993799,1.6664314524374004
25362983,1615,-172,26043,-1388,-3599,1903,25.362983,0.009996000000001004,12.32824427480916,-1.3129770992366412,198.80152671755727,-0.8307879760742187,-2.1541829437255857,1.1390414398193358,106.5050017910373,726.1391334555046,1.7006894819205112
25373030,-2202,-372,27361,-1244,-5415,-2561,25.37303,0.01004700000000014,-16.80916030534351,-2.8396946564885495,208.86259541984734,-0.7445967163085937,-3.2411504974365233,-1.532887612915039,119.03797644844511,735.9197546307239,1.73643209219584
25382982,-2416,1082,27237,-1492,-3395,-3357,25.382982,0.009951999999998407,-18.442748091603054,8.259541984732824,207.91603053435114,-0.8930372192382812,-2.032078659057617,-2.009333743286133,131.727428921504,745.5727485403622,1.7726283087474315
25392918,-3291,-576,27299,-1388,-5215,4723,25.392918,0.009936000000003276,-25.12213740458015,-4.396946564885496,208.38931297709922,-0.8307879760742187,-3.1214404144287107,2.826953610229492,144.66543971745082,755.1804116705513,1.808725294671034
25402924,-2399,-1838,26341,3456,-2827,-3133,25.402924,0.010005999999997073,-18.31297709923664,-14.030534351145038,201.0763358778626,2.068590234375,-1.6921020233154296,-1.8752584503173828,157.93640819628797,764.901861532852,1.8444793529739327
25412917,-827,-583,27346,-472,-2503,3167,25.412917,0.009993000000001473,-6.312977099236641,-4.450381679389313,208.74809160305344,-0.2825157958984375,-1.4981716888427734,1.8956091644287107,171.362094112672,774.7359153820526,1.8802182462975003
25422931,-193,610,27782,-1748,-5259,2251,25.422931,0.010013999999998191,-1.4732824427480915,4.656488549618321,212.0763358778626,-1.0462661254882812,-3.1477766326904293,1.3473369842529297,185.0016814411649,784.6633771681096,1.9169935188621308
25443011,1461,-637,27212,-3808,-3603,-5493,25.443011,0.020080000000000098,11.15267175572519,-4.862595419847328,207.72519083969465,-2.27927998046875,-2.156577145385742,-3.2878374298095703,213.22085388176583,804.4707200431577,1.990555784077179
25452895,-1748,-570,27629,-3728,-3483,-2621,25.452895,0.009884000000003113,-13.34351145038168,-4.351145038167939,210.9083969465649,-2.231395947265625,-2.0847510955810544,-1.5688006378173827,227.56004116429858,814.1091211040161,2.0266646774096793
25462968,-1729,916,29080,1364,-3723,-1481,25.462968,0.010072999999998444,-13.198473282442748,6.99236641221374,221.98473282442748,0.8164227661132812,-2.2284031951904297,-0.8864531646728515,242.42895396167796,823.8923622541693,2.064717502008975
25472976,-1791,1255,29627,-716,-3471,1607,25.472976,0.010007999999999129,-13.67175572519084,9.580152671755725,226.16030534351145,-0.4285620971679687,-2.077568490600586,0.9618705169677734,257.4032436291646,833.6914992427832,2.1038568206472728
25482997,322,-1731,28754,2036,-4111,1515,25.482997,0.010021000000001834,2.4580152671755724,-13.213740458015268,219.49618320610688,1.218648645019531,-2.460640756225586,0.9068038787841797,272.57256381625456,843.6414959499291,2.1428293567547256
25493093,-303,-139,29179,-944,-3731,-865,25.493093,0.010095999999997218,-2.312977099236641,-1.0610687022900764,222.74045801526717,-0.565031591796875,-2.233191598510742,-0.517746109008789,288.03260513794413,853.8238438998407,2.1817922713682734
25503019,97,-782,30432,1680,-3355,-1081,25.503019,0.009926000000000101,0.7404580152671756,-5.969465648854962,232.3053435114504,1.005564697265625,-2.0081366424560545,-0.6470329986572265,303.39898290975174,863.9841017804175,2.2212086530314545
25512940,813,-563,29812,6716,-10051,919,25.51294,0.009921000000002067,6.206106870229007,-4.297709923664122,227.57251908396947,4.019864587402344,-6.0160302215576165,0.5500678314208984,318.91049782199616,874.4291662669443,2.2610235252051405
25522958,748,-1234,29439,1060,-8995,1411,25.522958,0.01001799999999875,5.709923664122138,-9.419847328244275,224.72519083969465,0.6344634399414062,-5.383960983276367,0.8445546356201171,334.79216487047927,885.474451936237,2.300564993150263
25533029,-1482,56,30553,-2592,-3531,-1373,25.533029,0.010070999999999941,-11.312977099236642,0.42748091603053434,233.2290076335878,-1.5514426757812498,-2.1134815155029294,-0.8218097198486327,351.0577315034772,896.9675071648167,2.340812780788542
25542972,-1351,1587,29487,-36,-8759,6379,25.542972,0.009942999999999813,-10.312977099236642,12.114503816793894,225.0916030534351,-0.02154781494140625,-5.242703085327149,3.8181530975341795,367.4253989043657,908.5274365424834,2.380580821914682
25552996,-3285,-83,28860,528,-4191,-1117,25.552996,0.010024000000001365,-25.076335877862597,-0.6335877862595419,220.3053435114504,0.316034619140625,-2.508524789428711,-0.6685808135986328,384.20851019865546,920.4322029270381,2.4195423216124703
25562902,-1213,-184,26930,-56,-2975,279,25.562902,0.009906000000000859,-9.259541984732824,-1.4045801526717556,205.57251908396947,-0.033518823242187495,-1.7806874847412109,0.16699556579589842,400.9826060845203,932.4272326975845,2.4563578265477624
25572923,260,90,26361,-1636,-5907,5859,25.572923,0.010020999999998281,1.984732824427481,0.6870229007633588,201.2290076335878,-0.9792284790039062,-3.535637301635742,3.506906881713867,418.1175172456707,944.7369966293295,2.4919325070380167
25582927,-705,485,25341,-1108,-6711,-789,25.582927,0.010004000000002122,-5.3816793893129775,3.7022900763358777,193.44274809160305,-0.6631938598632812,-4.016871835327148,-0.4722562774658203,435.46997360688164,957.2437354645473,2.526387891691385
25592902,-145,-206,22677,-216,-6151,-3949,25.592902,0.00997499999999718,-1.1068702290076335,-1.5725190839694656,173.10687022900763,-0.1292868896484375,-3.6816836029052733,-2.3636755889892576,453.0405482325727,969.9887152826082,2.5582954115280967
25602967,1261,-715,21572,1092,-5339,-4385,25.602967,0.010065000000000879,9.625954198473282,-5.458015267175573,164.67175572519085,0.6536170532226562,-3.1956606658935547,-2.624643569946289,470.97760162986566,983.1503279382649,2.587963756204802
25612988,-380,-300,20488,664,-4151,-2721,25.612988,0.010021000000001834,-2.900763358778626,-2.2900763358778624,156.3969465648855,0.39743747558593745,-2.484582772827148,-1.628655679321289,488.9693277907204,996.543135432207,2.6160411250179343
25622932,-604,-321,19142,-80,-5639,3311,25.622932,0.009943999999997288,-4.6106870229007635,-2.450381679389313,146.12213740458014,-0.047884033203124995,-3.375225790405273,1.9818004241943359,506.9366083811708,1010.0985712944956,2.642293056631018
25633095,-459,420,18330,112,-4075,2363,25.633095,0.010163000000002143,-3.50381679389313,3.2061068702290076,139.9236641221374,0.06703764648437499,-2.4390929412841795,1.4143746307373046,525.434307408567,1024.2189202598668,2.6676621458171845
25643038,-2651,-3137,16219,1576,-23,1643,25.643038,0.009942999999999813,-20.236641221374047,-23.946564885496183,123.80916030534351,0.9433154541015625,-0.013766659545898436,0.9834183319091796,543.6052914320302,1038.228347056176,2.690545990801645
25652926,-1604,-1472,14473,1048,1077,1487,25.652926,0.009888000000000119,-12.244274809160306,-11.236641221374045,110.48091603053435,0.6272808349609375,0.6446387969970703,0.8900444671630859,561.6398201093081,1052.2272267682042,2.7107626655244332
25662913,-347,888,11040,516,-4579,-449,25.662913,0.009986999999998858,-2.648854961832061,6.778625954198473,84.27480916030534,0.30885201416015623,-2.740762350463867,-0.26874913635253905,579.812891098553,1066.4263250491078,2.727736214396707
25672926,1038,64,10542,-392,205,451,25.672926,0.010013000000000716,7.923664122137405,0.48854961832061067,80.47328244274809,-0.2346317626953125,0.1227028350830078,0.2699462371826172,598.0575394043943,1080.7810245304554,2.742131887649087
25682970,1770,262,8373,3788,-2179,951,25.68297,0.010044000000000608,13.511450381679388,2.0,63.916030534351144,2.2673089721679687,-1.304241354370117,0.5692214447021484,616.3472082198218,1095.2881264852542,2.754787673745958
25692964,-83,-818,7398,-1804,-599,-4001,25.692964,0.009993999999998948,-0.6335877862595419,-6.244274809160306,56.47328244274809,-1.0797849487304687,-0.3585316986083984,-2.394800210571289,634.4979275518336,1109.819594878269,2.7652873196545915
25702905,-143,-953,7522,2168,-1263,-4721,25.702905,0.00994100000000131,-1.0916030534351144,-7.2748091603053435,57.41984732824427,1.2976572998046874,-0.7559691741943358,-2.825756509399414,652.5454973315495,1124.3510289303297,2.7751677298058754
25713093,-53,-203,7189,-232,-755,-697,25.713093,0.01018799999999942,-0.40458015267175573,-1.549618320610687,54.87786259541985,-0.1388636962890625,-0.45190556335449217,-0.4171896392822265,671.0294929095766,1139.3116678543254,2.78515179039834
25722900,-1668,-854,5323,440,-2823,4251,25.7229,0.009806999999998567,-12.732824427480915,-6.519083969465649,40.63358778625954,0.26336218261718747,-1.6897078216552734,2.5444378143310544,688.8207701270669,1153.8008027498145,2.7933258723451537
25742931,-146,341,2460,1336,-627,-1125,25.742931,0.020030999999999466,-1.1145038167938932,2.6030534351145036,18.778625954198475,0.7996633544921875,-0.3752911102294922,-0.6733692169189452,725.1599301745185,1183.7264365071308,2.803711332352407
25753079,-317,12,1014,2660,1149,-1553,25.753079,0.010148000000000934,-2.4198473282442747,0.0916030534351145,7.740458015267175,1.5921441040039062,0.6877344268798827,-0.929548794555664,743.4938350399748,1199.016668077534,2.806059809556219
25762925,702,-5,1252,-812,-687,-4809,25.762925,0.009845999999999577,5.358778625954199,-0.03816793893129771,9.557251908396946,-0.4860229370117187,-0.4112041351318359,-2.8784289459228516,761.1956555187554,1213.8667295788891,2.807546073059009
25772905,1296,400,652,3652,-2463,6579,25.772905,0.00998000000000232,9.893129770992367,3.053435114503817,4.977099236641221,2.185906115722656,-1.474229672241211,3.937863180541992,779.0858264887794,1228.97962912669,2.8088118977467977
25782943,458,846,2682,-432,2913,3763,25.782943,0.010037999999997993,3.49618320610687,6.458015267175573,20.47328244274809,-0.258573779296875,1.7435773590087889,2.252345211791992,797.0071579021295,1244.2483066810867,2.8110413021939378
25792912,1719,811,3081,-1876,2429,-2825,25.792912,0.009969000000001671,13.122137404580153,6.190839694656488,23.519083969465647,-1.1228805786132812,1.4538789581298828,-1.6909049224853514,814.764470314663,1259.3351691723012,2.8148684593117084
25803013,695,524,4439,2856,-671,-1381,25.803013,0.010100999999998805,5.305343511450381,4.0,33.88549618320611,1.7094599853515624,-0.4016273284912109,-0.8265981231689452,832.7409403235878,1274.5136203819552,2.8199285498545876
25812919,304,687,4997,-92,-27,799,25.812919,0.009906000000000859,2.3206106870229006,5.244274809160306,38.14503816793893,-0.055066638183593745,-0.016160861206054686,0.4782417816162109,850.3126483431221,1289.4012053703746,2.826155312797219
25823046,-954,-2,6900,156,-491,-4461,25.823046,0.010127000000000663,-7.282442748091603,-0.015267175572519083,52.67175572519084,0.09337386474609374,-0.29388825378417965,-2.6701334014892577,868.2417946194942,1304.6518569652333,2.8341812239513366
25833074,-598,-520,6805,-1140,-1035,-133,25.833074,0.010027999999998372,-4.564885496183206,-3.969465648854962,51.94656488549618,-0.6823474731445313,-0.6194996795654296,-0.0796072052001953,886.0180948002534,1319.7788039786217,2.843336457792289
25842992,-859,-892,6342,1380,-1743,1131,25.842992,0.009917999999998983,-6.557251908396947,-6.809160305343512,48.412213740458014,0.8259995727539062,-1.043273373413086,0.6769605194091797,903.6285181799371,1334.797243228938,2.8520225981578706
25853070,-2064,-499,5298,-12,885,-881,25.85307,0.010078000000000031,-15.755725190839694,-3.8091603053435112,40.44274809160305,-0.00718260498046875,0.5297171173095703,-0.527322915649414,921.5154470108436,1350.1170341661036,2.859837138015375
25862918,-774,-692,4210,-712,85,-3117,25.862918,0.009848000000001633,-5.908396946564886,-5.282442748091603,32.13740458015267,-0.4261678955078125,0.05087678527832031,-1.8656816436767576,938.9846310396042,1365.088799057411,2.8660746772336725
25873021,-127,-241,3228,3724,-1707,3715,25.873021,0.010103000000000861,-0.9694656488549618,-1.8396946564885497,24.641221374045802,2.2290017456054687,-1.0217255584716796,2.223614791870117,956.8747873416406,1380.4675445855055,2.871080582231303
25882927,654,452,2083,2440,-487,-3601,25.882927,0.009905999999997306,4.99236641221374,3.450381679389313,15.900763358778626,1.4604630126953124,-0.2914940521240234,-2.155380044555664,974.3004367473254,1395.6369458472032,2.8745852810431196
25892940,-374,760,751,-500,-3455,-721,25.89294,0.010013000000000716,-2.854961832061069,5.801526717557252,5.732824427480916,-0.29927520751953124,-2.067991683959961,-0.43155484924316406,991.8222317435365,1411.0906758845047,2.8764756219752505
25902913,-401,-79,378,-724,509,1351,25.902913,0.00997300000000223,-3.0610687022900764,-0.6030534351145038,2.885496183206107,-0.4333505004882812,0.30466216125488277,0.8086416107177734,1009.2905965714758,1426.5847229484446,2.877225681684542
25913027,2451,-84,-638,3960,-1699,1995,25.913027,0.010113999999997958,18.709923664122137,-0.6412213740458015,-4.870229007633588,2.370259643554687,-1.016937155151367,1.1941080780029296,1026.9923743395946,1442.3664394082612,2.8770505065847627
25923596,159,-917,557,-2996,249,447,25.923596,0.010569000000000273,1.213740458015267,-7.0,4.251908396946565,-1.7932570434570312,0.14903905334472656,0.26755203552246093,1045.4363060502076,1458.9176423725155,2.8769934776849913
25932905,1179,-594,1707,-3312,1073,651,25.932905,0.009309000000001788,9.0,-4.534351145038168,13.030534351145038,-1.9823989746093749,0.642244595336914,0.3896563201904297,1061.747799364761,1473.4820961073635,2.8783974402535195
25942943,816,588,2097,-2076,1129,-569,25.942943,0.010037999999997993,6.229007633587786,4.488549618320611,16.00763358778626,-1.2425906616210938,0.6757634185791015,-0.34057518615722654,1079.4868690002688,1489.0931320702343,2.8809411278710724
25952908,-981,-151,2421,2076,9,-237,25.952908,0.009965000000001112,-7.488549618320611,-1.1526717557251909,18.480916030534353,1.2425906616210938,0.0053869537353515625,-0.14185644836425781,1097.161910115326,1504.5214694213255,2.8839402876684197
25962956,-1271,-318,2564,1272,-883,7,25.962956,0.010047999999997614,-9.702290076335878,-2.427480916030534,19.572519083969464,0.7613561279296874,-0.5285200164794922,0.004189852905273437,1114.9341458364315,1520.0873528852514,2.887277016126256
25972921,-1271,-1125,2920,-248,97,-2297,25.972921,0.009965000000001112,-9.702290076335878,-8.587786259541986,22.290076335877863,-0.1484405029296875,0.05805939025878906,-1.3748703033447265,1132.5025678587294,1535.565194678516,2.890917430541628
25982911,-1028,-146,2972,-2520,-2231,-333,25.982911,0.009990000000001942,-7.847328244274809,-1.1145038167938932,22.68702290076336,-1.5083470458984374,-1.3353659759521483,-0.19931728820800781,1150.1511159284164,1551.1178423718331,2.8948384978976587
25993858,-1442,-951,2976,1744,-3047,-2185,25.993858,0.010946999999998042,-11.007633587786259,-7.259541984732825,22.717557251908396,1.0438719238281249,-1.8237831146240233,-1.3078326568603516,1169.5791143620747,1568.2714599714834,2.899176024528374
26002987,-1676,-476,1068,1060,1873,1067,26.002987,0.009129000000001497,-12.793893129770993,-3.633587786259542,8.15267175572519,0.6344634399414062,1.121084927368164,0.6386532928466796,1185.7805785138682,1582.6725281397562,2.9016353184153383
26012942,943,343,-1091,2372,-2431,851,26.012942,0.009954999999997938,7.198473282442748,2.618320610687023,-8.32824427480916,1.419761584472656,-1.455076058959961,0.5093664031982421,1203.3673647797903,1598.4213538328152,2.901620065769835
26023073,333,567,-2644,2272,-871,1139,26.023073,0.010131000000001222,2.5419847328244276,4.32824427480916,-20.18320610687023,1.35990654296875,-0.5213374114990235,0.6817489227294922,1221.1595960703846,1614.5353910804542,2.8990993783276573
26032950,715,724,-2918,-1964,813,7,26.03295,0.00987699999999947,5.458015267175573,5.526717557251908,-22.27480916030534,-1.1755530151367186,0.48662148742675776,0.004189852905273437,1238.4457795509989,1630.3118620758794,2.895439791004143
26042997,868,2373,-3720,-1612,3133,-1413,26.042997,0.01004700000000014,6.625954198473282,18.114503816793892,-28.396946564885496,-0.9648632690429687,1.8752584503173828,-0.8457517364501953,1256.0628183149681,1646.2906925408122,2.8909970629873722
26053312,3049,1630,-3509,256,1229,-6073,26.053312,0.01031499999999852,23.27480916030534,12.442748091603054,-26.786259541984734,0.15322890625,0.7356184600830078,-3.6349966705322263,1274.192025057194,1662.5502466424505,2.886029727034972
26062976,2282,1917,-2467,180,-1263,1719,26.062976,0.009664000000000783,17.419847328244273,14.633587786259541,-18.83206106870229,0.10773907470703124,-0.7559691741943358,1.0289081634521484,1291.1747313003323,1677.717612157284,2.88218253746771
26072964,1065,1113,-2671,-2124,-251,-3093,26.072964,0.009987999999999886,8.129770992366412,8.49618320610687,-20.389312977099237,-1.2713210815429687,-0.15023615417480468,-1.85131643371582,1308.7547402934606,1693.4098377633427,2.8787639341491182
26083029,487,557,-2712,684,-1395,627,26.083029,0.010065000000000879,3.717557251908397,4.251908396946565,-20.702290076335878,0.40940848388671874,-0.8349778289794921,0.3752911102294922,1326.5320147729396,1709.2558810210683,2.8751547068356262
26092997,-411,686,-2535,488,-1603,479,26.092997,0.009968000000000643,-3.1374045801526718,5.236641221374046,-19.35114503816794,0.2920926025390625,-0.9594763153076171,0.2867056488037109,1344.1603548412743,1725.0150643664417,2.8716705702673275
26102919,-1964,-481,-3028,2660,-127,735,26.102919,0.009921999999999542,-14.992366412213741,-3.6717557251908395,-23.114503816793892,1.5921441040039062,-0.07601590270996093,0.43993455505371093,1361.664526015443,1740.7859605563615,2.8679936487600224
26112906,-1489,-159,-4583,3260,-1563,-633,26.112906,0.009986999999998858,-11.366412213740459,-1.213740458015267,-34.98473282442748,1.9512743530273435,-0.9355342987060546,-0.37888241271972656,1379.1671941479626,1756.7458445238026,2.8629301250479195
26122942,-479,-162,-6811,612,-351,2415,26.122942,0.01003599999999949,-3.6564885496183206,-1.2366412213740459,-51.99236641221374,0.36631285400390623,-0.21009119567871093,1.445499252319336,1396.6291679730682,1772.8764772428835,2.8553126166087544
26132990,409,352,-7342,2904,1437,3843,26.13299,0.010048000000001167,3.122137404580153,2.687022900763359,-56.045801526717554,1.7381904052734374,0.8601169464111328,2.300229244995117,1414.0081824985211,1789.0700106868217,2.845839252945008
26143042,1670,1068,-6701,284,2361,2711,26.143042,0.010052000000001726,12.748091603053435,8.15267175572519,-51.152671755725194,0.16998831787109375,1.4131775299072264,1.6226701751708983,1431.2752704987438,1805.2289635199586,2.8364357762614483
26152910,-749,-711,-4547,172,1293,-4217,26.15291,0.009867999999997323,-5.717557251908397,-5.427480916030534,-34.70992366412214,0.10295067138671875,0.7739256866455078,-2.5240871002197265,1448.1418274926127,1821.0034032243127,2.829041757899159
26162951,34,292,-1244,-3460,-1247,1463,26.162951,0.010041000000001077,0.2595419847328244,2.2290076335877864,-9.49618320610687,-2.070984436035156,-0.7463923675537109,0.8756792572021483,1465.3282192459733,1836.9886813390117,2.825168230713944
26172981,600,-150,1264,-896,-671,-105,26.172981,0.010030000000000427,4.580152671755725,-1.1450381679389312,9.648854961832061,-0.5363011718749999,-0.4016273284912109,-0.06284779357910156,1482.6140295915388,1852.9473721050158,2.825181593807377
26182921,-1298,89,3921,-2928,-1859,2947,26.182921,0.009940000000000282,-9.908396946564885,0.6793893129770993,29.931297709923665,-1.7525556152343749,-1.1127052215576172,1.763928073120117,1499.880721333202,1868.7879634003632,2.828614889600721
26193046,1481,-952,7119,-4144,1113,-505,26.193046,0.010124999999998607,11.305343511450381,-7.267175572519084,54.343511450381676,-2.480392919921875,0.6661866119384765,-0.3022679595947265,1517.6423206801426,1884.9197371241094,2.836061183638427
26202953,-224,-377,7954,-1940,-499,-2653,26.202953,0.009907000000001887,-1.7099236641221374,-2.877862595419847,60.717557251908396,-1.1611878051757811,-0.29867665710449215,-1.5879542510986326,1535.2087154699846,1900.6473682947892,2.846008775043249
26212954,1568,58,8843,-5020,5,-4353,26.212954,0.010000999999999038,11.969465648854962,0.44274809160305345,67.50381679389314,-3.0047230834960934,0.002992752075195312,-2.605489956665039,1553.1271309694653,1916.4662419581186,2.8571993197284744
26222988,-452,1,10622,-748,-1127,1399,26.222988,0.010034000000000987,-3.450381679389313,0.007633587786259542,81.08396946564885,-0.4477157104492187,-0.6745663177490234,0.8373720306396484,1571.2950329179018,1932.3068174045368,2.870210137104543
26232906,-2015,328,10803,1236,-1323,-1313,26.232906,0.009917999999998983,-15.381679389312977,2.50381679389313,82.46564885496183,0.7398083129882812,-0.7918821990966797,-0.785896694946289,1589.342276608665,1947.992892951396,2.884365500102382
26242952,-862,-181,10893,1000,-1263,-313,26.242952,0.010045999999999111,-6.580152671755725,-1.381679389312977,83.1526717557252,0.5985504150390625,-0.7559691741943358,-0.18734627990722655,1607.6018355995493,1963.9645875039464,2.8988849085386956
26252927,-858,-1542,10486,1180,777,1371,26.252927,0.009975000000000733,-6.549618320610687,-11.770992366412214,80.04580152671755,0.7062894897460937,0.46507367248535153,0.8206126190185546,1625.679798062485,1979.8838340277673,2.913091057620067
26263104,-530,369,10116,-636,-747,-2421,26.263104,0.01017699999999877,-4.0458015267175576,2.816793893129771,77.22137404580153,-0.3806780639648437,-0.4471171600341797,-1.4490905548095703,1644.0851389909942,1996.1419201836982,2.927058125172014
26272970,1065,605,9128,580,-179,4035,26.27297,0.009866000000002373,8.129770992366412,4.6183206106870225,69.6793893129771,0.34715924072265625,-0.10714052429199218,2.415150924682617,1661.9234566066023,2011.9176578450526,2.939705853709917
26282976,-1159,-417,6716,556,-1895,-4229,26.282976,0.010006000000000626,-8.84732824427481,-3.183206106870229,51.267175572519086,0.3327940307617187,-1.1342530364990233,-2.531269705200195,1680.0078136027514,2027.9641716988488,2.9502667653383905
26292953,937,127,6867,1404,-2123,4499,26.292953,0.009976999999999236,7.152671755725191,0.9694656488549618,52.41984732824427,0.8403647827148437,-1.2707225311279295,2.692878317260742,1698.0114379839727,2044.0620816991739,2.9592943537251113
26303006,-565,-996,7802,-1996,1453,-4761,26.303006,0.010052999999999201,-4.312977099236641,-7.603053435114504,59.55725190839695,-1.1947066284179686,0.8696937530517578,-2.849698526000976,1716.145381018288,2060.355877028897,2.969117989847985
26312906,2471,-936,8393,-5412,-4143,-1637,26.312906,0.009900000000001796,18.862595419847327,-7.145038167938932,64.06870229007633,-3.239354846191406,-2.479794369506836,-0.9798270294189453,1734.1273829290885,2076.4313200865877,2.979798505559318
26322976,-100,-1130,9014,-768,-555,1811,26.322976,0.010069999999998913,-0.7633587786259542,-8.625954198473282,68.80916030534351,-0.45968671875,-0.3321954803466797,1.0839748016357422,1752.6373759099301,2092.859733605354,2.9914754570530158
26332972,707,208,9859,-3800,-551,-1957,26.332972,0.009996000000001004,5.396946564885496,1.5877862595419847,75.25954198473282,-2.2744915771484373,-0.3298012786865234,-1.1713631622314453,1771.1845459530866,2109.2292724140666,3.0040427941267955
26342973,-261,1047,11478,-1832,-3775,-137,26.342973,0.010000999999999038,-1.9923664122137406,7.99236641221374,87.61832061068702,-1.0965443603515623,-2.2595278167724606,-0.08200140686035155,1789.9026617232403,2125.666928024662,3.0182579904087894
26352985,-155,174,12144,1516,-2079,-3469,26.352985,0.010011999999999688,-1.183206106870229,1.3282442748091603,92.70229007633588,0.9074024291992187,-1.244386312866211,-2.076371389770508,1808.7480718543313,2142.2620480813894,3.0340128153674604
26363027,-1555,-1910,11697,1556,-2287,-217,26.363027,0.010041999999998552,-11.870229007633588,-14.580152671755725,89.29007633587786,0.9313444458007812,-1.3688847991943358,-0.12988544006347655,1827.6253736511721,2159.0635714133764,3.0499613490905584
26372976,421,-361,10997,-1016,529,1539,26.372976,0.009949000000002428,3.213740458015267,-2.7557251908396947,83.94656488549619,-0.6081272216796875,0.31663316955566406,0.9211690887451172,1846.28317328865,2175.8058815389727,3.06500199744336
26382908,334,47,10891,2460,-579,3179,26.382908,0.009931999999999164,2.549618320610687,0.35877862595419846,83.13740458015268,1.4724340209960938,-0.34656069030761716,1.9027917694091796,1864.8823000221453,2192.548265614526,3.079483674792333
26392902,-1503,-201,10626,2612,-1503,-809,26.392902,0.009993999999998948,-11.473282442748092,-1.534351145038168,81.1145038167939,1.5634136840820312,-0.8996212738037109,-0.4842272857666015,1883.5019621992058,2209.4322471288597,3.093808757603573
26402948,-1029,-33,10643,-1700,-2835,1955,26.402948,0.010045999999999111,-7.854961832061068,-0.25190839694656486,81.2442748091603,-1.0175357055664063,-1.696890426635742,1.1701660614013671,1902.132817820516,2226.5059672852944,3.1080424088771696
26413082,-928,392,11326,-1124,-2147,5055,26.413082,0.010134000000000754,-7.083969465648855,2.9923664122137406,86.45801526717557,-0.6727706665039062,-1.285087741088867,3.0256723480224608,1920.9610130647463,2243.8716457471783,3.1228733006293767
26422976,1363,-955,10364,-6800,-4579,-1249,26.422976,0.009893999999999181,10.404580152671755,-7.290076335877862,79.1145038167939,-4.070142822265625,-2.740762350463867,-0.747589468383789,1939.5046430785512,2260.997374551509,3.1371690700362893
26432929,-12,-969,10516,-2384,-5135,1047,26.432929,0.009953000000002987,-0.0916030534351145,-7.396946564885496,80.27480916030534,-1.426944189453125,-3.0735563812255857,0.6266822845458984,1958.412223065881,2278.467457355982,3.1510130376508614
26442996,-623,-1317,11162,852,-291,-6461,26.442996,0.010066999999999382,-4.755725190839694,-10.053435114503817,85.20610687022901,0.5099649536132812,-0.17417817077636719,-3.8672342315673824,1977.6960363765077,2296.365476634995,3.1655507260795432
26462996,-934,1204,11290,-1680,-1223,-1585,26.462996,0.019999999999999574,-7.129770992366412,9.19083969465649,86.18320610687023,-1.005564697265625,-0.7320271575927734,-0.948702407836914,2016.096542465736,2332.181507101935,3.195463804221357
26472947,-561,-201,11000,-1148,-1079,2267,26.472947,0.009951000000000931,-4.282442748091603,-1.534351145038168,83.96946564885496,-0.6871358764648438,-0.6458358978271485,1.3569137908935547,2035.2648939854587,2350.0854451832124,3.2102396677407175
26482912,-518,-1318,10783,1332,-955,2059,26.482912,0.00996499999999756,-3.954198473282443,-10.061068702290076,82.31297709923665,0.7972691528320313,-0.5716156463623047,1.2324153045654296,2054.4950407803385,2368.0808406501037,3.224699760229781
26492938,683,62,12461,2056,-2015,1583,26.492938,0.010025999999999868,5.213740458015267,0.4732824427480916,95.12213740458016,1.2306196533203124,-1.206079086303711,0.9475053070068359,2073.782970523638,2386.256007523421,3.2402241537639425
26503003,85,-803,13667,2964,-3059,-2329,26.503003,0.010065000000000879,0.648854961832061,-6.129770992366412,104.32824427480917,1.7741034301757812,-1.8309657196044922,-1.3940239166259765,2093.0067704238554,2404.6099762469858,3.257742617677544
26512984,424,420,14698,-828,-3567,-945,26.512984,0.009980999999999796,3.236641221374046,3.2061068702290076,112.19847328244275,-0.4955997436523437,-2.1350293304443357,-0.565630142211914,2111.9427116503316,2422.972900939812,3.276602236887764
26523019,-373,323,16347,-688,-907,171,26.523019,0.010035000000002015,-2.8473282442748094,2.4656488549618323,124.78625954198473,-0.411802685546875,-0.5428852264404297,0.10235212097167969,2130.950015581385,2441.600259255527,3.297355439079128
26532976,2386,789,18310,-116,-2415,959,26.532976,0.009956999999999994,18.213740458015266,6.022900763358779,139.7709923664122,-0.06943184814453125,-1.445499252319336,0.5740098480224609,2149.826045820384,2460.202775529725,3.3203431406135007
26542995,273,692,19057,-4812,-2327,923,26.542995,0.010018999999999778,2.0839694656488548,5.282442748091603,145.4732824427481,-2.8802245971679685,-1.3928268157958983,0.5524620330810547,2168.881932344496,2479.0567365101783,3.3452826947447116
26552912,-252,-820,21895,-240,-1539,-2901,26.552912,0.009916999999997955,-1.9236641221374047,-6.259541984732825,167.13740458015266,-0.143652099609375,-0.9211690887451172,-1.7363947540283202,2187.8628793297726,2497.8734641097167,3.3723366960127947
26563078,-1679,581,23107,-644,-3219,5727,26.563078,0.010166000000001674,-12.816793893129772,4.435114503816794,176.38931297709922,-0.3854664672851562,-1.926733786010742,3.427898226928711,2207.377548838537,2517.309825470898,3.4028126982625784
26572965,-1200,-1679,22697,-556,-51,-2581,26.572965,0.009886999999999091,-9.16030534351145,-12.816793893129772,173.25954198473283,-0.3327940307617187,-0.030526071166992186,-1.5448586212158202,2226.3562394607743,2536.336372134726,3.4329805243955485
26583006,-1037,-111,24060,-60,809,-1545,26.583006,0.010041000000001077,-7.916030534351145,-0.8473282442748091,183.66412213740458,-0.03591302490234375,0.4842272857666015,-0.9247603912353515,2245.647670811516,2555.7029012568833,3.464255694590523
26592954,-1205,-764,23772,-5920,-2027,783,26.592954,0.009947999999997847,-9.198473282442748,-5.8320610687022905,181.46564885496184,-3.5434184570312497,-1.2132616912841796,0.4686649749755859,2264.8492960783947,2574.9294823072005,3.495953587460642
26603070,-799,-812,25138,-2456,-6287,1267,26.60307,0.010116000000000014,-6.099236641221374,-6.198473282442748,191.89312977099237,-1.4700398193359374,-3.7630864593505855,0.7583633758544921,2284.52564100929,2594.6929641509755,3.5289132350706183
26612969,221,605,24248,-1860,-11103,1971,26.612969,0.009899000000000768,1.6870229007633588,4.6183206106870225,185.09923664122138,-1.1133037719726562,-6.645705258178711,1.1797428680419921,2303.808116446872,2614.451632155404,3.5614797475330477
26623071,792,-1476,25435,-1308,-3803,-4765,26.623071,0.010101999999999833,6.0458015267175576,-11.267175572519085,194.16030534351145,-0.7829039428710937,-2.2762872283935547,-2.8520927276611325,2323.3915414117864,2635.1068952741507,3.5949139718833325
26633090,310,-298,25853,-3100,-2295,-2337,26.63309,0.010018999999999778,2.366412213740458,-2.2748091603053435,197.35114503816794,-1.8555062866210936,-1.3736732025146483,-1.398812319946289,2342.7814567334303,2655.9301668283906,3.629144706282175
26643014,-630,480,26701,-3660,-3603,-2017,26.643014,0.009924000000001598,-4.809160305343512,3.66412213740458,203.82442748091603,-2.1906945190429687,-2.156577145385742,-1.207276187133789,2362.04976011387,2676.7913660734125,3.663887809661814
26652925,-1820,-1687,27753,-260,-1235,3271,26.652925,0.009910999999998893,-13.893129770992367,-12.877862595419847,211.85496183206106,-0.15562310791015624,-0.7392097625732421,1.9578584075927734,2381.3513704816564,2697.839442416379,3.6998398332008233
26663004,-2337,-1412,28260,-2276,-1395,-1493,26.663004,0.01007900000000106,-17.83969465648855,-10.778625954198473,215.72519083969465,-1.3623007446289062,-0.8349778289794921,-0.8936357696533203,2401.004367489737,2719.390972131925,3.73744801652081
26672938,374,376,28625,1196,-1835,-5833,26.672938,0.009933999999997667,2.854961832061069,2.8702290076335877,218.5114503816794,0.7158662963867187,-1.0983400115966797,-3.4913445709228514,2420.37060785709,2740.733944316874,3.775092209780343
26682949,653,306,28239,-284,-2487,3571,26.682949,0.010011000000002213,4.984732824427481,2.33587786259542,215.5648854961832,-0.16998831787109375,-1.4885948822021484,2.137423532104492,2439.822218061008,2762.333424534943,3.8130141844476224
26692994,1280,-1025,26483,652,-5179,-3897,26.692994,0.010044999999998083,9.770992366412214,-7.824427480916031,202.16030534351145,0.3902548706054687,-3.0998925994873043,-2.3325509674072262,2459.210769600104,2784.1348880649643,3.8496316244898323
26702949,1173,-1465,26554,-1580,-1755,-2713,26.702949,0.00995500000000149,8.954198473282442,-11.183206106870228,202.70229007633588,-0.9457096557617187,-1.0504559783935545,-1.6238672760009765,2478.2903212967403,2805.9123915972464,3.884803561861632
26713008,31,-1307,26647,-196,-1543,-2749,26.713008,0.010058999999998264,0.2366412213740458,-9.977099236641221,203.41221374045801,-0.11731588134765625,-0.9235632904052734,-1.6454150909423828,2497.496278995905,2828.059849227755,3.920452835059492
26722946,-1217,844,26432,1588,-3631,-2521,26.722946,0.009938000000001779,-9.290076335877863,6.442748091603053,201.7709923664122,0.9504980590820312,-2.1733365570068357,-1.5089455963134766,2516.3876337960737,2850.0327494752228,3.955592514949626
26732911,-3910,909,26204,2848,-4739,-1137,26.732911,0.009965000000001112,-29.84732824427481,6.938931297709924,200.03053435114504,1.70467158203125,-2.836530416870117,-0.680551821899414,2535.12479538384,2872.1381514103846,3.990533589560773
26742923,-2940,-774,24440,1904,-2595,4959,26.742923,0.010011999999999688,-22.442748091603054,-5.908396946564886,186.5648854961832,1.139639990234375,-1.553238327026367,2.968211508178711,2553.6836566393563,2894.4001967308955,4.024310888485798
26752915,-1745,-930,23060,-492,-1683,-733,26.752915,0.009992000000000445,-13.320610687022901,-7.099236641221374,176.03053435114504,-0.29448680419921874,-1.007360348510742,-0.4387374542236328,2572.0124738176255,2916.6591157183598,4.055927994195018
26773004,-127,-228,22170,-780,-2487,4567,26.773004,0.02008899999999869,-0.9694656488549618,-1.7404580152671756,169.23664122137404,-0.46686932373046874,-1.4885948822021484,2.7335797454833983,2608.5749227433785,2961.6675871742377,4.116456643504102
26782948,-362,-2909,19204,-4044,-4167,-4073,26.782948,0.009944000000000841,-2.763358778625954,-22.206106870229007,146.59541984732823,-2.4205378784179685,-2.494159579467773,-2.4378958404541016,2626.550196894865,2984.1638631394803,4.143863845587375
26792965,97,-1492,18576,2268,-227,-8945,26.792965,0.010016999999997722,0.7404580152671756,-11.389312977099237,141.80152671755727,1.3575123413085937,-0.13587094421386717,-5.354033462524414,2644.5728320213225,3006.9974150792737,4.169074011486943
26802912,1247,707,18287,-3428,-2811,-73,26.802912,0.009947000000000372,9.51908396946565,5.396946564885496,139.59541984732823,-2.051830822753906,-1.6825252166748046,-0.04369418029785156,2662.3980430833412,3029.7661731331805,4.193500378064623
26812933,-932,1473,18136,96,-4507,-1221,26.812933,0.010021000000001834,-7.114503816793893,11.244274809160306,138.44274809160305,0.05746083984375,-2.6976667205810547,-0.7308300567626953,2680.2529949512555,3052.838859213181,4.21781473860387
26822939,-2385,-3423,17549,-2640,821,1143,26.822939,0.010006000000000626,-18.206106870229007,-26.129770992366414,133.9618320610687,-1.5801730957031248,0.4914098907470703,0.6841431243896484,2697.97868629484,3076.033873290414,4.24160078578022
26832949,-751,-2102,18731,2616,1789,4295,26.832949,0.010009999999997632,-5.732824427480916,-16.045801526717558,142.98473282442748,1.5658078857421873,1.0708066925048827,2.5707740325927735,2715.7164168018912,3099.281369815411,4.26579310097396
26843073,162,-164,20019,2772,-2911,3447,26.843073,0.010124000000001132,1.2366412213740459,-1.251908396946565,152.81679389312978,1.659181750488281,-1.742380258178711,2.0632032806396485,2733.6420520515817,3122.707533089243,4.2919267418977665
26852984,803,368,20581,544,-4147,-2021,26.852984,0.009910999999998893,6.129770992366412,2.8091603053435112,157.10687022900763,0.32561142578124996,-2.482188571166992,-1.2096703887939453,2751.0258695508082,3145.5699147661476,4.318731974859235
26862926,264,2249,21396,-100,-3663,-1005,26.862926,0.009942000000002338,2.015267175572519,17.16793893129771,163.32824427480915,-0.05985504150390625,-2.1924901702880857,-0.6015431671142578,2768.2388539570547,3168.5369196552583,4.346533027008899
26872951,425,884,21318,6348,-2731,-1105,26.872951,0.01002499999999884,3.2442748091603053,6.748091603053435,162.73282442748092,3.7995980346679685,-1.6346411834716796,-0.661398208618164,2785.3635727888513,3191.677449517489,4.375058358556171
26882895,-404,1637,21654,1272,-3951,-73,26.882895,0.009944000000000841,-3.0839694656488548,12.49618320610687,165.29770992366412,0.7613561279296874,-2.364872689819336,-0.04369418029785156,2802.0990158961376,3214.500654705893,4.403524116953291
26892950,-512,1361,21729,-2296,-2819,1191,26.89295,0.010054999999997705,-3.9083969465648853,10.389312977099237,165.87022900763358,-1.3742717529296875,-1.687313619995117,0.7128735443115234,2818.794982542949,3237.547361225797,4.4325829207103205
26902916,-2060,367,21509,-1608,-3839,-625,26.902916,0.00996600000000214,-15.725190839694656,2.801526717557252,164.1908396946565,-0.9624690673828125,-2.2978350433349606,-0.37409400939941406,2835.169638181402,3260.5163679862967,4.461288251527372
26913003,-2654,-2160,20823,-156,353,-1105,26.913003,0.010086999999998625,-20.259541984732824,-16.48854961832061,158.95419847328245,-0.09337386474609374,0.21128829650878905,-0.661398208618164,2851.6171906007044,3283.8862995458862,4.489733313517107
26923036,-1412,-876,20785,1332,-995,523,26.923036,0.010032999999999959,-10.778625954198473,-6.687022900763359,158.66412213740458,0.7972691528320313,-0.5955576629638671,0.3130418670654297,2867.919280961378,3307.1546139643015,4.517542208323743
26933015,-1475,-652,19804,100,-1947,291,26.933015,0.009979000000001292,-11.259541984732824,-4.977099236641221,151.17557251908397,0.05985504150390625,-1.1653776580810546,0.17417817077636719,2884.07357309137,3330.2688889317237,4.544524041359731
26942951,-430,239,20814,1040,-3903,-877,26.942951,0.009935999999999723,-3.282442748091603,1.8244274809160306,158.8854961832061,0.622492431640625,-2.336142269897461,-0.5249287139892578,2900.023366562726,3353.2666361526567,4.571408803246271
26952977,947,1295,21433,736,-4795,-1333,26.952977,0.010025999999999868,7.229007633587786,9.885496183206106,163.61068702290078,0.44053310546874996,-2.8700492401123046,-0.7978677032470702,2915.895750883152,3376.458778372125,4.599625076419465
26972997,2376,-907,23729,-1096,-4907,-2733,26.972997,0.020019999999998817,18.137404580152673,-6.923664122137405,181.13740458015266,-0.6560112548828124,-2.9370868865966795,-1.6358382843017578,2946.7426547063033,3422.8184197609185,4.659855139196749
26983020,-798,-1198,24340,-2732,-871,-3213,26.98302,0.010023000000000337,-6.091603053435114,-9.145038167938932,185.80152671755727,-1.6352397338867186,-0.5213374114990235,-1.9231424835205078,2961.8101306007143,3446.124841002142,4.691950251085028
26993048,-96,-172,26142,-744,-5915,-881,26.993048,0.010028000000001924,-0.732824427480916,-1.3129770992366412,199.55725190839695,-0.44532150878906246,-3.5404257049560544,-0.527322915649414,2976.6986192521344,3469.555955864174,4.725673309440308
27002947,-2285,862,26819,-720,-5503,7619,27.002947,0.009898999999997216,-17.442748091603054,6.580152671755725,204.72519083969465,-0.430956298828125,-3.293822933959961,4.560355612182617,2991.127501133854,3492.7527868252973,4.760597277093531
27012948,-2224,-2172,26558,1100,-4035,4303,27.012948,0.010001000000002591,-16.977099236641223,-16.580152671755727,202.73282442748092,0.6584054565429687,-2.415150924682617,2.5755624359130858,3005.3937665771446,3516.190557409963,4.796158252485773
27032992,-347,171,27243,2440,-5227,-1669,27.032992,0.02004399999999862,-2.648854961832061,1.3053435114503817,207.9618320610687,1.4604630126953124,-3.1286230194091793,-0.9989806427001953,3033.1785359032515,3562.855323863951,4.8679956876739645
27042941,146,-413,27690,-3592,-5551,723,27.042941,0.009948999999998875,1.1145038167938932,-3.1526717557251906,211.3740458015267,-2.1499930908203124,-3.322553353881836,0.4327519500732422,3046.547940211692,3585.867699788529,4.9044030171867945
27053228,1229,640,27866,704,-8147,-3049,27.053228,0.010287000000001711,9.381679389312977,4.885496183206107,212.7175572519084,0.4213794921875,-4.876390231323242,-1.8249802154541015,3059.9841026538684,3609.649118628889,4.942474148757797
27063001,-2527,-1352,30135,-5108,-2415,-1973,27.063001,0.009772999999999143,-19.290076335877863,-10.320610687022901,230.0381679389313,-3.057395520019531,-1.445499252319336,-1.1809399688720703,3072.3760315386066,3632.2660352476114,4.980234798312288
27073413,-1570,-56,31034,-3608,-2059,655,27.073413,0.010411999999998756,-11.98473282442748,-0.42748091603053434,236.90076335877862,-2.1595698974609374,-1.2324153045654296,0.3920505218505859,3085.2944281841746,3656.503362145974,5.022661729178645
27082930,-2365,1519,31740,900,-4967,-37,27.08293,0.00951700000000244,-18.053435114503817,11.595419847328245,242.29007633587787,0.5386953735351562,-2.972999911499023,-0.022146365356445312,3096.9018393004867,3678.7659682722137,5.062459243586612
27094317,-3075,1362,31527,-940,-6703,1839,27.094317,0.011386999999999148,-23.47328244274809,10.396946564885496,240.66412213740458,-0.5626373901367188,-4.012083432006835,1.1007342132568358,3110.4581870995885,3705.3240943131495,5.110450557298988
27103011,-959,-1055,32703,672,-5231,-1469,27.103011,0.008693999999998425,-7.320610687022901,-8.053435114503817,249.6412213740458,0.40222587890625,-3.1310172210693357,-0.8792705596923828,3120.522560588226,3725.4864429484887,5.147649760213353
27112926,638,1214,32703,-1108,-7103,6875,27.112926,0.009915000000003005,4.870229007633588,9.267175572519085,249.6412213740458,-0.6631938598632812,-4.2515035980224605,4.115034103393555,3131.6925956232562,3748.346728759685,5.190850022622895
27122962,1754,356,32282,-1460,-5483,1211,27.122962,0.01003599999999949,13.389312977099237,2.717557251908397,246.42748091603053,-0.8738836059570312,-3.2818519256591796,0.7248445526123046,3142.6457282563047,3771.3534430905656,5.234296028057258
27132978,882,-372,30438,-764,-5355,-5621,27.132978,0.010016000000000247,6.732824427480916,-2.8396946564885495,232.35114503816794,-0.4572925170898437,-3.2052374725341797,-3.36445188293457,3153.2357206011006,3794.2025373259744,5.276144195219923
27142899,64,-166,30370,-2648,-735,-2201,27.142899,0.009920999999998514,0.48854961832061067,-1.2671755725190839,231.8320610687023,-1.5849614990234373,-0.43993455505371093,-1.3174094635009765,3163.4666611904554,3816.773459400063,5.316331811366537
27152945,-572,-604,30405,-752,-6403,755,27.152945,0.010045999999999111,-4.366412213740458,-4.6106870229007635,232.09923664122138,-0.45010991210937495,-3.832518307495117,0.45190556335449217,3173.605501029922,3839.5995857198413,5.3570036885658805
27163980,-2227,525,29902,-1252,-6431,1139,27.16398,0.011034999999999684,-17.0,4.00763358778626,228.25954198473283,-0.7493851196289062,-3.849277719116211,0.6817489227294922,3184.408649860857,3864.532217386615,5.401335567504514
27172983,-574,-753,29109,-2608,-2391,-269,27.172983,0.009002999999999872,-4.3816793893129775,-5.748091603053435,222.206106870229,-1.5610194824218748,-1.4311340423583983,-0.1610100616455078,3192.941513886271,3884.7456565710013,5.436726849996056
27182962,1185,2459,29391,-2248,-1035,4751,27.182962,0.009979000000001292,9.045801526717558,18.770992366412212,224.3587786259542,-1.3455413330078123,-0.6194996795654296,2.843713021850586,3202.1879338855774,3907.1324307231343,5.475615150585015
27192947,605,1083,28257,960,-2211,2583,27.192947,0.009985000000000355,4.6183206106870225,8.267175572519085,215.70229007633588,0.5746083984375,-1.3233949676513672,1.5460557220458984,3211.306131412653,3929.531617841882,5.513960119519326
27202977,1003,-870,26466,1308,-3339,5255,27.202977,0.010030000000000427,7.656488549618321,-6.641221374045801,202.03053435114504,0.7829039428710937,-1.9985598358154295,3.1453824310302734,3220.3864649099924,3951.9270614118896,5.550523547616601
27213617,2445,-383,26827,-336,-4527,-3257,27.213617,0.01063999999999865,18.66412213740458,-2.9236641221374047,204.78625954198472,-0.201112939453125,-2.7096377288818356,-1.9494787017822264,3229.910523770721,3975.482768547279,5.588297103747677
27222907,-1459,-1754,28318,-1520,-1599,-4669,27.222907,0.00929000000000002,-11.13740458015267,-13.389312977099237,216.1679389312977,-0.9097966308593749,-0.9570821136474609,-2.7946318878173826,3238.0918927295115,3995.905444392914,5.622424089513914
27232953,-1940,518,27709,-976,-5275,-5933,27.232953,0.010045999999999111,-14.80916030534351,3.954198473282443,211.51908396946564,-0.584185205078125,-3.1573534393310547,-3.5511996124267577,3246.7730861799364,4017.878855512941,5.659918507676771
27242961,-1411,3197,25453,64,-8135,3611,27.242961,0.010008000000002681,-10.770992366412214,24.404580152671755,194.29770992366412,0.0383072265625,-4.8692076263427735,2.1613655487060544,3255.2055391671042,4039.5506747552636,5.6953610351002455
27252951,-2508,-3644,21716,2484,-3823,1459,27.252951,0.009989999999998389,-19.14503816793893,-27.81679389312977,165.7709923664122,1.4867992309570313,-2.2882582366943356,0.8732850555419921,3263.432980892234,4060.856453826758,5.726751535120024
