gyroX,gyroY,gyroZ,accelX,accelY,accelZ,encoderR,encoderL,timestamp,timestamp_s,dt,gyroX_dps,gyroY_dps,gyroZ_dps,accelX_ms2,accelY_ms2,accelZ_ms2,x,y,theta,S_odom,delta_theta_odom,delta_theta_gyro
-24.0,127.0,66.0,352.0,228.0,17240.0,2.4e-05,0.0,19352.0,19.352,0.0,-0.183206106870229,0.9694656488549618,0.5038167938931297,0.21068974609375,0.13646949462890623,10.319009155273436,0.0,0.0,0.0,0.0,0.0,0.0
-21.0,110.0,99.0,384.0,216.0,17268.0,7.3e-05,0.0,19362.0,19.362,0.00999999999999801,-0.16030534351145037,0.8396946564885496,0.7557251908396947,0.229843359375,0.1292868896484375,10.335768566894531,-4.703662323895823e-06,-3.1020401002771913e-10,0.00013189892820412538,-4.7036623341247175e-06,-8.874834592688146e-05,0.00013189892820412538
-44.0,114.0,64.0,356.0,212.0,17208.0,8.5e-05,0.0,19372.0,19.372,0.010000000000001563,-0.33587786259541985,0.8702290076335878,0.48854961832061067,0.21308394775390624,0.12689268798828124,10.299855541992187,-5.855579612667377e-06,-5.112515060662148e-10,0.00021716692219470138,-1.151917306316258e-06,-2.173428879841996e-05,8.526799399057599e-05
-50.0,152.0,71.0,312.0,236.0,17204.0,0.0,0.0,19382.0,19.382,0.010000000000001563,-0.3816793893129771,1.1603053435114503,0.5419847328244275,0.1867477294921875,0.14125789794921875,10.297461340332031,2.3038343550664464e-06,1.6466199027058087e-09,0.00031176110302799664,8.15941425307349e-06,0.00015395121232214133,9.459418083329525e-05
-39.0,112.0,67.0,332.0,160.0,17404.0,0.0,0.0,19392.0,19.392,0.00999999999999801,-0.29770992366412213,0.8549618320610687,0.5114503816793893,0.19871873779296872,0.09576806640624999,10.417171423339843,2.3038343550664464e-06,1.6466199027058087e-09,0.00040102603423684916,0.0,-0.0,8.926493120885252e-05
-6.0,100.0,46.0,328.0,232.0,17240.0,0.000159,0.0,19402.0,19.402,0.010000000000001563,-0.04580152671755725,0.7633587786259542,0.3511450381679389,0.19632453613281248,0.1388636962890625,10.319009155273436,-1.2959068531592049e-05,-4.94190588409245e-09,0.00046231240491757564,-1.526290430869041e-05,-0.00028797932657906436,6.128637068072649e-05
-37.0,111.0,52.0,340.0,220.0,17236.0,8.5e-05,0.0,19412.0,19.412,0.00999999999999801,-0.2824427480916031,0.8473282442748091,0.3969465648854962,0.20350714111328125,0.13168109130859373,10.31661495361328,-5.8555793531205085e-06,-1.4118086923511948e-09,0.000531592650034894,7.1034900556169185e-06,0.000134028114256923,6.928024511731838e-05
-29.0,116.0,100.0,380.0,176.0,17224.0,0.000134,0.0,19422.0,19.422,0.010000000000001563,-0.22137404580152673,0.8854961832061069,0.7633587786259542,0.22744915771484372,0.105344873046875,10.309432348632813,-1.0559240845635095e-05,-4.225578233692116e-09,0.000664823890645169,-4.7036623341247175e-06,-8.874834592688146e-05,0.00013323124061027502
-41.0,85.0,84.0,316.0,204.0,17216.0,0.00022,0.0,19432.0,19.432,0.00999999999999801,-0.31297709923664124,0.648854961832061,0.6412213740458015,0.18914193115234373,0.12210428466796874,10.304643945312499,-1.881464606312201e-05,-1.017591858880864e-08,0.0007767381327577602,-8.255407361933178e-06,-0.000155762403055343,0.00011191424211259122
-41.0,85.0,84.0,316.0,204.0,17216.0,0.000171,0.0,19442.0,19.442,0.010000000000001563,-0.31297709923664124,0.648854961832061,0.6412213740458015,0.18914193115234373,0.12210428466796874,10.304643945312499,-1.4110985359713151e-05,-6.259201740268747e-09,0.0008886523748703912,4.7036623341247175e-06,8.874834592688146e-05,0.00011191424211263098
-22.0,137.0,65.0,336.0,168.0,17272.0,0.000183,0.0,19452.0,19.452,0.010000000000001563,-0.16793893129770993,1.0458015267175573,0.4961832061068702,0.201112939453125,0.1005564697265625,10.338162768554687,-1.52629021657889e-05,-7.3327338306161644e-09,0.0009752526812670699,-1.1519173063162567e-06,-2.1734288798419938e-05,8.660030639667874e-05
-35.0,109.0,85.0,300.0,208.0,17200.0,0.000171,0.0,19462.0,19.462,0.00999999999999801,-0.26717557251908397,0.8320610687022901,0.648854961832061,0.17956512451171874,0.12449848632812499,10.295067138671874,-1.4110985472734929e-05,-6.144098266954786e-09,0.0010884992357857635,1.1519173063162567e-06,2.1734288798419938e-05,0.0001132465545186935
-62.0,123.0,77.0,372.0,220.0,17224.0,0.000122,0.0,19472.0,19.472,0.010000000000001563,-0.4732824427480916,0.9389312977099237,0.5877862595419847,0.22266075439453123,0.13168109130859373,10.309432348632813,-9.407326193941205e-06,-7.828967859289337e-10,0.0011910872910556752,4.703662334124719e-06,8.87483459268815e-05,0.00010258805526991175
-44.0,122.0,56.0,320.0,208.0,17292.0,9.8e-05,0.0,19482.0,19.482,0.00999999999999801,-0.33587786259541985,0.9312977099236641,0.42748091603053434,0.19153613281249998,0.12449848632812499,10.350133776855468,-7.103493319490636e-06,2.0471145983573473e-09,0.0012656967857974026,2.303834612632515e-06,4.346857759683991e-05,7.460949474172749e-05
-21.0,134.0,91.0,388.0,212.0,17212.0,7.3e-05,0.0,19492.0,19.492,0.010000000000001563,-0.16030534351145037,1.0229007633587786,0.6946564885496184,0.23223756103515625,0.12689268798828124,10.302249743652343,-4.703667708786737e-06,5.230045969912335e-09,0.0013869372147527529,2.3998277214922028e-06,4.527976833004156e-05,0.00012124042895535026
-86.0,114.0,72.0,280.0,176.0,17292.0,0.00011,0.0,19502.0,19.502,0.00999999999999801,-0.6564885496183206,0.8702290076335878,0.549618320610687,0.16759411621093748,0.105344873046875,10.350133776855468,-8.255409080182053e-06,1.336471396958117e-10,0.0014828637079921168,-3.551745027808461e-06,-6.701405712846153e-05,9.592649323936392e-05
-44.0,129.0,83.0,360.0,196.0,17288.0,0.000122,0.0,19513.0,19.513,0.011000000000002785,-0.33587786259541985,0.9847328244274809,0.6335877862595419,0.2154781494140625,0.11731588134765625,10.347739575195313,-9.407325014012392e-06,-1.6445482034476149e-09,0.0016045038306693096,-1.1519173063162567e-06,-2.1734288798419938e-05,0.00012164012267719283
-36.0,135.0,-331.0,380.0,-480.0,16528.0,-1.005493,0.0,19522.0,19.522,0.008999999999996788,-0.2748091603053435,1.0305343511450382,-2.5267175572519083,0.22744915771484372,-0.28730419921875,9.892841259765625,0.09652260741927485,0.00013572785355307193,0.001207607964891504,0.09653211016593524,1.8213605691685895,-0.0003968958657778055
-36.0,135.0,-331.0,380.0,-480.0,16528.0,-1.006604,0.0,19532.0,19.532,0.010000000000001563,-0.2748091603053435,1.0305343511450382,-2.5267175572519083,0.22744915771484372,-0.28730419921875,9.892841259765625,0.0966292557112596,0.0001358331272106733,0.0007666125584714938,0.00010664834394312158,0.0020122329045872,-0.0004409954064200102
-562.0,230.0,-1485.0,-20.0,1276.0,16836.0,-1.009009,0.003857,19542.0,19.542,0.010000000000001563,-4.290076335877862,1.7557251908396947,-11.335877862595419,-0.011971008300781249,0.7637503295898437,10.077194787597655,0.09723036454404234,0.00013569930270784596,-0.0012118713645910897,0.0006011088476793661,-0.002629848944608831,-0.0019784839230625835
65.0,119.0,-1381.0,-44.0,416.0,17396.0,-1.079382,0.012634,19552.0,19.552,0.00999999999999801,0.4961832061068702,0.9083969465648855,-10.541984732824428,-0.02633621826171875,0.24899697265624998,10.412383020019531,0.1048282018452617,0.00011950195726758259,-0.0030517947974183337,0.007597854566244316,0.11156210440228966,-0.0018399234328272441
280.0,304.0,-5659.0,-4520.0,2044.0,15228.0,-0.988989,0.026978,19562.0,19.562,0.010000000000001563,2.1374045801526718,2.3206106870229006,-43.19847328244275,-2.7054478759765623,1.2234370483398436,9.114725720214842,0.09752819176168916,0.0001693002795703172,-0.010591350703553794,-0.007300179935670427,-0.18969868382334262,-0.007539555906135462
1654.0,1267.0,-2166.0,-10676.0,1748.0,15828.0,-0.988928,0.044336,19572.0,19.572,0.00999999999999801,12.625954198473282,9.67175572519084,-16.53435114503817,-6.3901242309570305,1.0462661254882812,9.473855969238281,0.09918846433550813,0.00014931918800130137,-0.013477139375171325,0.0016603928039460275,-0.03154913138163972,-0.002885788671617531
-3098.0,-2092.0,-6689.0,3188.0,120.0,17352.0,-0.978406,0.067468,19582.0,19.582,0.010000000000001563,-23.64885496183206,-15.969465648854962,-51.06106870229008,1.908178723144531,0.0718260498046875,10.386046801757812,0.10039874280265228,0.00012761286686248396,-0.02238897705959262,0.001210473102720664,-0.06095381293516881,-0.008911837684421295
960.0,1285.0,-729.0,-1716.0,1492.0,19148.0,-0.950696,0.09209,19592.0,19.592,0.00999999999999801,7.32824427480916,9.80916030534351,-5.564885496183206,-1.0271125122070313,0.8930372192382812,11.461043347167967,0.10010239363138969,0.00013439291966685558,-0.02336023280364118,-0.0002964267201587176,-0.09478323344990945,-0.0009712557440485595
-88.0,-2656.0,-5611.0,-4628.0,1536.0,10912.0,-0.933264,0.119592,19602.0,19.602,0.010000000000001563,-0.6717557251908397,-20.27480916030534,-42.83206106870229,-2.770091320800781,0.9193734375,6.53138212890625,0.10106868935185478,0.00010820179310382552,-0.030835837714283706,0.0009666506062170593,-0.0813840444056835,-0.007475604910642529
803.0,3498.0,871.0,-232.0,-428.0,24824.0,-0.875147,0.154736,19612.0,19.612,0.00999999999999801,6.129770992366412,26.702290076335878,6.648854961832061,-0.1388636962890625,-0.2561795776367187,14.858415502929686,0.09886444893032308,0.00017491280116836694,-0.029675393608568624,-0.0022052496898336124,-0.16891345896912022,0.001160444105715083
-572.0,73.0,8301.0,-1412.0,4000.0,12052.0,-0.80498,0.187024,19622.0,19.622,0.010000000000001563,-4.366412213740458,0.5572519083969466,63.36641221374046,-0.8451531860351562,2.39420166015625,7.213729602050781,0.09522938585907514,0.0002627007537535853,-0.018615868325509696,-0.003636122970496125,-0.18556554657017627,0.011059525283058928
558.0,825.0,12262.0,-8364.0,-3440.0,18408.0,-0.706079,0.224866,19632.0,19.632,0.010000000000001563,4.259541984732825,6.297709923664122,93.6030534351145,-5.006275671386718,-2.059013427734375,11.018116040039061,0.089368462498012,0.0003239347496811717,-0.0022790536018777764,-0.005861243233863698,-0.247667654430195,0.01633681472363192
-2833.0,-50.0,20074.0,-8812.0,-8604.0,21472.0,-0.618774,0.260168,19642.0,19.642,0.00999999999999801,-21.625954198473284,-0.3816793893129771,153.23664122137404,-5.274426257324219,-5.149927770996094,12.85207451171875,0.08437684001517526,0.00026855858285441,0.02446578563821932,-0.004991929640030358,-0.22206466222565618,0.026744839240097098
-2833.0,-50.0,20074.0,-8812.0,-8604.0,21472.0,-0.511243,0.297827,19652.0,19.652,0.010000000000001563,-21.625954198473284,-0.3816793893129771,153.23664122137404,-5.274426257324219,-5.149927770996094,12.85207451171875,0.07767441041090727,1.4829573740270737e-05,0.05121062487832592,-0.0067072305022441315,-0.2629667825535495,0.0267448392401066
-3123.0,395.0,20813.0,-10160.0,-3868.0,15444.0,-0.416711,0.345361,19662.0,19.662,0.00999999999999801,-23.83969465648855,3.015267175572519,158.87786259541986,-6.081272216796875,-2.3151930053710936,9.244012609863281,0.07317247552451502,-0.00027854959324197226,0.07894004298653261,-0.004511484130187626,-0.25730862270302735,0.027729418108206685
-352.0,1902.0,17005.0,-8840.0,3248.0,21268.0,-0.317883,0.400574,19673.0,19.673,0.010999999999999233,-2.687022900763359,14.51908396946565,129.8091603053435,-5.291185668945312,1.944091748046875,12.72997022705078,0.06900321215380359,-0.0006606884534834766,0.10386161269888196,-0.004186739442915294,-0.2789976317331173,0.024921569712349354
693.0,308.0,9806.0,-3988.0,3236.0,12356.0,-0.234485,0.473169,19682.0,19.682,0.009000000000000341,5.290076335877862,2.351145038167939,74.85496183206106,-2.3870190551757813,1.936909143066406,7.395688928222656,0.0679724367235346,-0.0007742627711384197,0.11561980260769977,-0.0010370135550112122,-0.28253307604432704,0.011758189908817817
2552.0,1670.0,1314.0,-7236.0,-336.0,17176.0,-0.141882,0.563135,19692.0,19.692,0.010000000000001563,19.480916030534353,12.748091603053435,10.030534351145038,-4.331110803222656,-0.201112939453125,10.280701928710936,0.0677210186080498,-0.000803684975608752,0.11737046110931879,-0.0002531338280629923,-0.3306672809698944,0.0017506585016190132
-932.0,-2234.0,-11146.0,288.0,2940.0,14088.0,-0.050732,0.679553,19702.0,19.702,0.010000000000001563,-7.114503816793893,-17.053435114503817,-85.08396946564885,0.17238251953125,1.7597382202148437,8.432378247070313,0.07013192718524475,-0.000537543225186248,0.10252050703089753,0.0024255538746665913,-0.3759452381092026,-0.014849954078421249
-932.0,-2234.0,-11146.0,288.0,2940.0,14088.0,0.017114,0.0,19712.0,19.712,0.00999999999999801,-7.114503816793893,-17.053435114503817,-85.08396946564885,0.17238251953125,1.7597382202148437,8.432378247070313,-0.001289069332366527,-0.007349908234235399,0.08767055295248155,-0.07174515356862204,1.1079180498345895,-0.014849954078415974
214.0,-1678.0,-18803.0,-4196.0,1276.0,16236.0,0.091284,0.121326,19722.0,19.722,0.010000000000001563,1.633587786259542,-12.80916030534351,-143.53435114503816,-2.511517541503906,0.7637503295898437,9.718064538574218,0.003224807302851406,-0.007010073903233142,0.06261908278053155,0.004526651041387454,-0.3540805435779923,-0.025051470171950006
-680.0,940.0,-23898.0,-5064.0,2496.0,19012.0,0.158435,0.276563,19732.0,19.732,0.00999999999999801,-5.190839694656488,7.175572519083969,-182.42748091603053,-3.0310593017578125,1.4939818359375,11.379640490722656,0.011671237828792196,-0.006615344676984556,0.03077948089949934,0.008455648987014492,-0.4027870847752514,-0.03183960188103221
-1719.0,-494.0,-26723.0,-2560.0,3320.0,15776.0,0.233459,0.396692,19742.0,19.742,0.010000000000001563,-13.122137404580153,-3.7709923664122136,-203.99236641221373,-1.5322890624999999,1.9871873779296874,9.442731347656249,0.0160006423926708,-0.006559155424864909,-0.004823903528784444,0.0043297691751162295,-0.353459305156504,-0.035603384428283785
-1942.0,352.0,-28454.0,-2104.0,5416.0,14204.0,0.910022,0.531751,19752.0,19.752,0.00999999999999801,-14.82442748091603,2.687022900763359,-217.206106870229,-1.2593500732421874,3.2417490478515623,8.501810095214843,-0.03596531508362378,-0.0053232389324273325,-0.04273352073201862,-0.05198065241995656,-1.4700022452625998,-0.03790961720323418
1673.0,1671.0,-30207.0,-1900.0,5680.0,19372.0,0.380981,0.674048,19762.0,19.762,0.010000000000001563,12.770992366412214,12.755725190839694,-230.58778625954199,-1.1372457885742187,3.399766357421875,11.595118640136718,0.028351243332813768,-0.009371259533023615,-0.08297868158316438,0.06444382171564529,0.7004671489213438,-0.04024516085114576
1631.0,432.0,-28782.0,-476.0,2012.0,17816.0,0.460413,0.018567,19772.0,19.772,0.00999999999999801,12.450381679389313,3.2977099236641223,-219.70992366412213,-0.28490999755859375,1.2042834350585936,10.663774194335938,-0.04182758242161596,-0.002177312426626713,-0.1213252972556001,-0.07054658361139997,1.0433346106700845,-0.038346615672435726
2394.0,162.0,-24914.0,640.0,896.0,18160.0,0.541968,0.140381,19782.0,19.782,0.010000000000001563,18.27480916030534,1.2366412213740459,-190.18320610687022,0.38307226562499996,0.5363011718749999,10.869675537109375,-0.03799969458190418,-0.0027086353419820625,-0.154518528541244,0.0038645865695821867,-0.36834004822048894,-0.03319323128564391
320.0,940.0,-19944.0,3032.0,-2408.0,18864.0,0.640369,0.290881,19793.0,19.793,0.010999999999999233,2.4427480916030535,7.175572519083969,-152.24427480916032,1.8148048583984373,-1.4413093994140624,11.291055029296874,-0.033069910494118115,-0.0035504666455078906,-0.18374733103128196,0.005001144978480896,-0.45080718468462694,-0.02922880249003796
1892.0,77.0,-12981.0,-216.0,824.0,14348.0,0.739124,0.408179,19802.0,19.802,0.009000000000000341,14.442748091603054,0.5877862595419847,-99.09160305343511,-0.1292868896484375,0.49320554199218747,8.588001354980468,-0.03132245911495704,-0.0038893094587286892,-0.19931260364053793,0.0017800002175851933,-0.39131319148041893,-0.015565272609255972
-1395.0,-218.0,-9863.0,-2444.0,252.0,16060.0,0.850916,0.517603,19812.0,19.812,0.010000000000001563,-10.648854961832061,-1.6641221374045803,-75.29007633587786,-1.4628572143554686,0.15083470458984374,9.612719665527344,-0.03154497017246933,-0.0038428397916511472,-0.21245320090192935,-0.00022731168177973944,-0.400664369235939,-0.013140597261391421
122.0,399.0,-7339.0,-1600.0,2988.0,20376.0,0.97218,0.651892,19822.0,19.822,0.00999999999999801,0.9312977099236641,3.045801526717557,-56.02290076335878,-0.9576806640625,1.7884686401367187,12.196063256835936,-0.030324074691466866,-0.004112450488697844,-0.22223104165031396,0.001250310242897434,-0.46285522544188445,-0.009777840748384607
-44.0,969.0,-5511.0,1372.0,3732.0,14816.0,1.085046,0.75708,19832.0,19.832,0.010000000000001563,-0.33587786259541985,7.396946564885496,-42.06870229007634,0.8212111694335937,2.233790148925781,8.86812294921875,-0.031042383501391307,-0.003947365125270883,-0.22957341532034622,-0.0007370350898246811,-0.3949373841375551,-0.007342373670032255
813.0,-726.0,-5224.0,1140.0,5060.0,12804.0,1.18523,0.084448,19842.0,19.842,0.00999999999999801,6.206106870229007,-5.541984732824427,-39.87786259541985,0.6823474731445313,3.028665100097656,7.663839514160156,-0.10322185758583928,0.013185623271095123,-0.23653341532982453,-0.07418501041650873,1.0368125128398251,-0.006960000009478293
1459.0,-1596.0,-7046.0,728.0,6536.0,17088.0,1.301636,0.225964,19852.0,19.852,0.010000000000001563,11.13740458015267,-12.183206106870228,-53.786259541984734,0.43574470214843747,3.912125512695312,10.228029492187499,-0.10088126206006394,0.012609795259991976,-0.2459208885432245,0.002410386963466767,-0.4671459362888392,-0.009387473213399975
988.0,270.0,-9817.0,2308.0,-100.0,13180.0,1.393957,0.341907,19862.0,19.862,0.00999999999999801,7.541984732824427,2.0610687022900764,-74.93893129770993,1.3814543579101561,-0.05985504150390625,7.888894470214844,-0.09868559247258928,0.012043390355043945,-0.25900019943393054,0.0022675492174835665,-0.3772058268595109,-0.01307931089070605
1119.0,1608.0,-12208.0,6328.0,2176.0,20724.0,1.496399,0.455981,19872.0,19.872,0.010000000000001563,8.541984732824428,12.274809160305344,-93.19083969465649,3.787627026367187,1.3024457031249999,12.404358801269531,-0.09760860418903389,0.01174864711207341,-0.2752650692876329,0.0011165918422558815,-0.3921517727898915,-0.01626486985370237
1119.0,1608.0,-12208.0,6328.0,2176.0,20724.0,1.591638,0.580054,19882.0,19.882,0.010000000000001563,8.541984732824428,12.274809160305344,-93.19083969465649,3.787627026367187,1.3024457031249999,12.404358801269531,-0.0949511463394189,0.010974698727989694,-0.29152993914133524,0.002767865300860234,-0.3972158620799231,-0.01626486985370237
-354.0,-367.0,-16245.0,3836.0,1128.0,17000.0,1.783008,0.053308,19902.0,19.902,0.019999999999999574,-2.7022900763358777,-2.801526717557252,-124.00763358778626,2.2960393920898436,0.6751648681640625,10.175357055664062,-0.16053242427673095,0.03221188713305695,-0.3348167692156059,-0.06893418736188377,0.6074299033382412,-0.04328683007427065
-2011.0,461.0,-17888.0,4040.0,1780.0,14740.0,1.87251,0.186047,19912.0,19.912,0.00999999999999801,-15.351145038167939,3.519083969465649,-136.54961832061068,2.418143676757812,1.0654197387695312,8.82263311767578,-0.15662897223858185,0.030801450679866102,-0.3586491735359634,0.004150454047766339,-0.40252083973747066,-0.02383240432035752
-2154.0,1157.0,-18278.0,2364.0,-1144.0,17800.0,1.998291,0.321643,19923.0,19.923,0.010999999999999233,-16.442748091603054,8.83206106870229,-139.5267175572519,1.4149731811523436,-0.6847416748046875,10.654197387695312,-0.1557512569945567,0.03045895292385952,-0.385436380310578,0.0009421723634578296,-0.4734036002720513,-0.026787206774614616
-729.0,1044.0,-15513.0,3944.0,3980.0,20480.0,2.093384,0.422278,19932.0,19.932,0.009000000000000341,-5.564885496183206,7.969465648854962,-118.41984732824427,2.360682836914062,2.3822306518554686,12.258312499999999,-0.1552601747240155,0.030254366470999036,-0.40403772643086056,0.0005319938093004007,-0.35450073982809477,-0.01860134612028256
-1149.0,1287.0,-11035.0,-3844.0,880.0,13548.0,2.201038,0.53446,19942.0,19.942,0.010000000000001563,-8.770992366412214,9.82442748091603,-84.23664122137404,-2.300827795410156,0.5267243652343749,8.109161022949218,-0.1548617829232748,0.03008055477919313,-0.4187397938322044,0.0004346567969166614,-0.3981649260241211,-0.014702067401343846
-16.0,1351.0,-6762.0,2296.0,-476.0,21356.0,2.299719,0.65929,19952.0,19.952,0.010000000000001563,-0.12213740458015267,10.312977099236642,-51.61832061068702,1.3742717529296875,-0.28490999755859375,12.782642663574219,-0.15257314937483463,0.029049595036907894,-0.4277488903222712,0.0025101238035719828,-0.4048210519686369,-0.009009096490066794
805.0,181.0,-2492.0,-2384.0,1320.0,19848.0,2.414856,0.753943,19962.0,19.962,0.00999999999999801,6.145038167938932,1.381679389312977,-19.022900763358777,-1.426944189453125,0.7900865478515624,11.880028637695311,-0.15436095366260588,0.029868241081992698,-0.4310690128382781,-0.0019663228418818363,-0.3799697039183765,-0.003320122516006873
845.0,-2189.0,442.0,872.0,-748.0,12652.0,2.52417,0.067651,19972.0,19.972,0.010000000000001563,6.450381679389313,-16.709923664122137,3.3740458015267176,0.5219359619140624,-0.4477157104492187,7.572859851074218,-0.2237564348565922,0.06175954839369148,-0.4304801307547807,-0.07637269336742103,1.0450172068612291,0.0005888820834974155
1171.0,253.0,3266.0,2020.0,1772.0,16712.0,2.647961,0.17406,19983.0,19.983,0.010999999999999233,8.938931297709924,1.9312977099236641,24.931297709923665,1.209071838378906,1.0606313354492187,10.002974536132811,-0.22527441959593267,0.06245221630545483,-0.42569366520461704,-0.0016685522181991205,-0.4169361067830232,0.004786465550163657
377.0,1824.0,4045.0,2648.0,2692.0,16612.0,2.767981,0.29259,19992.0,19.992,0.009000000000000341,2.877862595419847,13.923664122137405,30.87786259541985,1.5849614990234373,1.6112977172851561,9.943119494628906,-0.22540482713887106,0.06251096472703563,-0.42084338189020054,-0.0001430297322009156,-0.4320595494052563,0.004850283314416487
377.0,1824.0,4045.0,2648.0,2692.0,16612.0,2.909265,0.391211,20002.0,20.002,0.00999999999999801,2.877862595419847,13.923664122137405,30.87786259541985,1.5849614990234373,1.6112977172851561,9.943119494628906,-0.22914733457215974,0.06417396277994122,-0.41545417820751684,-0.004095354003280897,-0.4345137128487452,0.005389203682683709
1683.0,833.0,6312.0,852.0,1600.0,16848.0,3.046069,0.474878,20012.0,20.012,0.010000000000001563,12.84732824427481,6.358778625954199,48.18320610687023,0.5099649536132812,0.9576806640625,10.084377392578125,-0.2338228275082877,0.06621302674205894,-0.4070446223001963,-0.005100785825477258,-0.3993150321397041,0.008409555907320558
-438.0,64.0,5692.0,352.0,-1040.0,16156.0,3.182385,0.582581,20022.0,20.022,0.00999999999999801,-3.3435114503816794,0.48854961832061067,43.45038167938932,0.21068974609375,-0.622492431640625,9.670180505371093,-0.23634916782016482,0.06729084647488914,-0.3994611000846621,-0.0027466508238022484,-0.44196495152513626,0.007583522215534159
1763.0,-1029.0,5226.0,-1036.0,-10780.0,20844.0,3.30918,0.691638,20032.0,20.032,0.010000000000001563,13.458015267175572,-7.854961832061068,39.89312977099237,-0.6200982299804687,-6.452373474121093,12.476184851074217,-0.23792013513084515,0.06794760879065426,-0.39249843545036917,-0.0017027257649531499,-0.42717295680707845,0.006962664634292972
-1034.0,-1540.0,4705.0,280.0,-4960.0,13212.0,3.451282,0.0,20042.0,20.042,0.010000000000001563,-7.893129770992366,-11.755725190839694,35.916030534351144,0.16759411621093748,-2.96881005859375,7.908048083496094,-0.31196298626315716,0.09832826773076941,-0.38622990557965575,-0.08003329458067636,0.995314510760709,0.006268529870713438
1119.0,-256.0,3329.0,24.0,956.0,17248.0,3.574329,0.09801,20052.0,20.052,0.00999999999999801,8.541984732824428,-1.9541984732824427,25.412213740458014,0.0143652099609375,0.5722141967773438,10.32379755859375,-0.3141913250337978,0.09922867829453999,-0.38179463757974125,-0.0024033794665200246,-0.40037638990936014,0.004435267999914479
380.0,-797.0,2398.0,3220.0,1124.0,18092.0,3.713757,-0.785242,20062.0,20.062,0.010000000000001563,2.900763358778626,-6.083969465648855,18.30534351145038,1.927332336425781,0.6727706665039062,10.828974108886719,-0.4053513659836084,0.1356600040542066,-0.37859975242990684,-0.09817023256862585,1.3472071359329933,0.003194885149834394
2283.0,-665.0,-1616.0,-3008.0,612.0,18468.0,6.705518,-1.666455,20282.0,20.282,0.21999999999999886,17.427480916030536,-5.076335877862595,-12.335877862595419,-1.8004396484374998,0.36631285400390623,11.054029064941405,-0.7474509206333466,0.28121886444115285,-0.42596612309166415,-0.37177881479274166,-3.8226049795773025,-0.047366370661757314
2297.0,-1032.0,-2780.0,-1048.0,-360.0,16572.0,6.838049,-1.569885,20293.0,20.293,0.010999999999999233,17.53435114503817,-7.877862595419847,-21.221374045801525,-0.6272808349609375,-0.2154781494140625,9.919177478027343,-0.7505915450229163,0.282651637616366,-0.43004033442952544,-0.0034520081877032587,-0.4149456081672345,-0.004074211337861288
1769.0,-1065.0,-3406.0,824.0,2448.0,15196.0,6.973047,-1.4526,20302.0,20.302,0.009000000000000341,13.50381679389313,-8.129770992366412,-26.0,0.49320554199218747,1.465251416015625,9.095572106933593,-0.7521356036958574,0.2833636706965933,-0.43412440487919235,-0.0017003259372316837,-0.4569326317443159,-0.004084070449666886
613.0,338.0,-4873.0,1236.0,2936.0,21840.0,7.107593,-1.321655,20312.0,20.312,0.010000000000001563,4.679389312977099,2.5801526717557253,-37.19847328244275,0.7398083129882812,1.7573440185546874,13.072341064453123,-0.7524487363358886,0.28351008284734913,-0.44061676323413107,-0.00034567118500369344,-0.4808548389484413,-0.0064923583549387
1138.0,1652.0,-4955.0,6316.0,816.0,12352.0,7.229065,-2.0,20322.0,20.322,0.00999999999999801,8.687022900763358,12.610687022900763,-37.82442748091603,3.7804444213867185,0.488417138671875,7.3932947265625,-0.8217841364644993,0.3164842816587822,-0.44721837120636787,-0.07677692034882923,1.0086032171702082,-0.0066016079722367805
-2855.0,985.0,-5378.0,-636.0,2576.0,18948.0,7.367224,-1.887097,20333.0,20.333,0.010999999999999233,-21.793893129770993,7.519083969465649,-41.05343511450382,-0.3806780639648437,1.5418658691406248,11.341333264160156,-0.8239659582837109,0.317541342868015,-0.4551000649383887,-0.0024244019573602775,-0.4547211678590756,-0.007881693732020866
1078.0,-719.0,-6099.0,2692.0,-96.0,15692.0,7.491076,-1.757947,20342.0,20.342,0.009000000000000341,8.229007633587786,-5.488549618320611,-46.55725190839695,1.6112977172851561,-0.05746083984375,9.392453112792968,-0.823509971161741,0.31731613028890415,-0.46241326096672647,0.0005085714907386903,-0.4582348778814862,-0.0073131960283377385
-153.0,-923.0,-5896.0,2056.0,2300.0,14500.0,7.627576,-1.640515,20352.0,20.352,0.010000000000001563,-1.16793893129771,-7.0458015267175576,-45.00763358778626,1.2306196533203124,1.3766659545898436,8.678981018066406,-0.8251449170315294,0.31813911492739333,-0.4702685749131083,-0.0018303965997366074,-0.45991928526336595,-0.007855313946381814
-153.0,-923.0,-5896.0,2056.0,2300.0,14500.0,7.752319,-1.534753,20362.0,20.362,0.00999999999999801,-1.16793893129771,-7.0458015267175576,-45.00763358778626,1.2306196533203124,1.3766659545898436,8.678981018066406,-0.8267659178152248,0.31897110360966374,-0.4781238888594873,-0.0018220451992657094,-0.4174885199566484,-0.007855313946379023
992.0,1353.0,-5396.0,-552.0,3576.0,20952.0,17.20315,-3.342725,21562.0,21.562,1.2000000000000028,7.572519083969466,10.32824427480916,-41.19083969465649,-0.33039982910156246,2.1404162841796874,12.540828295898438,-1.490531658036096,1.1718916365477237,-1.3408228180590072,-1.0807675020087832,-13.842675395966928,-0.8626989291995198
-442.0,-538.0,-6738.0,4324.0,2496.0,19320.0,17.32699,-3.236829,21572.0,21.572,0.00999999999999801,-3.3740458015267176,-4.106870229007634,-51.43511450381679,2.588131994628906,1.4939818359375,11.563994018554688,-1.4909167730451387,1.173570533170401,-1.3497999390513242,-0.0017225003453780283,-0.41609571428281306,-0.00897712099231714
-1992.0,-294.0,-6789.0,3044.0,228.0,15412.0,17.465405,-3.905029,21582.0,21.582,0.010000000000001563,-15.206106870229007,-2.2442748091603053,-51.82442748091603,1.8219874633789062,0.13646949462890623,9.22485899658203,-1.5075476280645004,1.2491928795180667,-1.3588450079763559,-0.07742948150285749,0.9595416825892388,-0.009045068925031569
194.0,235.0,-7280.0,1440.0,480.0,18224.0,17.591883,-3.775354,21592.0,21.592,0.00999999999999801,1.4809160305343512,1.7938931297709924,-55.57251908396947,0.86191259765625,0.28730419921875,10.907982763671875,-1.5074845239978658,1.2488925474853727,-1.3685442422927805,0.00030688996902451804,-0.46394193988180277,-0.009699234316424573
171.0,511.0,-7511.0,-1712.0,-3500.0,10560.0,17.672596,-3.650293,21602.0,21.602,0.010000000000001563,1.3053435114503817,3.900763358778626,-57.33587786259542,-1.024718310546875,-2.094926452636719,6.320692382812499,-1.5066502510744084,1.244717992483617,-1.3785512407750182,0.004257102391709518,-0.37269596193383797,-0.010006998482237753
172.0,-270.0,-6648.0,536.0,-5116.0,15632.0,17.861523,-3.541821,21612.0,21.612,0.00999999999999801,1.3129770992366412,-2.0610687022900764,-50.74809160305343,0.32082302246093747,-3.0621839233398433,9.356540087890625,-1.5080922684430687,1.2523053012640435,-1.3874084536507862,-0.007723125573306179,-0.5386463128634404,-0.008857212875767935
670.0,620.0,-4345.0,2156.0,-168.0,17188.0,18.015661,-3.428357,21622.0,21.622,0.010000000000001563,5.114503816793893,4.732824427480916,-33.16793893129771,1.2904746948242187,-0.1005564697265625,10.287884533691406,-1.5087931710814793,1.2561462985299627,-1.3931973510553026,-0.0039044237097592607,-0.48467826258623714,-0.005788897404516448
1453.0,511.0,-3159.0,2216.0,2908.0,19168.0,18.141407,-3.301746,21632.0,21.632,0.010000000000001563,11.091603053435115,3.900763358778626,-24.114503816793892,1.3263877197265623,1.7405846069335937,11.473014355468749,-1.508778673740915,1.2560645398681807,-1.3974061259461812,8.303403916368364e-05,-0.45706665985857103,-0.004208774890878586
146.0,311.0,-1287.0,-2284.0,-1832.0,14596.0,18.26615,-3.986035,21642.0,21.642,0.00999999999999801,1.1145038167938932,2.3740458015267176,-9.82442748091603,-1.3670891479492187,-1.0965443603515623,8.736441857910156,-1.5221114558298467,1.3325730035456143,-1.399120812012835,-0.07766149684697109,1.01344453000006,-0.00171468606665363
-799.0,-354.0,-1127.0,1832.0,-276.0,15104.0,18.407093,-3.873169,21652.0,21.652,0.010000000000001563,-6.099236641221374,-2.7022900763358777,-8.603053435114504,1.0965443603515623,-0.16519991455078123,9.04050546875,-1.5225698921253377,1.3352289273418592,-1.4006223280945127,-0.0026951985174534336,-0.4596965088031815,-0.0015015160816777991
170.0,-108.0,-1154.0,1192.0,-60.0,17100.0,18.535986,-3.738892,21662.0,21.662,0.00999999999999801,1.297709923664122,-0.8244274809160306,-8.80916030534351,0.7134720947265625,-0.03591302490234375,10.235212097167969,-1.5224827571016428,1.334719498710699,-1.4021598166111546,0.0005168268981004184,-0.4766510652566842,-0.0015374885166420272
-1549.0,75.0,-1294.0,864.0,5428.0,11584.0,18.681177,-3.637488,21673.0,21.673,0.010999999999999233,-11.82442748091603,0.5725190839694656,-9.877862595419847,0.51714755859375,3.248931652832031,6.9336080078124995,-1.5231842943908716,1.3388637909494492,-1.4040562300900008,-0.004203250257639209,-0.44663057885386503,-0.0018964134788462255
1796.0,1171.0,-761.0,756.0,800.0,20192.0,18.817163,-3.537427,21682.0,21.682,0.009000000000000341,13.709923664122137,8.938931297709924,-5.809160305343512,0.4525041137695312,0.47884033203125,12.08592998046875,-1.523755093978809,1.3422647763555873,-1.4049687308569405,-0.0034485524357842304,-0.42752613900005076,-0.0009125007669396654
175.0,-157.0,208.0,-1508.0,-2536.0,16616.0,18.978907,-3.4224,21692.0,21.692,0.010000000000001563,1.3358778625954197,-1.1984732824427482,1.5877862595419847,-0.9026140258789062,-1.5179238525390624,9.945513696289062,-1.5244959587586615,1.346687665673148,-1.4046916098764712,-0.004484510066597934,-0.5012850704189552,0.000277120980469372
-1684.0,-392.0,277.0,236.0,5640.0,16112.0,19.11062,-3.312768,21702.0,21.702,0.010000000000001563,-12.854961832061068,-2.9923664122137406,2.114503816793893,0.14125789794921875,3.375824340820312,9.643844287109374,-1.524846807218375,1.3487780509408807,-1.4043225593399808,-0.0021196238367309043,-0.4371218275045575,0.00036905053649046165
-1684.0,-392.0,277.0,236.0,5640.0,16112.0,19.26543,-3.993481,21712.0,21.712,0.00999999999999801,-12.854961832061068,-2.9923664122137406,2.114503816793893,0.14125789794921875,3.375824340820312,9.643844287109374,-1.5381517530254982,1.4278712381569476,-1.4039535088034905,-0.08020445029377296,0.952510640162958,0.00036905053649033057
1990.0,2065.0,383.0,-2028.0,1088.0,19392.0,19.400391,-3.897815,21722.0,21.722,0.010000000000001563,15.19083969465649,15.763358778625955,2.9236641221374047,-1.2138602416992186,0.6512228515624999,11.6070896484375,-1.5387791256450567,1.4315907487240542,-1.403443233151953,-0.0037720492126414942,-0.4177094852261009,0.0005102756515373533
628.0,563.0,737.0,-4344.0,-4292.0,15052.0,19.547436,-3.766602,21732.0,21.732,0.00999999999999801,4.793893129770993,4.297709923664122,5.625954198473282,-2.6001030029296874,-2.568978381347656,9.009380847167968,-1.5390330128076668,1.433089154736875,-1.4024613189086557,-0.0015197628994667606,-0.5039783110392324,0.0009819142432973779
2321.0,-197.0,1066.0,1888.0,-832.0,19972.0,19.680639,-3.652039,21742.0,21.742,0.010000000000001563,17.717557251908396,-1.5038167938931297,8.13740458015267,1.13006318359375,-0.49799394531249996,11.954248889160155,-1.539334048671087,1.4348529611970162,-1.4010410738837502,-0.001789311549144414,-0.4487514832024398,0.0014202450249055313
375.0,-728.0,1881.0,-1344.0,-2900.0,15640.0,19.82196,-3.558655,21753.0,21.753,0.010999999999999233,2.8625954198473282,-5.557251908396947,14.358778625954198,-0.8044517578125,-1.7357962036132812,9.361328491210937,-1.5401177025194295,1.4393873639738217,-1.3982843862842835,-0.004601621659407008,-0.4250955210360986,0.0027566875994665765
-467.0,-625.0,955.0,404.0,-452.0,15424.0,19.965235,-3.440955,21762.0,21.762,0.009000000000000341,-3.564885496183206,-4.770992366412214,7.290076335877862,0.24181436767578124,-0.2705447875976562,9.2320416015625,-1.5405405105837469,1.4418057053472484,-1.3971392637712383,-0.0024550237590864697,-0.4726755015973018,0.001145122513045178
-1215.0,-689.0,-335.0,1936.0,-2484.0,23224.0,20.105297,-3.325781,21772.0,21.772,0.00999999999999801,-9.274809160305344,-5.259541984732825,-2.5572519083969465,1.158793603515625,-1.4867992309570313,13.900734838867187,-1.5409527833490617,1.444158940919353,-1.3975855884272825,-0.002389076493299943,-0.46228107797946044,-0.00044632465604426265
-386.0,52.0,-2560.0,7824.0,1776.0,21408.0,20.238098,-3.999793,21782.0,21.782,0.010000000000001563,-2.946564885496183,0.3969465648854962,-19.541984732824428,4.6830584472656245,1.0630255371093749,12.81376728515625,-1.5541705942401205,1.5204711797161141,-1.4009963081869057,-0.0774484881384116,0.9802363479068037,-0.0034107197596230402
1990.0,681.0,-3159.0,-1060.0,6088.0,16492.0,20.378368,-3.890747,21792.0,21.792,0.010000000000001563,15.19083969465649,5.198473282442748,-24.114503816793892,-0.6344634399414062,3.6439749267578123,9.871293444824218,-1.5546708739700665,1.5234264226043468,-1.4052050830777842,-0.002997288831034681,-0.45155882883890064,-0.004208774890878586
-541.0,-460.0,-4018.0,468.0,-1784.0,17036.0,20.504553,-3.766943,21802.0,21.802,0.00999999999999801,-4.129770992366412,-3.5114503816793894,-30.671755725190838,0.28012159423828126,-1.0678139404296874,10.196904870605469,-1.5547079451762564,1.523651955778971,-1.4105583143255032,-0.00022855959219519016,-0.4527777602023565,-0.005353231247718947
-541.0,-460.0,-4018.0,468.0,-1784.0,17036.0,20.646765,-3.650305,21812.0,21.812,0.010000000000001563,-4.129770992366412,-3.5114503816793894,-30.671755725190838,0.28012159423828126,-1.0678139404296874,10.196904870605469,-1.5550931485787023,1.5260764740146027,-1.415911545573224,-0.002454927765977385,-0.4688267212892452,-0.005353231247720848
-336.0,-462.0,-3614.0,2236.0,4160.0,13336.0,20.780579,-3.556751,21822.0,21.822,0.00999999999999801,-2.564885496183206,-3.5267175572519083,-27.587786259541986,1.3383587280273437,2.4899697265625,7.982268334960937,-1.5556801441864225,1.5298963179206917,-1.4207265226088777,-0.0038646825626911675,-0.4118068146265968,-0.004814977035653627
-78.0,-338.0,-3269.0,-5272.0,-464.0,19148.0,20.920557,-3.440076,21832.0,21.832,0.010000000000001563,-0.5954198473282443,-2.5801526717557253,-24.954198473282442,-3.1555577880859373,-0.277727392578125,11.461043347167967,-1.5560097635177699,1.5321088267590397,-1.4250818518644275,-0.002236927415757213,-0.4648475352484055,-0.004355329255549889
-480.0,1117.0,-1253.0,-2972.0,-1000.0,16608.0,21.064892,-3.315747,21842.0,21.842,0.00999999999999801,-3.66412213740458,8.526717557251908,-9.564885496183207,-1.7788918334960937,-0.5985504150390625,9.94072529296875,-1.5562870238381703,1.534009144981956,-1.4267512393092736,-0.001920438135847087,-0.48660174714489435,-0.0016693874448461528
234.0,836.0,-958.0,3488.0,2372.0,21116.0,21.208191,-4.0,21853.0,21.853,0.011000000000002785,1.786259541984733,6.3816793893129775,-7.312977099236641,2.0877438476562498,1.419761584472656,12.638990563964843,-1.567635141738792,1.6126337015300052,-1.4281552301228249,-0.07943928922305252,0.9797708718883741,-0.0014039908135512137
115.0,-1108.0,-294.0,-560.0,3704.0,18308.0,21.328197,-3.89071,21863.0,21.863,0.00999999999999801,0.8778625954198473,-8.458015267175572,-2.2442748091603053,-0.33518823242187495,2.2170307373046874,10.958260998535156,-1.5677811747508967,1.6136519452078935,-1.428546929970219,-0.001028662154540413,-0.4152987903602088,-0.00039169984739406927
-452.0,-935.0,-1597.0,208.0,-4020.0,14356.0,21.467541,-3.764087,21872.0,21.872,0.009000000000000341,-3.450381679389313,-7.137404580152672,-12.19083969465649,0.12449848632812499,-2.4061726684570313,8.59278975830078,-1.5679531368374837,1.6148609048673384,-1.4304618625915102,-0.001221128337804217,-0.48171696573744877,-0.001914932621291256
1263.0,481.0,-2440.0,-1920.0,-1992.0,13888.0,21.590601,-3.645325,21882.0,21.882,0.010000000000001563,9.641221374045802,3.6717557251908395,-18.625954198473284,-1.149216796875,-1.1923124267578125,8.312668164062499,-1.5680101818523413,1.6152695205638965,-1.433712704862401,-0.0004125783818788465,-0.43798576548428997,-0.00325084227089071
-245.0,750.0,-4546.0,2488.0,2404.0,16596.0,21.731495,-3.538208,21892.0,21.892,0.00999999999999801,-1.8702290076335877,5.7251908396946565,-34.70229007633588,1.4891934326171874,1.438915197753906,9.93354268798828,-1.5684435365316098,1.6184827894835325,-1.4397693970605419,-0.0032423592379536154,-0.44919522493207675,-0.006056692198140949
14.0,374.0,-5896.0,-3372.0,1260.0,18668.0,21.853382,-3.423633,21903.0,21.903,0.010999999999999233,0.10687022900763359,2.854961832061069,-45.00763358778626,-2.0183119995117185,0.7541735229492187,11.173739147949219,-1.5685322342543728,1.6191790642761825,-1.44841024240156,-0.0007019016119821433,-0.42827778315433307,-0.008640845341018041
-925.0,-11.0,-7624.0,-1900.0,-1420.0,17536.0,22.002209,-3.29248,21912.0,21.912,0.009000000000000341,-7.061068702290076,-0.08396946564885496,-58.19847328244275,-1.1372457885742187,-0.8499415893554687,10.496180078124999,-1.5687316553147441,1.6208638854602697,-1.4575520372072734,-0.0016965822059861677,-0.5070971814818033,-0.009141794805713546
1649.0,1158.0,-10197.0,2572.0,912.0,19368.0,22.120935,-3.9698,21922.0,21.922,0.010000000000001563,12.587786259541986,8.83969465648855,-77.83969465648855,1.5394716674804687,0.5458779785156249,11.592724438476562,-1.5768507843547375,1.6968462605335959,-1.471137626812303,-0.07641493033531921,1.0117202764220525,-0.01358558960502974
1649.0,1158.0,-10197.0,2572.0,912.0,19368.0,22.253357,-3.835351,21932.0,21.932,0.00999999999999801,12.587786259541986,8.83969465648855,-77.83969465648855,1.5394716674804687,0.5458779785156249,11.592724438476562,-1.576832740650864,1.696652520927024,-1.484723216417328,0.00019457803165841975,-0.48335428216026427,-0.013585589605024914
1891.0,230.0,-11744.0,4504.0,2732.0,17128.0,22.365149,-3.688879,21943.0,21.943,0.011000000000002785,14.435114503816793,1.7557251908396947,-89.64885496183206,2.6958710693359373,1.6352397338867186,10.251971508789062,-1.5765751062387754,1.6933334640442705,-1.5019345610043275,0.003329041015254221,-0.4677653635195902,-0.01721134458699943
-1748.0,-286.0,-11519.0,340.0,3464.0,19696.0,22.489635,-3.578271,21952.0,21.952,0.009000000000000341,-13.34351145038168,-2.183206106870229,-87.93129770992367,0.20350714111328125,2.0733786376953125,11.789048974609374,-1.5766575903002058,1.6946631004142307,-1.5157467769496338,-0.0013321923647548438,-0.42580007423131355,-0.013812215945306185
-2308.0,966.0,-14151.0,3804.0,1336.0,16576.0,22.596375,-3.441443,21962.0,21.962,0.00999999999999801,-17.61832061068702,7.374045801526718,-108.02290076335878,2.2768857788085937,0.7996633544921875,9.9215716796875,-1.576525866457955,1.6917778650796655,-1.534600329808387,0.0028882406593704335,-0.44114810450445974,-0.018853552858753314
-168.0,842.0,-17344.0,-1096.0,152.0,14652.0,22.709387,-3.305994,21972.0,21.972,0.010000000000001563,-1.282442748091603,6.427480916030534,-132.3969465648855,-0.6560112548828124,0.0909796630859375,8.769960681152343,-1.5764727975582438,1.689624721596061,-1.557707956179833,0.0021537973834846996,-0.4500102607620204,-0.023107626371446092
694.0,788.0,-19413.0,-372.0,5800.0,21884.0,22.801834,-3.960644,21982.0,21.982,0.00999999999999801,5.297709923664122,6.015267175572519,-148.1908396946565,-0.22266075439453123,3.4715924072265625,13.098677282714842,-1.5764840053778404,1.761340884370027,-1.5835721369194966,-0.07171616364974638,1.018256863778174,-0.025864180739663498
-3399.0,-969.0,-20772.0,-1788.0,5076.0,14640.0,22.901134,-3.811475,21992.0,21.992,0.010000000000001563,-25.946564885496183,-7.396946564885496,-158.5648854961832,-1.0702081420898437,3.038241906738281,8.762778076171875,-1.5766113898987317,1.7565554991796528,-1.6112469302190628,0.004787080345723803,-0.4500247502878824,-0.027674793299566323
120.0,1823.0,-21444.0,4128.0,1952.0,20964.0,23.010632,-3.673596,22002.0,22.002,0.00999999999999801,0.916030534351145,13.916030534351146,-163.6946564885496,2.47081611328125,1.16837041015625,12.548010900878905,-1.5767604362015792,1.7538351988494756,-1.63981703745552,0.002724380422546635,-0.44804693000723206,-0.02857010723645722
-1780.0,489.0,-21742.0,-2404.0,4692.0,16624.0,23.114283,-3.548706,22012.0,22.012,0.010000000000001563,-13.587786259541986,3.732824427480916,-165.96946564885496,-1.438915197753906,2.808398547363281,9.950302099609374,-1.5769304867411502,1.7518035053127745,-1.6687841737890061,0.002038797639070958,-0.41393134135663934,-0.02896713633348599
5540.0,-1515.0,-22476.0,-2464.0,3080.0,17032.0,23.209923,-3.415576,22022.0,22.022,0.00999999999999801,42.29007633587786,-11.564885496183207,-171.57251908396947,-1.47482822265625,1.8435352783203125,10.194510668945313,-1.5773361424780872,1.7482276595672561,-1.6987292274285608,0.003598781651149751,-0.4143461040345434,-0.02994505363955477
-477.0,-1699.0,-21698.0,3164.0,4268.0,20688.0,23.308214,-3.273059,22032.0,22.032,0.010000000000001563,-3.6412213740458017,-12.969465648854962,-165.63358778625954,1.8938135131835936,2.5546131713867184,12.382810986328124,-1.5779385911602064,1.744025231423695,-1.7276377420161784,0.004245391232428617,-0.43614921808082574,-0.02890851458761747
38.0,485.0,-23014.0,-1048.0,796.0,14724.0,23.417614,-3.938489,22042.0,22.042,0.010000000000001563,0.2900763358778626,3.7022900763358777,-175.6793893129771,-0.6272808349609375,0.47644613037109373,8.813056311035156,-1.5651958731362943,1.8173038823290775,-1.758299579730227,-0.07437834053775225,1.0070763833821195,-0.030661837714048686
-10.0,497.0,-22250.0,1208.0,3160.0,19052.0,23.516737,-3.779822,22052.0,22.052,0.00999999999999801,-0.07633587786259542,3.7938931297709924,-169.84732824427482,0.7230489013671875,1.8914193115234375,11.403582507324218,-1.5663444525783026,1.8117046599526567,-1.7879435307660025,0.005715813673941425,-0.466906859112055,-0.02964395103577566
277.0,396.0,-20512.0,604.0,5172.0,17508.0,23.631908,-3.637903,22062.0,22.062,0.010000000000001563,2.114503816793893,3.0229007633587788,-156.5801526717557,0.36152445068359373,3.095702746582031,10.479420666503906,-1.5669318413795945,1.8092051268489477,-1.815271922839982,0.002567623675778891,-0.46563902559881515,-0.027328392073979604
-1082.0,1237.0,-21437.0,-1568.0,-3484.0,17380.0,23.733952,-3.520874,22072.0,22.072,0.00999999999999801,-8.259541984732824,9.442748091603054,-163.6412213740458,-0.93852705078125,-2.085349645996094,10.402806213378906,-1.5672999110298014,1.8078145577155726,-1.8438327038895965,0.0014384567362624948,-0.3967829874946868,-0.028560781049614504
-1082.0,1237.0,-21437.0,-1568.0,-3484.0,17380.0,23.847136,-3.369165,22082.0,22.082,0.010000000000001563,-8.259541984732824,9.442748091603054,-163.6412213740458,-0.93852705078125,-2.085349645996094,10.402806213378906,-1.5683478884186095,1.804268018231536,-1.8723934849392212,0.003698134518819434,-0.4797717468899885,-0.028560781049624652
-2510.0,918.0,-20850.0,4252.0,3344.0,18688.0,22.963297,-3.246082,22092.0,22.092,0.00999999999999801,-19.16030534351145,7.00763358778626,-159.16030534351145,2.5450363647460934,2.001552587890625,11.18571015625,-1.5983387046456057,1.712380927783163,-1.9001721986064537,0.09665757315921475,1.3778742174275604,-0.027778713667232467
-835.0,-706.0,-20727.0,308.0,3056.0,17520.0,23.072174,-3.895325,22102.0,22.102,0.010000000000001563,-6.374045801526718,-5.3893129770992365,-158.22137404580153,0.18435352783203124,1.8291700683593748,10.486603271484375,-1.5738511394918746,1.7809116308718451,-1.9277870378477453,-0.07277429568870675,0.9787058917372509,-0.027614839241291697
2493.0,-415.0,-21478.0,1696.0,3948.0,18104.0,23.168522,-3.728406,22112.0,22.112,0.00999999999999801,19.03053435114504,-3.16793893129771,-163.95419847328245,1.01514150390625,2.3630770385742186,10.836156713867187,-1.5763090402235944,1.7745989241086055,-1.95640244370601,0.006774329685337149,-0.4768267507578003,-0.0286154058582647
1131.0,816.0,-22666.0,-3164.0,1508.0,20152.0,23.275627,-3.601013,22122.0,22.122,0.010000000000001563,8.633587786259541,6.229007633587786,-173.0229007633588,-1.8938135131835936,0.9026140258789062,12.061987963867187,-1.577068700440238,1.772805685553566,-1.986600636702735,0.0019475081925452963,-0.42472060455432487,-0.03019819299672493
899.0,265.0,-24495.0,-2692.0,3732.0,16084.0,23.36371,-3.455566,22132.0,22.132,0.010000000000001563,6.862595419847328,2.0229007633587788,-186.98473282442748,-1.6112977172851561,2.233790148925781,9.627084875488281,-1.5793748348388088,1.7678053032997725,-2.019235629090222,0.0055065486966270425,-0.422967371924586,-0.03263499238748686
-1248.0,-412.0,-27057.0,-564.0,3708.0,18808.0,23.453152,-3.302515,22142.0,22.142,0.00999999999999801,-9.526717557251908,-3.145038167938931,-206.54198473282443,-0.33758243408203126,2.2194249389648437,11.257536206054686,-1.5821209003258594,1.7623516188828676,-2.055284005862131,0.006106025661456075,-0.4392010744662677,-0.0360483767719093
-1299.0,1415.0,-27972.0,-3004.0,7224.0,18948.0,23.550808,-3.942493,22152.0,22.152,0.010000000000001563,-9.916030534351146,10.801526717557252,-213.5267175572519,-1.7980454467773437,4.3239281982421875,11.341333264160156,-1.5479800447385759,1.8243850277056304,-2.0925514484856373,-0.07080778086060723,0.9822485808113905,-0.037267442623506127
-3464.0,-713.0,-29373.0,2536.0,4336.0,15620.0,22.942751,-3.782422,22162.0,22.162,0.00999999999999801,-26.442748091603054,-5.442748091603053,-224.22137404580153,1.5179238525390624,2.5953145996093747,9.349357482910156,-1.5859734417346516,1.7611920594941461,-2.1316854607900795,0.07373499472217437,0.811388091804078,-0.03913401230444217
-1196.0,538.0,-30775.0,-808.0,2980.0,18952.0,23.735575,-3.621985,22173.0,22.173,0.010999999999999233,-9.129770992366412,4.106870229007634,-234.9236641221374,-0.4836287353515625,1.7836802368164062,11.343727465820312,-1.5525312753000218,1.811854605174578,-2.1767875665176626,-0.06070479413245155,-1.7265374895225492,-0.04510210572758314
-1553.0,2006.0,-32768.0,-704.0,6216.0,12664.0,23.820751,-3.48385,22182.0,22.182,0.009000000000000341,-11.854961832061068,15.312977099236642,-250.13740458015266,-0.4213794921875,3.7205893798828122,7.580042456054687,-1.5555083592436978,1.8077338082559433,-2.2160790581485155,0.005083699052100177,-0.4044588138219977,-0.03929149163085276
132.0,1082.0,-32768.0,1952.0,6368.0,13664.0,23.903774,-3.307556,22194.0,22.194,0.012000000000000455,1.0076335877862594,8.259541984732824,-250.13740458015266,1.16837041015625,3.81156904296875,8.17859287109375,-1.561078638280063,1.8007241802967444,-2.268467713656319,0.008953373256452237,-0.46967254736165037,-0.05238865550780368
132.0,1082.0,-32768.0,1952.0,6368.0,13664.0,24.008707,-3.939624,22202.0,22.202,0.008000000000002672,1.0076335877862594,8.259541984732824,-250.13740458015266,1.16837041015625,3.81156904296875,8.17859287109375,-1.5146884891359194,1.854138546419474,-2.3033934839948653,-0.07074701722269924,0.9547420271462534,-0.034925770338546124
1858.0,1977.0,-32768.0,636.0,6448.0,13780.0,24.10071,-3.767908,22212.0,22.212,0.00999999999999801,14.183206106870228,15.091603053435115,-250.13740458015266,0.3806780639648437,3.859453076171875,8.24802471923828,-1.519929047711222,1.8485628761164716,-2.347050696918025,0.007651898686532484,-0.47764540896920615,-0.04365721292315939
1416.0,3049.0,-32768.0,1884.0,1716.0,19288.0,24.186686,-3.607166,22222.0,22.222,0.010000000000001563,10.80916030534351,23.27480916030534,-250.13740458015266,1.1276689819335937,1.0271125122070313,11.544840405273437,-1.5250679321746932,1.843552737026124,-2.3907079098411996,0.00717702077700322,-0.44685335531405185,-0.043657212923174905
-431.0,-160.0,-32768.0,-2076.0,10856.0,12648.0,24.274689,-3.465234,22232.0,22.232,0.00999999999999801,-3.2900763358778624,-1.2213740458015268,-250.13740458015266,-1.2425906616210938,6.497863305664062,7.570465649414062,-1.5289288169765431,1.8401041206605135,-2.4343651227643592,0.005176812367694388,-0.4164561412387183,-0.04365721292315939
-542.0,-1136.0,-32722.0,-488.0,4916.0,16172.0,24.374493,-3.295288,22242.0,22.242,0.010000000000001563,-4.137404580152672,-8.67175572519084,-249.78625954198472,-0.2920926025390625,2.942473840332031,9.679757312011718,-1.5341412651436677,1.8358419997406659,-2.4779610493168533,0.006733148641636003,-0.4885687002811528,-0.043595926552494176
-1140.0,503.0,-30524.0,-884.0,3376.0,18708.0,24.472857,-3.947656,22253.0,22.253,0.010999999999999233,-8.702290076335878,3.8396946564885495,-233.00763358778627,-0.5291185668945312,2.020706201171875,11.197681164550781,-1.4763926206982372,1.8789520043916517,-2.5226953035891118,-0.07206509860045135,1.003406910956653,-0.044734254272258266
903.0,68.0,-27426.0,1028.0,2976.0,14652.0,24.583553,-3.776721,22263.0,22.263,0.010000000000001563,6.893129770992366,0.5190839694656488,-209.3587786259542,0.6153098266601562,1.7812860351562498,8.769960681152343,-1.4811630984557205,1.8756839495777633,-2.5592353036388857,0.005782528884598978,-0.5100874573823116,-0.036540000049774014
3138.0,300.0,-26209.0,1496.0,3492.0,18664.0,24.686228,-3.635791,22272.0,22.272,0.008999999999996788,23.954198473282442,2.2900763358778624,-200.06870229007635,0.8954314208984374,2.090138049316406,11.171344946289063,-1.484261374004819,1.8737126906502777,-2.590662021905262,0.0036722163794272334,-0.4412151185615936,-0.03142671826637615
-217.0,-687.0,-23359.0,2456.0,732.0,16124.0,24.796909,-3.49657,22282.0,22.282,0.010000000000001563,-1.6564885496183206,-5.244274809160306,-178.31297709923663,1.4700398193359374,0.4381389038085937,9.651026892089844,-1.486617686398666,1.87231503637937,-2.621783507399416,0.002739643326855541,-0.4526201866085612,-0.03112148549415413
4073.0,-1251.0,-22700.0,-592.0,592.0,16864.0,24.892025,-3.331775,22292.0,22.292,0.010000000000001563,31.091603053435115,-9.549618320610687,-173.2824427480916,-0.354341845703125,0.354341845703125,10.09395419921875,-1.4924724805599399,1.869080821747584,-2.6520269990179486,0.00668870383223415,-0.4707483946571794,-0.03024349161853242
1469.0,-391.0,-23249.0,1652.0,2972.0,17572.0,25.015537,-3.986609,22303.0,22.303,0.010999999999999233,11.213740458015268,-2.984732824427481,-177.4732824427481,0.9888052856445312,1.7788918334960937,10.517727893066406,-1.4259439997558776,1.9030869951296259,-2.686099423260372,-0.07471585230850264,0.9623254827461777,-0.03407242424242341
1469.0,-391.0,-23249.0,1652.0,2972.0,17572.0,25.112234,-3.834204,22312.0,22.312,0.009000000000000341,11.213740458015268,-2.984732824427481,-177.4732824427481,0.9888052856445312,1.7788918334960937,10.517727893066406,-1.4307786887440603,1.9008017296782005,-2.7139768612769033,0.005347584108355256,-0.4511712340220048,-0.02787743801653125
409.0,418.0,-22756.0,-2808.0,7868.0,13048.0,25.220646,-3.683142,22322.0,22.322,0.00999999999999801,3.122137404580153,3.1908396946564888,-173.70992366412213,-1.6807295654296874,4.709394665527343,7.809885815429687,-1.4345294580885655,1.8991605611847295,-2.7442949623901667,0.00409410609286592,-0.4699569043067642,-0.030318101113263406
1374.0,-1208.0,-22604.0,-1512.0,2528.0,15980.0,25.316093,-3.548169,22332.0,22.332,0.010000000000001563,10.488549618320612,-9.221374045801527,-172.54961832061068,-0.9050082275390624,1.5131354492187499,9.564835632324218,-1.4380498582183665,1.8977453171030807,-2.7744105520177134,0.0037942236207880262,-0.4173345687443273,-0.030115589627546555
-3369.0,520.0,-25042.0,3520.0,2772.0,16796.0,25.425306,-3.403674,22342.0,22.342,0.00999999999999801,-25.717557251908396,3.969465648854962,-191.16030534351145,2.1068974609374997,1.659181750488281,10.053252770996092,-1.4412307715197086,1.8965823896151222,-2.8077743192913265,0.0033868288667874766,-0.45951357853912833,-0.03336376727361321
2682.0,2958.0,-26785.0,-124.0,2428.0,17244.0,25.523844,-3.252026,22352.0,22.352,0.010000000000001563,20.47328244274809,22.580152671755727,-204.46564885496184,-0.07422025146484375,1.4532804077148436,10.321403356933594,-1.446076573064983,1.894998158078036,-2.8434603070887885,0.005098194011537929,-0.453134564776794,-0.03568598779746216
1833.0,741.0,-25824.0,1936.0,4580.0,17944.0,25.625282,-3.894165,22362.0,22.362,0.00999999999999801,13.992366412213741,5.656488549618321,-197.12977099236642,1.158793603515625,2.741360900878906,10.740388647460938,-1.3774964658347835,1.914787701317712,-2.877865942663974,-0.07137826790656016,0.979312640632876,-0.034405635575185195
-7.0,-449.0,-23865.0,-2316.0,4996.0,15692.0,25.742727,-3.73678,22372.0,22.372,0.010000000000001563,-0.05343511450381679,-3.427480916030534,-182.17557251908397,-1.3862427612304686,2.990357873535156,9.392453112792968,-1.3812132925434624,1.9138472306595773,-2.909661578235616,0.003833964767855953,-0.4977695492058132,-0.031795635571642125
358.0,-1244.0,-22077.0,4508.0,-3960.0,22464.0,25.848827,-3.598169,22382.0,22.382,0.010000000000001563,2.732824427480916,-9.49618320610687,-168.5267175572519,2.6982652709960937,-2.370259643554687,13.4458365234375,-1.3842607831426772,1.9131746288579192,-2.9390750392251466,0.003120831962137187,-0.4432182955125147,-0.02941346098953041
-2941.0,-1142.0,-20649.0,908.0,6068.0,18612.0,25.982973,-3.471387,22392.0,22.392,0.00999999999999801,-22.450381679389313,-8.717557251908397,-157.6259541984733,0.5434837768554687,3.632003918457031,11.14022032470703,-1.3835664462495643,1.9133072725570088,-2.9665859580987526,-0.0007068932536428638,-0.4725903756328455,-0.027510918873605912
535.0,6.0,-20245.0,-1976.0,6320.0,16896.0,26.088833,-3.316064,22402.0,22.402,0.010000000000001563,4.083969465648855,0.04580152671755725,-154.54198473282443,-1.1827356201171875,3.782838623046875,10.1131078125,-1.3882527516551593,1.9125436868762227,-2.9935586227603026,0.004748107143526779,-0.4730522292698097,-0.026972664661550173
-73.0,-198.0,-19006.0,2120.0,5312.0,16020.0,26.210512,-3.978003,22412.0,22.412,0.00999999999999801,-0.5572519083969466,-1.5114503816793894,-145.08396946564886,1.2689268798828124,3.1794998046874996,9.588777648925781,-1.3137190252462527,1.9226956362649628,-3.0188805523506823,-0.07522192797841115,0.9785139055195305,-0.02532192959037987
-814.0,-676.0,-19001.0,-1660.0,-4356.0,16216.0,26.314407,-3.82926,22423.0,22.423,0.010999999999999233,-6.213740458015267,-5.1603053435114505,-145.04580152671755,-0.9935936889648437,-2.607285607910156,9.706093530273437,-1.317998673923103,1.9222282133956206,-3.04672734718187,0.004305098946139507,-0.45757560445459794,-0.02784679483118789
-814.0,-676.0,-19001.0,-1660.0,-4356.0,16216.0,26.428396,-3.669031,22432.0,22.432,0.009000000000000341,-6.213740458015267,-5.1603053435114505,-145.04580152671755,-0.9935936889648437,-2.607285607910156,9.706093530273437,-1.3224219401604662,1.9218581282041491,-3.0695110884073897,0.004438721353671984,-0.4966611004770941,-0.022783741225519818
1267.0,1590.0,-20650.0,4848.0,4076.0,17612.0,26.528004,-3.546838,22442.0,22.442,0.010000000000001563,9.67175572519084,12.13740458015267,-157.63358778625954,2.901772412109375,2.4396914916992185,10.541669909667968,-1.3245862579490348,1.921731750078442,-3.0970233395934117,0.0021680043635960433,-0.40172391581486144,-0.027512251186021783
2539.0,1251.0,-22413.0,976.0,4908.0,13748.0,26.638393,-3.38219,22452.0,22.452,0.010000000000001563,19.38167938931298,9.549618320610687,-171.0916030534351,0.584185205078125,2.9376854370117185,8.228871105957031,-1.3297924604959557,1.9215773995172207,-3.1268844575513928,0.005208490093617695,-0.4981444656875885,-0.029861117957980934
201.0,1062.0,-24074.0,-4568.0,7140.0,18228.0,26.735125,-3.239551,22462.0,22.462,0.00999999999999801,1.534351145038168,8.106870229007633,-183.7709923664122,-2.7341782958984373,4.273649963378906,10.91037696533203,-1.3341992122535695,1.9215832554256629,-3.158958546415899,0.004406755648421757,-0.43354653699721396,-0.0320740888645062
1307.0,763.0,-26704.0,1664.0,5292.0,19600.0,26.836138,-3.865735,22472.0,22.472,0.010000000000001563,9.977099236641221,5.824427480916031,-203.84732824427482,0.9959878906249999,3.1675287963867187,11.731588134765625,-1.2644364425011043,1.9191297394481788,-3.194536616908467,-0.06980590078343844,0.9511848485462533,-0.03557807049256784
-1059.0,-255.0,-29529.0,2240.0,452.0,17660.0,26.920637,-3.69635,22482.0,22.482,0.00999999999999801,-8.083969465648854,-1.9465648854961832,-225.41221374045801,1.3407529296874998,0.2705447875976562,10.570400329589843,-1.2725634398509886,1.9197209199137817,-3.233878469948261,0.0081484710386634,-0.4598323481081729,-0.03934185303979412
-612.0,1010.0,-31438.0,-1316.0,3600.0,21476.0,27.034174,-3.546423,22492.0,22.492,0.010000000000001563,-4.67175572519084,7.709923664122138,-239.98473282442748,-0.7876923461914062,2.1547814941406247,12.854468713378905,-1.2760342604680688,1.9201156036484963,-3.2757637073713193,0.0034931892314039575,-0.4771835553322443,-0.04188523742305825
-1429.0,-977.0,-32768.0,-356.0,8480.0,18112.0,27.118467,-3.384326,22502.0,22.502,0.00999999999999801,-10.908396946564885,-7.458015267175573,-250.13740458015266,-0.21308394775390624,5.0757075195312495,10.8409451171875,-1.2834122143492714,1.9212759902696126,-3.319420920294479,0.007468647841719259,-0.4462592847535551,-0.04365721292315939
2391.0,354.0,-32768.0,-1188.0,10416.0,18640.0,27.207287,-4.0,22512.0,22.512,0.010000000000001563,18.251908396946565,2.7022900763358777,-250.13740458015266,-0.7110778930664062,6.234501123046875,11.156979736328124,-1.217129067951106,1.9078634077522618,-3.3630781332176536,-0.06762656923299729,0.954233082550225,-0.043657212923174905
1775.0,877.0,-32768.0,2168.0,7264.0,14120.0,27.301548,-3.830981,22522.0,22.522,0.00999999999999801,13.549618320610687,6.694656488549619,-250.13740458015266,1.2976572998046874,4.347870214843749,8.451531860351562,-1.2240939433600977,1.9095923135472415,-3.406735346140813,0.007176252832132617,-0.47685029623733294,-0.04365721292315939
1019.0,-2629.0,-32768.0,4780.0,-1328.0,18196.0,27.385519,-3.663135,22532.0,22.532,0.010000000000001563,7.778625954198473,-20.068702290076335,-250.13740458015266,2.8610709838867185,-0.7948749511718749,10.89122335205078,-1.2318161068345361,1.9118712579490238,-3.450392559063988,0.008051422005606504,-0.4560886168626398,-0.043657212923174905
-1091.0,-890.0,-32768.0,-984.0,9084.0,23044.0,27.481983,-3.506592,22542.0,22.542,0.010000000000001563,-8.32824427480916,-6.793893129770993,-250.13740458015266,-0.5889736083984375,5.437231970214843,13.792995764160155,-1.2372709181970187,1.9137434979605539,-3.4940497719871626,0.0057671699871811154,-0.458243933835155,-0.043657212923174905
2705.0,1350.0,-32768.0,4824.0,4068.0,20856.0,27.568905,-3.338696,22552.0,22.552,0.00999999999999801,20.64885496183206,10.305343511450381,-250.13740458015266,2.887407202148437,2.4349030883789062,12.483367456054687,-1.2445057353997169,1.9165853476245542,-3.537706984910322,0.007772945996804247,-0.4615240002529833,-0.04365721292315939
-4018.0,1918.0,-32768.0,1012.0,8800.0,16292.0,27.65909,-3.980298,22564.0,22.564,0.012000000000000455,-30.671755725190838,14.641221374045802,-250.13740458015266,0.6057330200195312,5.267243652343749,9.751583361816406,-1.1804307243209171,1.8877935952734233,-3.590095640418126,-0.07024650915310439,0.998721360529864,-0.05238865550780368
-4018.0,1918.0,-32768.0,1012.0,8800.0,16292.0,27.760595,-3.810193,22572.0,22.572,0.007999999999999119,-30.671755725190838,14.641221374045802,-250.13740458015266,0.6057330200195312,5.267243652343749,9.751583361816406,-1.1863137981961307,1.8907522001662012,-3.6250214107566565,0.006585127267774648,-0.49193751504490263,-0.034925770338530615
1455.0,2268.0,-29270.0,-696.0,8308.0,22004.0,27.860853,-3.642517,22582.0,22.582,0.010000000000001563,11.106870229007633,17.31297709923664,-223.4351145038168,-0.4165910888671875,4.972756848144531,13.17050333251953,-1.1919841108262001,1.8938714920745936,-3.664018194883284,0.006471663413102451,-0.4852795779096549,-0.03899678412662749
1839.0,2850.0,-27959.0,3476.0,6632.0,16172.0,27.96697,-3.5146,22592.0,22.592,0.00999999999999801,14.038167938931299,21.755725190839694,-213.42748091603053,2.080561242675781,3.9695863525390624,9.679757312011718,-1.193777863363111,1.8949492837563917,-3.7012683174454977,0.0020926497731410566,-0.42388021205411924,-0.03725012256221355
329.0,-795.0,-27768.0,5756.0,-1348.0,17860.0,28.057713,-3.345776,22602.0,22.602,0.010000000000001563,2.5114503816793894,-6.068702290076335,-211.96946564885496,3.4452561889648434,-0.8068459594726562,10.690110412597656,-1.2000548420042527,1.8990453954258943,-3.738263968338159,0.007495237932873357,-0.4701253450449562,-0.03699565089266116
578.0,-1329.0,-25737.0,-148.0,6108.0,14504.0,28.16333,-3.99635,22612.0,22.612,0.00999999999999801,4.412213740458015,-10.145038167938932,-196.46564885496184,-0.08858546142578125,3.6559459350585937,8.681375219726561,-1.1407164341499667,1.8572346980037076,-3.772553692734013,-0.07258912498171632,0.9870210683933811,-0.034289724395854294
451.0,2655.0,-24197.0,-3900.0,3576.0,15956.0,28.263634,-3.845654,22623.0,22.623,0.011000000000002785,3.4427480916030535,20.267175572519083,-184.70992366412213,-2.3343466186523436,2.1404162841796874,9.550470422363281,-1.1445711442196862,1.8601571171985312,-3.8080154523535317,0.0048372847416572745,-0.45460887403361955,-0.0354617596195185
341.0,818.0,-23168.0,2792.0,-796.0,17084.0,28.372025,-3.683569,22632.0,22.632,0.009000000000000341,2.6030534351145036,6.244274809160306,-176.85496183206106,1.6711527587890624,-0.47644613037109373,10.225635290527343,-1.148577937035071,1.8633993302541834,-3.835795764795658,0.005154253987112023,-0.48988362475345526,-0.027780312442126368
-1776.0,684.0,-19794.0,1884.0,2180.0,18284.0,28.482275,-3.565393,22642.0,22.642,0.00999999999999801,-13.557251908396946,5.221374045801527,-151.09923664122138,1.1276689819335937,1.3048399047851562,10.943895788574219,-1.1491562230650534,1.8638937641469318,-3.8621675565620466,0.0007608413808218341,-0.41372305442232427,-0.02637179176638846
429.0,-747.0,-17736.0,-2352.0,4760.0,15996.0,28.605833,-3.425232,22652.0,22.652,0.010000000000001563,3.2748091603053435,-5.702290076335878,-135.38931297709922,-1.407790576171875,2.849099975585937,9.574412438964844,-1.1503413189300231,1.8649594385979391,-3.885797449396685,0.001593773586397479,-0.4776454089692077,-0.02362989283463837
332.0,539.0,-16450.0,-716.0,1992.0,17524.0,28.722296,-3.293457,22662.0,22.662,0.00999999999999801,2.5343511450381677,4.114503816793893,-125.57251908396947,-0.4285620971679687,1.1923124267578125,10.488997473144531,-1.151411602031414,1.8659668822767876,-3.9077139884770675,0.0014698464828595652,-0.449606365228513,-0.021916539080382453
452.0,502.0,-13351.0,2124.0,-308.0,22108.0,28.85363,-3.956238,22672.0,22.672,0.010000000000001563,3.450381679389313,3.83206106870229,-101.91603053435115,1.2713210815429687,-0.18435352783203124,13.232752575683593,-1.0969524055229463,1.812627001338082,-3.9255016914109455,-0.07622956764211113,0.9625518815878258,-0.017787702933877814
1914.0,173.0,-11619.0,6280.0,2712.0,15160.0,28.989784,-3.814355,22682.0,22.682,0.00999999999999801,14.610687022900763,1.3206106870229009,-88.69465648854961,3.758896606445312,1.6232687255859375,9.074024291992187,-1.0973388366400212,1.813018294025922,-3.940981829257448,0.000549944520657035,-0.5035780378871929,-0.01548013784650235
-1616.0,1038.0,-10520.0,-1084.0,556.0,17452.0,29.121044,-3.683179,22692.0,22.692,0.010000000000001563,-12.335877862595419,7.923664122137405,-80.30534351145039,-0.6488286499023437,0.3327940307617187,10.445901843261717,-1.0973332559183613,1.8130124738621525,-3.9549977557696487,-8.063421144316463e-06,-0.4753216512585134,-0.01401592651220093
-230.0,412.0,-10760.0,556.0,240.0,21124.0,29.242624,-3.562622,22702.0,22.702,0.010000000000001563,-1.7557251908396947,3.145038167938931,-82.13740458015268,0.3327940307617187,0.143652099609375,12.643778967285156,-1.0972663022952938,1.8129406362744258,-3.9693334372593143,-9.820095036329121e-05,-0.43855629056524703,-0.014335681489665589
-230.0,412.0,-10760.0,556.0,240.0,21124.0,29.367744,-3.439355,22712.0,22.712,0.00999999999999801,-1.7557251908396947,3.145038167938931,-82.13740458015268,0.3327940307617187,0.143652099609375,12.643778967285156,-1.0971469043620088,1.8128087888958784,-3.983669118748975,-0.00017787523071688405,-0.44987623264776,-0.014335681489660496
-326.0,-1790.0,-12722.0,3468.0,2740.0,16076.0,29.478811,-3.291284,22723.0,22.723,0.010999999999999233,-2.4885496183206106,-13.664122137404581,-97.1145038167939,2.0757728393554684,1.6400281372070311,9.622296472167967,-1.099487514472641,1.8154807104412045,-4.002313765022454,0.003552129000243688,-0.4693483442204158,-0.01864464627347889
1222.0,-572.0,-14443.0,-1588.0,-1428.0,16012.0,29.595898,-3.956641,22732.0,22.732,0.009000000000000341,9.32824427480916,-4.366412213740458,-110.25190839694656,-0.9504980590820312,-0.8547299926757812,9.583989245605467,-1.0510195197844265,1.7581025766894045,-4.01963209429566,-0.07510923206860959,0.9930215432924787,-0.017318329273205764
-632.0,412.0,-18569.0,5220.0,5392.0,16884.0,29.703947,-3.798535,22742.0,22.742,0.010000000000001563,-4.824427480916031,3.145038167938931,-141.74809160305344,3.124433166503906,3.227383837890625,10.105925207519531,-1.0540423960065928,1.761837742725061,-4.044371803364582,0.00480512705018926,-0.4820574695952899,-0.024739709068921964
-1075.0,1211.0,-20586.0,1172.0,5324.0,17504.0,29.817888,-3.642493,22752.0,22.752,0.00999999999999801,-8.206106870229007,9.244274809160306,-157.14503816793894,0.7015010864257812,3.1866824096679687,10.47702646484375,-1.0565020234473248,1.7650444847334221,-4.071798786556603,0.004041405876101703,-0.4889907077219859,-0.027426983192021463
-135.0,-60.0,-24765.0,-1716.0,2740.0,16792.0,29.916483,-3.513391,22762.0,22.762,0.010000000000001563,-1.0305343511450382,-0.4580152671755725,-189.04580152671755,-1.0271125122070313,1.6400281372070311,10.050858569335936,-1.058213303337355,1.7674209126174407,-4.104793503293738,0.0029284617719825545,-0.41240269637781823,-0.0329947167371346
-233.0,152.0,-27071.0,992.0,6060.0,16376.0,30.02952,-3.34198,22772.0,22.772,0.00999999999999801,-1.7786259541984732,1.1603053435114503,-206.64885496183206,0.59376201171875,3.6272155151367187,9.801861596679688,-1.0613288334160962,1.7720784553215134,-4.140860532439333,0.005603501736575237,-0.5151895816777503,-0.03606702914559473
3210.0,2089.0,-27891.0,1032.0,2028.0,20644.0,30.134819,-3.987769,22783.0,22.783,0.011000000000002785,24.50381679389313,15.946564885496183,-212.9083969465649,0.6177040283203125,1.2138602416992186,12.356474768066406,-1.0235764451247555,1.7106531981184978,-4.18173601028981,-0.07209927214720532,0.9789304793881692,-0.04087547785047694
3210.0,2089.0,-27891.0,1032.0,2028.0,20644.0,30.2316,-3.824255,22792.0,22.792,0.009000000000000341,24.50381679389313,15.946564885496183,-212.9083969465649,0.6177040283203125,1.2138602416992186,12.356474768066406,-1.0267256176520771,1.7162315824193894,-4.215179583076557,0.00640590813353358,-0.47144389189872704,-0.03344357278674666
726.0,-173.0,-27913.0,656.0,1676.0,21516.0,30.33971,-3.670117,22802.0,22.802,0.00999999999999801,5.541984732824427,-1.3206106870229009,-213.0763358778626,0.39264907226562495,1.0031704956054688,12.878410729980468,-1.028760499332013,1.7201534770130666,-4.252368419268089,0.004418370814593743,-0.47498114740066977,-0.03718883619153285
-2018.0,-850.0,-27383.0,-1500.0,6728.0,19740.0,30.439819,-3.535339,22813.0,22.813,0.010999999999999233,-15.404580152671755,-6.488549618320611,-209.03053435114504,-0.8978256225585937,4.027047192382812,11.815385192871092,-1.0301778842366183,1.7231645407451206,-4.292499400946023,0.0033279850910565324,-0.42542515774953826,-0.04013098167793369
-278.0,595.0,-26852.0,3028.0,4920.0,15828.0,30.569078,-3.378113,22822.0,22.822,0.009000000000000341,-2.122137404580153,4.541984732824427,-204.9770992366412,1.8124106567382812,2.9448680419921875,9.473855969238281,-1.0312326978445974,1.7256332765130524,-4.324697128401824,0.002684639275478797,-0.5188789772012805,-0.03219772745580012
51.0,972.0,-25937.0,5776.0,2072.0,17932.0,30.697702,-3.249658,22832.0,22.832,0.010000000000001563,0.3893129770992366,7.419847328244275,-197.99236641221373,3.4572271972656248,1.2401964599609374,10.733206042480468,-1.0312268251593748,1.7256181539485675,-4.359253315278911,-1.6222835397167873e-05,-0.4656191025007472,-0.03455618687708702
1251.0,-177.0,-22620.0,2532.0,852.0,16256.0,30.846203,-3.906201,22843.0,22.843,0.010999999999999233,9.549618320610687,-1.3511450381679388,-172.67175572519085,1.5155296508789062,0.5099649536132812,9.730035546875,-1.005706129989517,1.65267510813072,-4.392403912567552,-0.0772786763288387,0.9201609624772396,-0.03315059728864113
-1076.0,-395.0,-21519.0,2848.0,0.0,16904.0,30.999781,-3.769067,22852.0,22.852,0.009000000000000341,-8.213740458015268,-3.015267175572519,-164.26717557251908,1.70467158203125,0.0,10.117896215820313,-1.0052289779169101,1.651170441432386,-4.4182069401677815,-0.0015785106820887032,-0.5265348804305203,-0.02580302760022951
