timestamp_s,dt,x_odom,y_odom,theta_odom,x_ins,y_ins,theta_ins,x_fused,y_fused,theta_fused
22.202911,0.0,0.0,0.0,0.0,0.0,0.0,0.0,0.0,0.0,0.0
22.212943,0.01003199999999893,0.0,0.0,0.0,-0.004698620681441186,-0.005541962855033193,0.0,0.0,0.0,0.0
22.223107,0.010163999999999618,0.0,0.0,0.0,-0.013787464934042964,-0.016598278057302435,1.3541623295625723e-06,0.0,0.0,1.3541623295625723e-06
22.232932,0.00982500000000286,0.0,0.0,0.0,-0.02592434990725546,-0.03329477281425529,-5.190822365418068e-06,0.0,0.0,-5.190822365418068e-06
22.242916,0.009983999999999327,0.0,0.0,0.0,-0.044343481570349855,-0.05909159550848278,-1.5832268015439567e-05,0.0,0.0,-1.5832268015439567e-05
22.252951,0.010034999999998462,0.0,0.0,0.0,-0.06490631863342809,-0.09490519637208189,-2.7865047511152827e-05,0.0,0.0,-2.7865047511152827e-05
22.262924,0.00997300000000223,0.0,0.0,0.0,-0.08308023887454344,-0.14002277312604375,-3.716605364939736e-05,0.0,0.0,-3.716605364939736e-05
22.272916,0.009991999999996892,0.0,0.0,0.0,-0.09901837366863073,-0.1947879007845584,-4.648477954263808e-05,0.0,0.0,-4.648477954263808e-05
22.282938,0.010022000000002862,0.0,0.0,0.0,-0.116087199211176,-0.2600577971845063,-6.784867543697965e-05,0.0,0.0,-6.784867543697965e-05
22.292934,0.009995999999997451,0.0,0.0,0.0,-0.13658125405533517,-0.33448802395850563,-7.450757284267845e-05,0.0,0.0,-7.450757284267845e-05
22.302995,0.01006100000000032,0.0,0.0,0.0,-0.15830003069045745,-0.41788437737021267,-0.00010399724210183427,0.0,0.0,-0.00010399724210183427
22.313071,0.010076000000001528,0.0,0.0,0.0,-0.18381942012810673,-0.5077246131324568,-9.460017623911039e-05,0.0,0.0,-9.460017623911039e-05
22.322962,0.00989099999999965,0.0,0.0,0.0,-0.20734861238040725,-0.60294240044951,-0.00011963819005575397,0.0,0.0,-0.00011963819005575397
22.332945,0.009982999999998299,0.0,0.0,0.0,-0.23407985103332757,-0.7059651814761977,-8.771705065546738e-05,0.0,0.0,-8.771705065546738e-05
22.34292,0.009975000000000733,0.0,0.0,0.0,-0.25805085583111514,-0.81795817026149,-8.505908740529261e-05,0.0,0.0,-8.505908740529261e-05
22.352929,0.010009000000000157,0.0,0.0,0.0,-0.28342360903659974,-0.9377681276198976,-0.00011572985161245787,0.0,0.0,-0.00011572985161245787
22.362987,0.010058000000000789,0.0,0.0,0.0,-0.30662012266102145,-1.0642199524176463,-8.222885616100684e-05,0.0,0.0,-8.222885616100684e-05
22.37297,0.009982999999998299,0.0,0.0,0.0,-0.3326264117295487,-1.197364213228763,-2.104667231045758e-05,0.0,0.0,-2.104667231045758e-05
22.382928,0.009958000000001022,0.0,0.0,0.0,-0.3396968276607217,-1.3655515468546893,-0.00010197639064427745,0.0,0.0,-0.00010197639064427745
22.392907,0.009979000000001292,0.0,0.0,0.0,-0.2648842153324223,-1.538584230682083,0.00047902146772752825,0.0,0.0,0.00047902146772752825
22.402947,0.010040000000000049,0.0,0.0,0.0,-0.21049026080298866,-1.712443965935374,0.0005111248674649752,0.0,0.0,0.0005111248674649752
22.412911,0.009964000000000084,0.0,0.0,0.0,-0.17706918125650983,-1.8847610963911803,0.0005429852534195493,0.0,0.0,0.0005429852534195493
22.422918,0.0100069999999981,0.0,0.0,0.0,-0.41845577609506984,-2.0037620017703084,0.005689311049095672,0.0,0.0,0.005689311049095672
22.432976,0.010058000000000789,9.635975509647318,0.7049173600470547,0.1460493333755983,-1.5016033777442797,-2.1893355392703717,0.008456493273385528,0.0,0.0,0.008456493273385528
22.443013,0.010037000000000518,9.635975509647318,0.7049173600470547,0.1460493333755983,-2.5560255450711313,-2.407522866922514,0.0016071399439949452,0.0,0.0,0.0016071399439949452
22.452957,0.009944000000000841,2.691061272317789,0.17070974394364513,0.0074897094038768874,-3.7030735809380264,-2.6343120039925427,-0.00029402189626692287,0.0,0.0,-0.00029402189626692287
22.462918,0.009960999999997,2.691061272317789,0.17070974394364513,0.0074897094038768874,-4.71558064809854,-2.890534040997871,-0.007419309781926701,0.0,0.0,-0.007419309781926701
22.472905,0.00998700000000241,2.691061272317789,0.17070974394364513,0.0074897094038768874,-6.382117754417977,-2.990369473665817,-0.01854296192571711,0.0,0.0,-0.01854296192571711
22.483025,0.010120000000000573,2.691061272317789,0.17070974394364513,0.0074897094038768874,-8.647799881400209,-3.069655146612378,-0.02601254478428331,0.0,0.0,-0.02601254478428331
22.492908,0.009882999999998532,2.691061272317789,0.17070974394364513,0.0074897094038768874,-10.852906295743429,-3.0890814093747085,-0.03475954464765045,0.0,0.0,-0.03475954464765045
22.503062,0.010153999999999996,2.691061272317789,0.17070974394364513,0.0074897094038768874,-13.352810176112957,-3.133707363561559,-0.04020333263668829,0.0,0.0,-0.04020333263668829
22.512972,0.009910000000001418,2.691061272317789,0.17070974394364513,0.0074897094038768874,-16.052968990156955,-3.198540010969485,-0.04117772997339077,0.0,0.0,-0.04117772997339077
22.523079,0.010106999999997868,2.691061272317789,0.17070974394364513,0.0074897094038768874,-18.945375610671235,-3.365545499611988,-0.04032535233517026,0.0,0.0,-0.04032535233517026
22.532911,0.009831999999999397,2.691061272317789,0.17070974394364513,0.0074897094038768874,-22.17745025530153,-3.5582071587752013,-0.03740813921021704,0.0,0.0,-0.03740813921021704
22.542926,0.010015000000002772,2.691061272317789,0.17070974394364513,0.0074897094038768874,-25.739640643172127,-3.7784406498778185,-0.031286320917038084,0.0,0.0,-0.031286320917038084
22.553131,0.010204999999999131,2.691061272317789,0.17070974394364513,0.0074897094038768874,-29.549596971584545,-4.034568009753058,-0.023297165530965926,0.0,0.0,-0.023297165530965926
22.563532,0.010400999999998106,-11.277083012598666,-2.1250609179476125,0.3183126496647656,-33.49561632103503,-4.318536715189085,-0.014453384762413684,-14.15407224944451,0.20458849857632663,-0.014453384762413684
22.572995,0.009463000000000221,-11.277083012598666,-2.1250609179476125,0.3183126496647656,-37.30094902754157,-4.584613943735209,-0.003987755987056411,-14.15407224944451,0.20458849857632663,-0.003987755987056411
22.583123,0.010128000000001691,-2.887923777947071,1.0998240335150409,0.4156788719151645,-41.50867519736558,-5.059840081350749,0.006316002826366705,-14.15407224944451,0.20458849857632663,0.006316002826366705
22.592921,0.009797999999999973,-2.887923777947071,1.0998240335150409,0.4156788719151645,-45.70384427675978,-5.699074284740814,0.016284034901199108,-14.15407224944451,0.20458849857632663,0.016284034901199108
22.603024,0.010103000000000861,-2.887923777947071,1.0998240335150409,0.4156788719151645,-50.105181110701,-6.390431691090944,0.025294394689888727,-14.15407224944451,0.20458849857632663,0.025294394689888727
22.612926,0.0099020000000003,-2.887923777947071,1.0998240335150409,0.4156788719151645,-54.47374739490866,-7.0550095902427055,0.032329985575428696,-14.15407224944451,0.20458849857632663,0.032329985575428696
22.623134,0.010207999999998663,-2.887923777947071,1.0998240335150409,0.4156788719151645,-59.13015459040904,-7.855924627512937,0.037283194819540434,-14.15407224944451,0.20458849857632663,0.037283194819540434
22.632955,0.009820999999998747,-2.887923777947071,1.0998240335150409,0.4156788719151645,-63.57791627256994,-8.707195908830933,0.0413485925111414,-14.15407224944451,0.20458849857632663,0.0413485925111414
22.643069,0.01011400000000151,-2.887923777947071,1.0998240335150409,0.4156788719151645,-68.13191115698689,-9.674372941238616,0.044496354304096875,-14.15407224944451,0.20458849857632663,0.044496354304096875
22.653073,0.01000399999999857,-2.887923777947071,1.0998240335150409,0.4156788719151645,-72.51535470566932,-10.571009774898998,0.047943092330230426,-14.15407224944451,0.20458849857632663,0.047943092330230426
22.662983,0.009910000000001418,-2.887923777947071,1.0998240335150409,0.4156788719151645,-76.77658851582767,-11.686972355871255,0.051261060497077765,-14.15407224944451,0.20458849857632663,0.051261060497077765
22.672927,0.009944000000000841,-14.041017833030725,-6.066127308231341,0.7265018121760531,-80.87694136549251,-12.80537193801748,0.05516009833393538,-27.39069521779764,-0.5262863385097224,0.05516009833393538
22.682948,0.010020999999998281,-14.041017833030725,-6.066127308231341,0.7265018121760531,-85.01919810092566,-13.92581743563387,0.060165426706754954,-27.39069521779764,-0.5262863385097224,0.060165426706754954
22.692997,0.010048999999998642,-14.041017833030725,-6.066127308231341,0.7265018121760531,-89.28548727295329,-15.050676505797606,0.06517670758494269,-27.39069521779764,-0.5262863385097224,0.06517670758494269
22.70293,0.009933000000000192,-14.041017833030725,-6.066127308231341,0.7265018121760531,-93.46839615259401,-16.178144874343424,0.07029556429635583,-27.39069521779764,-0.5262863385097224,0.07029556429635583
22.712939,0.010009000000000157,-14.041017833030725,-6.066127308231341,0.7265018121760531,-97.74421564177509,-17.388806746237805,0.07495351992138315,-27.39069521779764,-0.5262863385097224,0.07495351992138315
22.723035,0.010096000000000771,-14.041017833030725,-6.066127308231341,0.7265018121760531,-101.99433014910154,-18.648649089329588,0.07800555773258473,-27.39069521779764,-0.5262863385097224,0.07800555773258473
22.732932,0.009897000000002265,-14.041017833030725,-6.066127308231341,0.7265018121760531,-106.0908100611603,-19.887982755802767,0.07937425372526088,-27.39069521779764,-0.5262863385097224,0.07937425372526088
22.743052,0.01011999999999702,-14.041017833030725,-6.066127308231341,0.7265018121760531,-110.18810998427897,-21.21912352886325,0.07853965592933113,-27.39069521779764,-0.5262863385097224,0.07853965592933113
22.752939,0.009887000000002644,-7.424606698115115,0.3440489187736251,0.8126334703206367,-114.16959967078306,-22.5968491499733,0.0758155678827411,-27.39069521779764,-0.5262863385097224,0.0758155678827411
22.762961,0.01002199999999931,-17.707563072938477,-13.56973286467762,1.0560490259466337,-118.14969636376753,-23.907074494459675,0.07322118977507291,-44.64556575058174,-1.7919712206502827,0.07322118977507291
22.772937,0.009975999999998209,-17.707563072938477,-13.56973286467762,1.0560490259466337,-122.03615271290707,-25.14763423722112,0.07107599839696008,-44.64556575058174,-1.7919712206502827,0.07107599839696008
22.782921,0.00998400000000288,-17.707563072938477,-13.56973286467762,1.0560490259466337,-126.18362013221385,-26.434584420650907,0.07198584200003724,-44.64556575058174,-1.7919712206502827,0.07198584200003724
22.792909,0.009987999999999886,-17.707563072938477,-13.56973286467762,1.0560490259466337,-130.5374051279962,-27.786942688429278,0.07354144623492781,-44.64556575058174,-1.7919712206502827,0.07354144623492781
22.80301,0.010100999999998805,-17.707563072938477,-13.56973286467762,1.0560490259466337,-135.1205206859601,-29.328916183929366,0.07796902545994702,-44.64556575058174,-1.7919712206502827,0.07796902545994702
22.812936,0.009926000000000101,-17.707563072938477,-13.56973286467762,1.0560490259466337,-139.7973878469248,-31.013257444063814,0.08231989679818545,-44.64556575058174,-1.7919712206502827,0.08231989679818545
22.82295,0.010013999999998191,-17.707563072938477,-13.56973286467762,1.0560490259466337,-144.56280020820694,-32.70754764496156,0.08845444560286439,-44.64556575058174,-1.7919712206502827,0.08845444560286439
22.833013,0.010063000000002376,-17.707563072938477,-13.56973286467762,1.0560490259466337,-149.61726593413755,-34.4596171278626,0.0952102630071671,-44.64556575058174,-1.7919712206502827,0.0952102630071671
22.842917,0.009903999999998803,-17.707563072938477,-13.56973286467762,1.0560490259466337,-154.59403587311866,-36.38608561661416,0.102821267097165,-44.64556575058174,-1.7919712206502827,0.102821267097165
22.853094,0.01017699999999877,-17.707563072938477,-13.56973286467762,1.0560490259466337,-159.7359048501326,-38.36472073470468,0.1090177042112701,-44.64556575058174,-1.7919712206502827,0.1090177042112701
22.86308,0.009986000000001383,-22.211319174984993,-25.55913462802651,1.3668719662075226,-164.5297908542696,-40.35139172504281,0.11225734306713785,-57.37235594299934,-3.2266785315321087,0.11225734306713785
22.873062,0.009982000000000824,-22.211319174984993,-25.55913462802651,1.3668719662075226,-169.22102124937643,-42.31847720571983,0.11450888788184328,-57.37235594299934,-3.2266785315321087,0.11450888788184328
22.882907,0.00984499999999855,-22.211319174984993,-25.55913462802651,1.3668719662075226,-173.82159628228266,-44.18965928741005,0.11489845136629419,-57.37235594299934,-3.2266785315321087,0.11489845136629419
22.892958,0.010051000000000698,-22.211319174984993,-25.55913462802651,1.3668719662075226,-178.4883290206343,-46.060022155427696,0.11423291508820543,-57.37235594299934,-3.2266785315321087,0.11423291508820543
22.902944,0.009986000000001383,-20.76988152965802,-16.460260352484,1.4604933337559831,-183.0132421831068,-47.89515882401328,0.11202703368244415,-57.37235594299934,-3.2266785315321087,0.11202703368244415
22.913008,0.01006399999999985,-20.76988152965802,-16.460260352484,1.4604933337559831,-187.56603971478967,-49.73819097055792,0.11042875334948628,-57.37235594299934,-3.2266785315321087,0.11042875334948628
22.922903,0.00989500000000021,-20.76988152965802,-16.460260352484,1.4604933337559831,-192.2034269218808,-51.64698437684696,0.10813750775677898,-57.37235594299934,-3.2266785315321087,0.10813750775677898
22.932929,0.010025999999999868,-20.76988152965802,-16.460260352484,1.4604933337559831,-196.90285345313893,-53.53197231518334,0.10890557919733505,-57.37235594299934,-3.2266785315321087,0.10890557919733505
22.942921,0.009991999999996892,-20.2376202685086,-29.93122609672551,1.7600817099110564,-201.5870212246993,-55.36182470404219,0.10967104596713698,-70.77283826230537,-4.702244098565653,0.10967104596713698
22.952994,0.010073000000001997,-20.2376202685086,-29.93122609672551,1.7600817099110564,-206.28570717104245,-57.155230431802025,0.11182501741723808,-70.77283826230537,-4.702244098565653,0.11182501741723808
22.962939,0.009944999999998316,-20.2376202685086,-29.93122609672551,1.7600817099110564,-210.82414265896895,-58.91614330078693,0.11496920608155063,-70.77283826230537,-4.702244098565653,0.11496920608155063
22.973078,0.01013900000000234,-20.2376202685086,-29.93122609672551,1.7600817099110564,-215.2141336955958,-60.677244123567064,0.11850027974945426,-70.77283826230537,-4.702244098565653,0.11850027974945426
22.982948,0.00986999999999938,-20.2376202685086,-29.93122609672551,1.7600817099110564,-219.66687390270752,-62.39318861135505,0.12220724316951065,-70.77283826230537,-4.702244098565653,0.12220724316951065
22.992903,0.009954999999997938,-20.2376202685086,-29.93122609672551,1.7600817099110564,-223.98800210393424,-64.01827680071821,0.12294467542166344,-70.77283826230537,-4.702244098565653,0.12294467542166344
23.00295,0.01004700000000014,-20.2376202685086,-29.93122609672551,1.7600817099110564,-228.39552690619766,-65.68551543127619,0.12217231806532816,-70.77283826230537,-4.702244098565653,0.12217231806532816
23.012939,0.009989000000000914,-20.2376202685086,-29.93122609672551,1.7600817099110564,-232.7688751437151,-67.435921635858,0.1207483119225003,-70.77283826230537,-4.702244098565653,0.1207483119225003
23.022962,0.010023000000000337,-20.2376202685086,-29.93122609672551,1.7600817099110564,-236.8106105180735,-69.26752620675492,0.11854360495012523,-70.77283826230537,-4.702244098565653,0.11854360495012523
23.032926,0.009964000000000084,-15.7580015667936,-42.40822020272172,2.0709046501719452,-240.58550426693617,-70.99436576410429,0.11636249602831834,-83.93997516453346,-6.241357944842894,0.11636249602831834
23.043008,0.01008200000000059,-15.7580015667936,-42.40822020272172,2.0709046501719452,-244.29436816602944,-72.74060888464436,0.11513477707411929,-83.93997516453346,-6.241357944842894,0.11513477707411929
23.052958,0.009949999999999903,-15.7580015667936,-42.40822020272172,2.0709046501719452,-247.66766834570254,-74.22229619896203,0.1134763878681852,-83.93997516453346,-6.241357944842894,0.1134763878681852
23.062935,0.009976999999999236,-15.7580015667936,-42.40822020272172,2.0709046501719452,-251.33212391659066,-75.6850872369216,0.11473917355137518,-83.93997516453346,-6.241357944842894,0.11473917355137518
23.072935,0.010000000000001563,-15.7580015667936,-42.40822020272172,2.0709046501719452,-255.14734458498683,-77.17200520039378,0.11817520724671417,-83.93997516453346,-6.241357944842894,0.11817520724671417
23.08291,0.00997499999999718,-15.7580015667936,-42.40822020272172,2.0709046501719452,-258.94958575482684,-78.64325763911455,0.12319477084466743,-83.93997516453346,-6.241357944842894,0.12319477084466743
23.092937,0.010027000000000896,-15.7580015667936,-42.40822020272172,2.0709046501719452,-263.00216785412965,-80.26882327788732,0.1299184041110999,-83.93997516453346,-6.241357944842894,0.1299184041110999
23.102979,0.010042000000002105,-15.7580015667936,-42.40822020272172,2.0709046501719452,-267.29102674994374,-82.04545683663959,0.13665209567004305,-83.93997516453346,-6.241357944842894,0.13665209567004305
23.112953,0.009973999999999705,-15.7580015667936,-42.40822020272172,2.0709046501719452,-271.61707820323466,-83.7871246699322,0.14321660673564543,-83.93997516453346,-6.241357944842894,0.14321660673564543
23.122947,0.009993999999998948,-8.106630894931483,-52.39727236227163,2.3779827357308956,-275.80439357516883,-85.42434270218958,0.14586232310372035,-83.93997516453346,-6.241357944842894,0.14586232310372035
23.132919,0.009972000000001202,-8.106630894931483,-52.39727236227163,2.3779827357308956,-279.91424821700156,-87.01749197632876,0.14746857865874138,-83.93997516453346,-6.241357944842894,0.14746857865874138
23.142978,0.010058999999998264,-8.106630894931483,-52.39727236227163,2.3779827357308956,-283.9271363283592,-88.68337034723098,0.14792423749550282,-83.93997516453346,-6.241357944842894,0.14792423749550282
23.152926,0.0099480000000014,-8.106630894931483,-52.39727236227163,2.3779827357308956,-287.8329154638704,-90.2774294488162,0.14787784904214712,-83.93997516453346,-6.241357944842894,0.14787784904214712
23.162957,0.010030999999997903,-8.106630894931483,-52.39727236227163,2.3779827357308956,-291.6678153010989,-91.95446294856015,0.1469837689597657,-83.93997516453346,-6.241357944842894,0.1469837689597657
23.172923,0.00996600000000214,-8.106630894931483,-52.39727236227163,2.3779827357308956,-295.51787576709654,-93.58299832985027,0.14568785319689775,-83.93997516453346,-6.241357944842894,0.14568785319689775
23.183061,0.01013799999999776,-8.106630894931483,-52.39727236227163,2.3779827357308956,-299.3857177106036,-95.14663392692711,0.14267174385435244,-83.93997516453346,-6.241357944842894,0.14267174385435244
23.192923,0.009862000000001814,-8.106630894931483,-52.39727236227163,2.3779827357308956,-303.2444560067418,-96.79674189407808,0.1422486595229951,-83.93997516453346,-6.241357944842894,0.1422486595229951
23.202933,0.010010000000001185,2.913885313605764,-60.16247954753182,2.677571111885969,-307.10228761447945,-98.47869674339628,0.14230733989060948,-97.28517306182482,-8.153402195057554,0.14230733989060948
23.21298,0.01004700000000014,19.600171880185783,-64.73417025688552,3.070780855589503,-310.9591949098369,-100.09385089724962,0.1438815032373171,-114.40762647903085,-10.634148917242122,0.1438815032373171
23.223134,0.010153999999999996,19.600171880185783,-64.73417025688552,3.070780855589503,-314.79268508068003,-101.74140938289686,0.1462340746371523,-114.40762647903085,-10.634148917242122,0.1462340746371523
23.232919,0.009784999999997268,19.600171880185783,-64.73417025688552,3.070780855589503,-318.54155625345356,-103.46356677073359,0.14804617272537796,-114.40762647903085,-10.634148917242122,0.14804617272537796
23.242999,0.010080000000002087,19.600171880185783,-64.73417025688552,3.070780855589503,-322.32269767480034,-105.14685537085785,0.14846517964784767,-114.40762647903085,-10.634148917242122,0.14846517964784767
23.253012,0.010012999999997163,19.600171880185783,-64.73417025688552,3.070780855589503,-326.1442893491054,-106.77360699035813,0.14741928882865926,-114.40762647903085,-10.634148917242122,0.14741928882865926
23.263066,0.01005400000000023,19.600171880185783,-64.73417025688552,3.070780855589503,-329.9834498178335,-108.4596502128437,0.14604897327702254,-114.40762647903085,-10.634148917242122,0.14604897327702254
23.272932,0.009866000000002373,19.600171880185783,-64.73417025688552,3.070780855589503,-333.67396632026185,-110.0381596808039,0.14518274451933408,-114.40762647903085,-10.634148917242122,0.14518274451933408
23.283006,0.010073999999999472,19.600171880185783,-64.73417025688552,3.070780855589503,-337.2292627658418,-111.63821296936725,0.14512503114406405,-114.40762647903085,-10.634148917242122,0.14512503114406405
23.293088,0.01008200000000059,32.36177032837145,-63.6519601492909,3.381603795850392,-340.6821633101058,-113.05455368328569,0.14623454520989382,-127.07833319353848,-12.500365685103286,0.14623454520989382
23.303003,0.009914999999999452,32.36177032837145,-63.6519601492909,3.381603795850392,-344.05275267554595,-114.69190039293208,0.14884877996843135,-127.07833319353848,-12.500365685103286,0.14884877996843135
23.312922,0.009919000000000011,32.36177032837145,-63.6519601492909,3.381603795850392,-347.39892505111806,-116.57450487784052,0.1514640693854697,-127.07833319353848,-12.500365685103286,0.1514640693854697
23.322933,0.01001099999999866,32.36177032837145,-63.6519601492909,3.381603795850392,-350.6012083382639,-118.48641434466178,0.15596423618792307,-127.07833319353848,-12.500365685103286,0.15596423618792307
23.33292,0.00998700000000241,32.36177032837145,-63.6519601492909,3.381603795850392,-353.9604455156362,-120.37526694895374,0.16418057015776827,-127.07833319353848,-12.500365685103286,0.16418057015776827
23.342989,0.010068999999997885,32.36177032837145,-63.6519601492909,3.381603795850392,-357.3429058329133,-122.50983107231679,0.1750668861679992,-127.07833319353848,-12.500365685103286,0.1750668861679992
23.353035,0.010045999999999111,32.36177032837145,-63.6519601492909,3.381603795850392,-360.8856143878046,-124.69076139475618,0.18718111604973536,-127.07833319353848,-12.500365685103286,0.18718111604973536
23.36301,0.009975000000000733,32.36177032837145,-63.6519601492909,3.381603795850392,-364.3665839681992,-126.80978044269763,0.19834456170046938,-127.07833319353848,-12.500365685103286,0.19834456170046938
23.372945,0.009935000000002248,32.36177032837145,-63.6519601492909,3.381603795850392,-367.8066698727961,-128.9134122318106,0.207991340212845,-127.07833319353848,-12.500365685103286,0.207991340212845
23.382976,0.010030999999997903,32.36177032837145,-63.6519601492909,3.381603795850392,-371.0379868461469,-131.01916756820341,0.2154994745967297,-127.07833319353848,-12.500365685103286,0.2154994745967297
23.397493,0.014517000000001445,45.18729332512514,-58.213687811167055,3.7036613002170964,-375.20796504119363,-134.0230143715693,0.2263653490709484,-140.6537966843371,-15.626967222532452,0.2263653490709484
23.403146,0.005652999999998798,45.18729332512514,-58.213687811167055,3.7036613002170964,-376.75501324817014,-135.18578797800473,0.23059658062035526,-140.6537966843371,-15.626967222532452,0.23059658062035526
23.41295,0.009803999999999036,37.63050546415699,-63.48267374698236,3.7972826677655567,-379.0807277528755,-137.1921441653279,0.23482605325092407,-140.6537966843371,-15.626967222532452,0.23482605325092407
23.422982,0.010032000000002483,37.63050546415699,-63.48267374698236,3.7972826677655567,-381.6630504083437,-139.46191863385116,0.2448557180976653,-140.6537966843371,-15.626967222532452,0.2448557180976653
23.432937,0.009954999999997938,19.04584955570256,-85.7256716862781,4.235430667892351,-384.14876226323236,-141.71563140390666,0.2576228455423106,-112.62517940423012,-8.24204975999749,0.2576228455423106
23.442936,0.009999000000000535,19.04584955570256,-85.7256716862781,4.235430667892351,-386.8938499180521,-144.14109444746356,0.2730681308956606,-112.62517940423012,-8.24204975999749,0.2730681308956606
23.452915,0.009979000000001292,19.04584955570256,-85.7256716862781,4.235430667892351,-389.80416325490523,-146.63696405224172,0.29093148839013105,-112.62517940423012,-8.24204975999749,0.29093148839013105
23.462932,0.010016999999997722,19.04584955570256,-85.7256716862781,4.235430667892351,-392.81410121605575,-149.27794665668208,0.30836106841386657,-112.62517940423012,-8.24204975999749,0.30836106841386657
23.47291,0.009978000000000264,19.04584955570256,-85.7256716862781,4.235430667892351,-395.815918346767,-152.01617893818135,0.3229895804460425,-112.62517940423012,-8.24204975999749,0.3229895804460425
23.482947,0.010037000000000518,19.04584955570256,-85.7256716862781,4.235430667892351,-398.80555870994954,-154.70011216784064,0.33600896818812503,-112.62517940423012,-8.24204975999749,0.33600896818812503
23.492927,0.00998000000000232,23.187584773702202,-73.3692355955807,4.542508753451302,-401.6834069628932,-157.3228179747336,0.3472963482035013,-124.87921022777344,-12.677611962825683,0.3472963482035013
23.502922,0.009994999999999976,23.187584773702202,-73.3692355955807,4.542508753451302,-404.5137948680673,-159.96614906064445,0.3569001809577764,-124.87921022777344,-12.677611962825683,0.3569001809577764
23.51292,0.009997999999999507,23.187584773702202,-73.3692355955807,4.542508753451302,-407.1480349459864,-162.73960677437805,0.36564506257764995,-124.87921022777344,-12.677611962825683,0.36564506257764995
23.522936,0.010016000000000247,23.187584773702202,-73.3692355955807,4.542508753451302,-409.48276195044997,-165.4466625287317,0.3754799156385187,-124.87921022777344,-12.677611962825683,0.3754799156385187
23.532934,0.009997999999999507,23.187584773702202,-73.3692355955807,4.542508753451302,-411.80783405335353,-168.23598057718215,0.38475894768178437,-124.87921022777344,-12.677611962825683,0.38475894768178437
23.542917,0.009982999999998299,23.187584773702202,-73.3692355955807,4.542508753451302,-414.1231705347904,-171.10792562917362,0.39402405839271754,-124.87921022777344,-12.677611962825683,0.39402405839271754
23.552931,0.010014000000001744,23.187584773702202,-73.3692355955807,4.542508753451302,-416.6875759281953,-174.1261096618355,0.4065026218921048,-124.87921022777344,-12.677611962825683,0.4065026218921048
23.562926,0.009994999999999976,23.187584773702202,-73.3692355955807,4.542508753451302,-419.52211235220335,-177.27089252745145,0.4226195364546383,-124.87921022777344,-12.677611962825683,0.4226195364546383
23.573034,0.010107999999998896,23.187584773702202,-73.3692355955807,4.542508753451302,-422.615865470934,-180.69084924160612,0.44214939986867885,-124.87921022777344,-12.677611962825683,0.44214939986867885
23.582928,0.009893999999999181,24.91352266940168,-66.62102472742065,4.38148000126795,-425.7125754762377,-184.05212301103896,0.46275798068082,-124.87921022777344,-12.677611962825683,0.46275798068082
23.592918,0.009990000000001942,30.521814273792668,-44.863065543002435,4.538763898749363,-428.98329261374005,-187.4964904570769,0.4850212847080847,-144.75686211680323,-23.15333045700263,0.4850212847080847
23.603071,0.010152999999998968,30.521814273792668,-44.863065543002435,4.538763898749363,-432.22572590943076,-190.88534076263053,0.5091141671620305,-144.75686211680323,-23.15333045700263,0.5091141671620305
23.612921,0.009850000000000136,30.521814273792668,-44.863065543002435,4.538763898749363,-435.4056158378137,-194.24134844770796,0.5342846128318419,-144.75686211680323,-23.15333045700263,0.5342846128318419
23.623069,0.010148000000000934,30.521814273792668,-44.863065543002435,4.538763898749363,-438.4354968046397,-197.87823478378266,0.5627718981998945,-144.75686211680323,-23.15333045700263,0.5627718981998945
23.632968,0.009899000000000768,30.521814273792668,-44.863065543002435,4.538763898749363,-441.2698730846537,-201.78252909882931,0.5912024780870119,-144.75686211680323,-23.15333045700263,0.5912024780870119
23.642955,0.009986999999998858,38.08271472846169,-25.38262180618592,4.145554155045829,-444.2236533244127,-206.10346107077976,0.621982794479621,-161.73979427817375,-35.32850680360949,0.621982794479621
23.652921,0.009965999999998587,46.62071092586117,-15.24137008033815,3.879669471208202,-447.2452810930059,-210.60855539554828,0.6560351056010345,-161.73979427817375,-35.32850680360949,0.6560351056010345
23.662995,0.010073999999999472,46.62071092586117,-15.24137008033815,3.879669471208202,-450.403055103675,-215.3025152027836,0.6923556090471329,-161.73979427817375,-35.32850680360949,0.6923556090471329
23.67294,0.009945000000001869,46.62071092586117,-15.24137008033815,3.879669471208202,-453.2865553449684,-219.95753914255178,0.728271968981204,-161.73979427817375,-35.32850680360949,0.728271968981204
23.682997,0.01005699999999976,46.62071092586117,-15.24137008033815,3.879669471208202,-456.3271898628401,-224.8836838154466,0.7639764598001245,-161.73979427817375,-35.32850680360949,0.7639764598001245
23.693323,0.01032599999999917,51.21091148928474,-11.627686193405571,3.737364992534543,-459.32710440628466,-230.1331608302428,0.8037822885036486,-161.73979427817375,-35.32850680360949,0.8037822885036486
23.703238,0.009914999999999452,69.05821861132453,2.750483532778029,3.9021385994198328,-462.08842095638363,-235.34589062146674,0.842003748080973,-177.00282137040725,-52.42523573534088,0.842003748080973
23.712938,0.009700000000002262,69.05821861132453,2.750483532778029,3.9021385994198328,-464.34427139697954,-240.97823568034835,0.88012915992464,-177.00282137040725,-52.42523573534088,0.88012915992464
23.722936,0.009997999999999507,62.546131004788556,-4.079620629663284,3.9995048216702314,-466.4397588359992,-247.0761659380518,0.9175596509403973,-177.00282137040725,-52.42523573534088,0.9175596509403973
23.732935,0.009999000000000535,62.546131004788556,-4.079620629663284,3.9995048216702314,-468.5781451823956,-253.35697668578217,0.9580912023355737,-177.00282137040725,-52.42523573534088,0.9580912023355737
23.742918,0.009982999999998299,62.546131004788556,-4.079620629663284,3.9995048216702314,-470.4427159210451,-259.9309387667393,1.0003108993348777,-177.00282137040725,-52.42523573534088,1.0003108993348777
23.75292,0.010002000000000066,62.546131004788556,-4.079620629663284,3.9995048216702314,-471.88023605239164,-266.4934215353228,1.0433038913719959,-177.00282137040725,-52.42523573534088,1.0433038913719959
23.762922,0.010002000000000066,62.546131004788556,-4.079620629663284,3.9995048216702314,-473.1236261910553,-273.1488748467263,1.0857638518616806,-177.00282137040725,-52.42523573534088,1.0857638518616806
23.77294,0.01001799999999875,62.546131004788556,-4.079620629663284,3.9995048216702314,-474.29899287637164,-279.79503749312016,1.1293902015014934,-177.00282137040725,-52.42523573534088,1.1293902015014934
23.782945,0.01000500000000315,62.546131004788556,-4.079620629663284,3.9995048216702314,-475.3095472294466,-286.73685213432617,1.1729599387890277,-177.00282137040725,-52.42523573534088,1.1729599387890277
23.792957,0.010011999999999688,96.28177810628483,14.774796220390815,3.3029618471096853,-475.86987966421395,-293.935886307083,1.216560159650861,-190.40842861176208,-88.67261653179062,1.216560159650861
23.802957,0.00999999999999801,96.28177810628483,14.774796220390815,3.3029618471096853,-476.3137175108415,-301.21666480801133,1.2601081229567201,-190.40842861176208,-88.67261653179062,1.2601081229567201
23.812911,0.009954000000000462,107.7608629661924,18.705227378226546,3.6399987702841425,-476.63698135463807,-308.5484378993663,1.3034557656313828,-193.61365873040168,-100.37493161018476,1.3034557656313828
23.822917,0.010006000000000626,107.7608629661924,18.705227378226546,3.6399987702841425,-476.53998766407,-316.1147163327266,1.3470298577152366,-193.61365873040168,-100.37493161018476,1.3470298577152366
23.832994,0.010076999999999003,107.7608629661924,18.705227378226546,3.6399987702841425,-476.38619095516754,-323.6323962633537,1.3891302057695114,-193.61365873040168,-100.37493161018476,1.3891302057695114
23.842937,0.009942999999999813,145.52869514447002,24.418477840139914,2.9434557957235965,-476.129469590997,-331.1219268895929,1.4285909122673612,-199.02726347114339,-138.18687763254803,1.4285909122673612
23.852982,0.010045000000001636,145.52869514447002,24.418477840139914,2.9434557957235965,-475.4490862902786,-338.57503161220774,1.4672184906431032,-199.02726347114339,-138.18687763254803,1.4672184906431032
23.862969,0.009986999999998858,145.52869514447002,24.418477840139914,2.9434557957235965,-474.07798440838314,-346.14871994403524,1.5023098875316294,-199.02726347114339,-138.18687763254803,1.5023098875316294
23.874043,0.011074000000000694,145.52869514447002,24.418477840139914,2.9434557957235965,-472.3592444234023,-354.2351055099831,1.5356200556106914,-199.02726347114339,-138.18687763254803,1.5356200556106914
23.882966,0.008922999999999348,145.52869514447002,24.418477840139914,2.9434557957235965,-470.805451968503,-360.8077033365136,1.5606566545115588,-199.02726347114339,-138.18687763254803,1.5606566545115588
23.89296,0.009993999999998948,145.52869514447002,24.418477840139914,2.9434557957235965,-468.82899682107205,-368.1079655170517,1.584468101824233,-199.02726347114339,-138.18687763254803,1.584468101824233
23.902932,0.009972000000001202,145.52869514447002,24.418477840139914,2.9434557957235965,-466.74581352787743,-375.34470578531597,1.6044446597442463,-199.02726347114339,-138.18687763254803,1.6044446597442463
23.913012,0.010079999999998535,145.52869514447002,24.418477840139914,2.9434557957235965,-464.5689355235703,-382.5435982201822,1.6209658878218764,-199.02726347114339,-138.18687763254803,1.6209658878218764
23.922927,0.009915000000003005,158.10090835440383,23.904579787597207,3.258023590686423,-462.307450138791,-389.4428114206922,1.6344848764620394,-198.22643045612642,-150.74407886078754,1.6344848764620394
23.932907,0.009979999999998768,158.10090835440383,23.904579787597207,3.258023590686423,-460.1026245464452,-396.30088179263413,1.6452563531382711,-198.22643045612642,-150.74407886078754,1.6452563531382711
23.942928,0.010020999999998281,158.10090835440383,23.904579787597207,3.258023590686423,-457.87758477570344,-403.0907556079846,1.6551281584166462,-198.22643045612642,-150.74407886078754,1.6551281584166462
23.952922,0.009994000000002501,158.10090835440383,23.904579787597207,3.258023590686423,-455.6892083941313,-409.8454265243699,1.6653448578088184,-198.22643045612642,-150.74407886078754,1.6653448578088184
23.962963,0.010040999999997524,158.10090835440383,23.904579787597207,3.258023590686423,-453.1243985359622,-416.64229426748085,1.6754985692008997,-198.22643045612642,-150.74407886078754,1.6754985692008997
23.973008,0.010045000000001636,158.10090835440383,23.904579787597207,3.258023590686423,-450.19204610255343,-423.4485861635436,1.68565632549345,-198.22643045612642,-150.74407886078754,1.68565632549345
23.982916,0.009907999999999362,158.10090835440383,23.904579787597207,3.258023590686423,-447.22943657613473,-430.0675294673458,1.6993980994172193,-198.22643045612642,-150.74407886078754,1.6993980994172193
23.992985,0.010069000000001438,158.10090835440383,23.904579787597207,3.258023590686423,-444.2110170661335,-437.05059232502805,1.71535664720006,-198.22643045612642,-150.74407886078754,1.71535664720006
24.00292,0.009934999999998695,158.10090835440383,23.904579787597207,3.258023590686423,-441.01830303358173,-444.0267439714487,1.7326594310521086,-198.22643045612642,-150.74407886078754,1.7326594310521086
24.012979,0.010059000000001816,169.97992949049745,27.31185552224576,3.5838259497550653,-437.8653031535625,-451.10333260676805,1.7507571279098395,-196.0144559105653,-162.9025261174677,1.7507571279098395
24.022922,0.009942999999999813,169.97992949049745,27.31185552224576,3.5838259497550653,-434.71736024100636,-458.2773196447209,1.7686699677535325,-196.0144559105653,-162.9025261174677,1.7686699677535325
24.032936,0.010013999999998191,169.97992949049745,27.31185552224576,3.5838259497550653,-431.54836124741126,-465.61725608158713,1.786373170904747,-196.0144559105653,-162.9025261174677,1.786373170904747
24.042949,0.010013000000000716,169.97992949049745,27.31185552224576,3.5838259497550653,-428.1308298734465,-472.79089904054393,1.803973218835305,-196.0144559105653,-162.9025261174677,1.803973218835305
24.052934,0.009985000000000355,169.97992949049745,27.31185552224576,3.5838259497550653,-424.4539374433524,-479.9656951613863,1.8223608180793394,-196.0144559105653,-162.9025261174677,1.8223608180793394
24.06386,0.01092599999999777,169.97992949049745,27.31185552224576,3.5838259497550653,-420.2447257542324,-487.9025572397905,1.8415889551009303,-196.0144559105653,-162.9025261174677,1.8415889551009303
24.072916,0.009056000000001063,169.97992949049745,27.31185552224576,3.5838259497550653,-416.6273567490058,-494.5379874620279,1.8575261698975243,-196.0144559105653,-162.9025261174677,1.8575261698975243
24.082967,0.010051000000000698,169.97992949049745,27.31185552224576,3.5838259497550653,-412.2811103759477,-502.04325134058035,1.8791554293818091,-196.0144559105653,-162.9025261174677,1.8791554293818091
24.09324,0.010273000000001531,208.48243039571688,30.64957093190453,2.8723035563867665,-407.8120394422719,-509.93850274507315,1.9029664342335393,-183.4118841677109,-199.4368675728505,1.9029664342335393
24.102939,0.009698999999997682,200.3806790954331,32.51429495733431,2.9584352145313497,-403.5343382454401,-517.5200065214751,1.9278246742076666,-183.4118841677109,-199.4368675728505,1.9278246742076666
24.112977,0.010038000000001546,215.8702290328842,31.85209494175343,3.2392993171767315,-398.99364524765366,-525.4748221124047,1.9546484084586004,-177.60582660097114,-213.81234536168,1.9546484084586004
24.122944,0.009966999999999615,215.8702290328842,31.85209494175343,3.2392993171767315,-394.4214000347355,-533.2557301078791,1.9817511694296641,-177.60582660097114,-213.81234536168,1.9817511694296641
24.132972,0.010027999999998372,215.8702290328842,31.85209494175343,3.2392993171767315,-389.74789006854746,-541.1136735399947,2.012226307541611,-177.60582660097114,-213.81234536168,2.012226307541611
24.142976,0.010004000000002122,215.8702290328842,31.85209494175343,3.2392993171767315,-384.6302394443875,-548.8609108507536,2.0444625047187555,-177.60582660097114,-213.81234536168,2.0444625047187555
24.152956,0.009979999999998768,192.9395896777717,25.414050963287252,3.591315659158943,-379.4885298335982,-556.6344462035861,2.0770282381781144,-189.15447143742912,-192.98228453737485,2.0770282381781144
24.163004,0.010048000000001167,204.88886573769852,29.356060330107624,3.329175830023254,-373.7942711660675,-564.3212625450706,2.1114584565159777,-189.15447143742912,-192.98228453737485,2.1114584565159777
24.172945,0.009940999999997757,204.88886573769852,29.356060330107624,3.329175830023254,-368.10830166987563,-571.8511502293654,2.1442518821655363,-189.15447143742912,-192.98228453737485,2.1442518821655363
24.182903,0.009958000000001022,204.88886573769852,29.356060330107624,3.329175830023254,-362.1405099323304,-579.347142501931,2.1792904700539983,-189.15447143742912,-192.98228453737485,2.1792904700539983
24.192905,0.010002000000000066,204.88886573769852,29.356060330107624,3.329175830023254,-356.02785727400965,-586.934835074979,2.214354617823043,-189.15447143742912,-192.98228453737485,2.214354617823043
24.202915,0.010010000000001185,221.06093460869147,29.78560127445806,3.0071183256565504,-349.78964850108844,-594.5830690947813,2.249446811301165,-178.99898640875116,-205.57539538510866,2.249446811301165
24.212939,0.010023999999997812,221.06093460869147,29.78560127445806,3.0071183256565504,-343.5905979257302,-602.0486969258803,2.282397848442516,-178.99898640875116,-205.57539538510866,2.282397848442516
24.222929,0.009990000000001942,232.5127995751179,30.19708983635699,3.3479001035329463,-337.43996462971654,-609.4012616482185,2.316691881536705,-171.22239364428367,-213.99199440261393,2.316691881536705
24.23292,0.009990999999999417,232.5127995751179,30.19708983635699,3.3479001035329463,-331.08465135624556,-616.5034419696414,2.35079234269494,-171.22239364428367,-213.99199440261393,2.35079234269494
24.242921,0.010000999999999038,232.5127995751179,30.19708983635699,3.3479001035329463,-324.5342313170192,-623.6700811938853,2.3848603127505266,-171.22239364428367,-213.99199440261393,2.3848603127505266
24.252991,0.010070000000002466,248.22762506441111,30.850162504977376,3.0183528897623653,-317.4781431969284,-630.7089282922781,2.4210121062760384,-159.4037230043105,-224.3699165633008,2.4210121062760384
24.262918,0.009926999999997577,248.22762506441111,30.850162504977376,3.0183528897623653,-310.3841625171257,-637.5196033183998,2.457921528444218,-159.4037230043105,-224.3699165633008,2.457921528444218
24.272922,0.010004000000002122,248.22762506441111,30.850162504977376,3.0183528897623653,-303.04102978438357,-644.2098918174316,2.4953678180204966,-159.4037230043105,-224.3699165633008,2.4953678180204966
24.282931,0.010009000000000157,248.22762506441111,30.850162504977376,3.0183528897623653,-295.8114233315649,-650.6986370672049,2.532436770343574,-159.4037230043105,-224.3699165633008,2.532436770343574
24.292956,0.01002499999999884,248.22762506441111,30.850162504977376,3.0183528897623653,-288.4600316894488,-657.0094702570507,2.5716873166834002,-159.4037230043105,-224.3699165633008,2.5716873166834002
24.302941,0.009985000000000355,248.22762506441111,30.850162504977376,3.0183528897623653,-280.73872900064015,-663.1036535580193,2.612183403254638,-159.4037230043105,-224.3699165633008,2.612183403254638
24.312908,0.009966999999999615,257.20524137013103,28.78384669301465,2.8123858811557523,-273.06191905500134,-669.0482172995328,2.6521164864453204,-159.4037230043105,-224.3699165633008,2.6521164864453204
24.322946,0.010038000000001546,268.9640120019651,26.90050628203177,3.1531676590321487,-265.2028639380438,-674.7222261883336,2.6926991366843684,-148.67489961944418,-229.53789553501394,2.6926991366843684
24.332953,0.0100069999999981,268.9640120019651,26.90050628203177,3.1531676590321487,-257.2670118344499,-680.157801971218,2.734721686620616,-148.67489961944418,-229.53789553501394,2.734721686620616
24.342944,0.009990999999999417,284.7338946081487,30.51037048698479,3.5800810950531288,-249.04415485406503,-685.2205194875293,2.778206496719657,-133.55355841314918,-235.28814397432657,2.778206496719657
24.352903,0.00995900000000205,277.1592395601344,26.569985525374257,3.6624678984957737,-240.56581691202737,-689.8926199374449,2.821552030077325,-133.55355841314918,-235.28814397432657,2.821552030077325
24.362908,0.010004999999999598,277.1592395601344,26.569985525374257,3.6624678984957737,-232.00414624551684,-694.4453843535284,2.862989001665155,-133.55355841314918,-235.28814397432657,2.862989001665155
24.372959,0.010051000000000698,277.1592395601344,26.569985525374257,3.6624678984957737,-223.75447188784653,-698.5009198532878,2.9049231436135443,-133.55355841314918,-235.28814397432657,2.9049231436135443
24.382911,0.009951999999998407,277.1592395601344,26.569985525374257,3.6624678984957737,-215.52719392762532,-701.8144125935796,2.9441172591952522,-133.55355841314918,-235.28814397432657,2.9441172591952522
24.392922,0.01001099999999866,277.1592395601344,26.569985525374257,3.6624678984957737,-207.0061637451555,-704.671440146327,2.983809157201835,-133.55355841314918,-235.28814397432657,2.983809157201835
24.402956,0.010034000000000987,289.68614459113877,31.55264249498859,3.377858941148453,-198.3414624973828,-707.2317537454967,3.020839688033286,-133.55355841314918,-235.28814397432657,3.020839688033286
24.412978,0.01002199999999931,289.68614459113877,31.55264249498859,3.377858941148453,-189.43208840548422,-709.5410535777445,3.055981961535972,-133.55355841314918,-235.28814397432657,3.055981961535972
24.423074,0.010096000000000771,289.68614459113877,31.55264249498859,3.377858941148453,-180.43625678816605,-711.6402272217327,3.0909721156050716,-133.55355841314918,-235.28814397432657,3.0909721156050716
24.432976,0.0099020000000003,300.42587868425545,36.1540250478383,3.7148958643229104,-171.59532067742418,-713.539043244947,3.122504966410655,-121.87174014188571,-235.51114995114764,3.122504966410655
24.442953,0.009976999999999236,312.5295554432454,48.200150561142166,4.134319590940013,-162.75096972908437,-715.4485247406628,3.150614575718464,-104.79589766938872,-235.35708885011815,3.150614575718464
24.452947,0.009994000000002501,312.5295554432454,48.200150561142166,4.134319590940013,-153.97802088507504,-717.1223705012745,3.176521824522516,-104.79589766938872,-235.35708885011815,3.176521824522516
24.462909,0.009961999999998028,312.5295554432454,48.200150561142166,4.134319590940013,-145.43561834100288,-718.5143398875211,3.1993279547250904,-104.79589766938872,-235.35708885011815,3.1993279547250904
24.472951,0.010041999999998552,312.5295554432454,48.200150561142166,4.134319590940013,-136.66893914041214,-719.431228289439,3.2179222017519447,-104.79589766938872,-235.35708885011815,3.2179222017519447
24.482963,0.01001200000000324,312.5295554432454,48.200150561142166,4.134319590940013,-128.0702191769925,-720.1571609592296,3.2331968186854647,-104.79589766938872,-235.35708885011815,3.2331968186854647
24.492914,0.009950999999997379,312.5295554432454,48.200150561142166,4.134319590940013,-119.56074256140279,-720.889882751484,3.2449591750016356,-104.79589766938872,-235.35708885011815,3.2449591750016356
24.502922,0.010008000000002681,312.5295554432454,48.200150561142166,4.134319590940013,-110.9731818142811,-721.4957753743114,3.2551861862253686,-104.79589766938872,-235.35708885011815,3.2551861862253686
24.512977,0.010054999999997705,312.5295554432454,48.200150561142166,4.134319590940013,-102.29904130975827,-722.0868982774884,3.263481237875256,-104.79589766938872,-235.35708885011815,3.263481237875256
24.522912,0.009935000000002248,312.5295554432454,48.200150561142166,4.134319590940013,-93.81623243826941,-722.7548292064566,3.268472730983128,-104.79589766938872,-235.35708885011815,3.268472730983128
24.532934,0.01002199999999931,317.55639956534475,59.489592941339666,4.452632240604778,-85.33940853322733,-723.4592439906302,3.2717293898635202,-92.54237461257222,-233.75339193992883,3.2717293898635202
24.543076,0.010141999999998319,318.71293200029953,76.75212311657523,4.838352274904435,-76.74603445848163,-724.0299829700006,3.273526527415738,-75.3915049230367,-231.47739013487842,3.273526527415738
24.552975,0.009899000000000768,318.71293200029953,76.75212311657523,4.838352274904435,-68.34445419773162,-724.4516402798557,3.2752806059633035,-75.3915049230367,-231.47739013487842,3.2752806059633035
24.562941,0.009965999999998587,318.71293200029953,76.75212311657523,4.838352274904435,-59.99207703684234,-724.8234929298043,3.2754664955194523,-75.3915049230367,-231.47739013487842,3.2754664955194523
24.572963,0.010022000000002862,318.71293200029953,76.75212311657523,4.838352274904435,-51.7686406161362,-725.3186290576125,3.2740150858421306,-75.3915049230367,-231.47739013487842,3.2740150858421306
24.582921,0.009957999999997469,318.71293200029953,76.75212311657523,4.838352274904435,-43.45632330855271,-725.8767764302887,3.2741570445283883,-75.3915049230367,-231.47739013487842,3.2741570445283883
24.592925,0.010004000000002122,318.71293200029953,76.75212311657523,4.838352274904435,-34.990556058929265,-726.3505882650285,3.276216290564884,-75.3915049230367,-231.47739013487842,3.276216290564884
24.602911,0.00998599999999783,318.71293200029953,76.75212311657523,4.838352274904435,-26.58852467027904,-726.6899856727638,3.2791964922228476,-75.3915049230367,-231.47739013487842,3.2791964922228476
24.612926,0.010015000000002772,315.110565003828,89.04246589830633,5.156664924569199,-18.223139905836728,-727.0284852402621,3.284624468861176,-62.7148862151318,-229.65176372070925,3.284624468861176
24.622933,0.0100069999999981,315.110565003828,89.04246589830633,5.156664924569199,-9.584941174044054,-727.0808194655153,3.292227965237534,-62.7148862151318,-229.65176372070925,3.292227965237534
24.63294,0.010007000000001653,315.110565003828,89.04246589830633,5.156664924569199,-0.9223666057234272,-726.9662459001369,3.301917990077686,-62.7148862151318,-229.65176372070925,3.301917990077686
24.642994,0.01005400000000023,315.110565003828,89.04246589830633,5.156664924569199,7.81522043866369,-726.9709777551186,3.3106475564999895,-62.7148862151318,-229.65176372070925,3.3106475564999895
24.652984,0.009989999999998389,315.110565003828,89.04246589830633,5.156664924569199,16.570137763127352,-727.0469421829932,3.3172186052225676,-62.7148862151318,-229.65176372070925,3.3172186052225676
24.663062,0.010078000000000031,315.110565003828,89.04246589830633,5.156664924569199,25.345349510009598,-726.9468231978348,3.3219650654281137,-62.7148862151318,-229.65176372070925,3.3219650654281137
24.673106,0.010044000000000608,315.110565003828,89.04246589830633,5.156664924569199,33.85341184552863,-726.7870560911017,3.3254764355278428,-62.7148862151318,-229.65176372070925,3.3254764355278428
24.682922,0.009816000000000713,315.110565003828,89.04246589830633,5.156664924569199,42.112970738940724,-726.6828736648991,3.3274381323145885,-62.7148862151318,-229.65176372070925,3.3274381323145885
24.692954,0.01003199999999893,315.110565003828,89.04246589830633,5.156664924569199,50.55836868574593,-726.6749482001152,3.3289244046106403,-62.7148862151318,-229.65176372070925,3.3289244046106403
24.702914,0.009959999999999525,307.88226576142824,99.61513177461391,5.467487864830088,58.90835172365037,-726.5025282284589,3.3295401247952463,-50.13302400486306,-227.2587913030815,3.3295401247952463
24.712908,0.009993999999998948,307.88226576142824,99.61513177461391,5.467487864830088,67.12856732467316,-726.2721981105796,3.329296457912832,-50.13302400486306,-227.2587913030815,3.329296457912832
24.722922,0.010014000000001744,307.88226576142824,99.61513177461391,5.467487864830088,75.4872832262426,-726.0575265466913,3.3317219928686628,-50.13302400486306,-227.2587913030815,3.3317219928686628
24.732918,0.009996000000001004,307.88226576142824,99.61513177461391,5.467487864830088,83.952624632922,-725.8590079553999,3.334143167965376,-50.13302400486306,-227.2587913030815,3.334143167965376
24.742931,0.010012999999997163,307.88226576142824,99.61513177461391,5.467487864830088,92.4940559489752,-725.5134777828634,3.3383494099971376,-50.13302400486306,-227.2587913030815,3.3383494099971376
24.75293,0.009999000000000535,307.88226576142824,99.61513177461391,5.467487864830088,101.14266338348217,-725.1672927353336,3.3432211892396078,-50.13302400486306,-227.2587913030815,3.3432211892396078
24.762922,0.009992000000000445,307.88226576142824,99.61513177461391,5.467487864830088,109.80803309089235,-724.8002254368882,3.347418609631236,-50.13302400486306,-227.2587913030815,3.347418609631236
24.77292,0.009997999999999507,298.3459745359649,114.31945160544346,5.107981813443999,118.45688936455868,-724.3643901364408,3.3500587246914932,-32.98654846396175,-223.6316369709018,3.3500587246914932
24.782974,0.01005400000000023,298.3459745359649,114.31945160544346,5.107981813443999,127.13060166734577,-723.9831184947624,3.3519581454659026,-32.98654846396175,-223.6316369709018,3.3519581454659026
24.792949,0.009975000000000733,291.54391282762276,125.435540845613,5.41505989900295,135.86303625557682,-723.4129674198472,3.3526372550763224,-20.2436020836971,-220.90165509748078,3.3526372550763224
24.802977,0.010027999999998372,291.54391282762276,125.435540845613,5.41505989900295,144.5719497237806,-722.4795177683042,3.352638591119203,-20.2436020836971,-220.90165509748078,3.352638591119203
24.812953,0.009976000000001761,291.54391282762276,125.435540845613,5.41505989900295,153.27382358009413,-721.6735735536129,3.3546734659642414,-20.2436020836971,-220.90165509748078,3.3546734659642414
24.822903,0.009949999999999903,291.54391282762276,125.435540845613,5.41505989900295,161.78970332187623,-720.8859113591448,3.3590640215598078,-20.2436020836971,-220.90165509748078,3.3590640215598078
24.832932,0.0100289999999994,291.54391282762276,125.435540845613,5.41505989900295,170.3615268152907,-720.1556126638948,3.3638421873366062,-20.2436020836971,-220.90165509748078,3.3638421873366062
24.842944,0.010011999999999688,291.54391282762276,125.435540845613,5.41505989900295,179.07114859789257,-719.3642758396267,3.3656162892073227,-20.2436020836971,-220.90165509748078,3.3656162892073227
24.852907,0.009962999999999056,291.54391282762276,125.435540845613,5.41505989900295,187.9355958825542,-718.5505918789198,3.3668109337725025,-20.2436020836971,-220.90165509748078,3.3668109337725025
24.862998,0.010091000000002737,291.54391282762276,125.435540845613,5.41505989900295,196.86818669953848,-717.6834014431422,3.3665837240126217,-20.2436020836971,-220.90165509748078,3.3665837240126217
24.872914,0.00991600000000048,291.54391282762276,125.435540845613,5.41505989900295,205.45679599139834,-716.8847391873379,3.364553161063455,-20.2436020836971,-220.90165509748078,3.364553161063455
24.883059,0.01014499999999785,281.54649315510704,134.14151382543642,5.718393129859961,214.36312225725104,-716.143742470525,3.3612376103774695,-7.305312453685005,-218.01322523270287,3.3612376103774695
24.892912,0.009852999999999668,281.54649315510704,134.14151382543642,5.718393129859961,223.06564293887615,-715.4321468141783,3.355835737069959,-7.305312453685005,-218.01322523270287,3.355835737069959
24.902968,0.010056000000002285,281.54649315510704,134.14151382543642,5.718393129859961,231.88717845815285,-714.7800993059734,3.347921695858566,-7.305312453685005,-218.01322523270287,3.347921695858566
24.912966,0.009997999999999507,281.54649315510704,134.14151382543642,5.718393129859961,240.5873196410103,-714.1263134800198,3.337880733535549,-7.305312453685005,-218.01322523270287,3.337880733535549
24.922958,0.009992000000000445,281.54649315510704,134.14151382543642,5.718393129859961,249.2118686078278,-713.4667209999392,3.3278457969950814,-7.305312453685005,-218.01322523270287,3.3278457969950814
24.932983,0.01002499999999884,281.54649315510704,134.14151382543642,5.718393129859961,257.88586853141567,-712.8804197403072,3.3156633954853816,-7.305312453685005,-218.01322523270287,3.3156633954853816
24.942921,0.009937999999998226,281.54649315510704,134.14151382543642,5.718393129859961,266.42026136431537,-712.3706574186302,3.304634041749075,-7.305312453685005,-218.01322523270287,3.304634041749075
24.95296,0.010039000000002574,281.54649315510704,134.14151382543642,5.718393129859961,275.0869963861929,-711.8943583144329,3.2940383000102913,-7.305312453685005,-218.01322523270287,3.2940383000102913
24.962959,0.009999000000000535,268.99341847687907,139.64418255059388,6.021726360716973,283.6454235643676,-711.5284867539663,3.284165520145389,6.261788769900175,-216.0657110825647,3.284165520145389
24.972943,0.009983999999999327,268.99341847687907,139.64418255059388,6.021726360716973,292.29836198765713,-711.2111388097098,3.2772299579429878,6.261788769900175,-216.0657110825647,3.2772299579429878
24.982985,0.010041999999998552,268.99341847687907,139.64418255059388,6.021726360716973,301.0492939458014,-710.7747372890923,3.270623367655277,6.261788769900175,-216.0657110825647,3.270623367655277
24.992973,0.009987999999999886,268.99341847687907,139.64418255059388,6.021726360716973,309.9171566789918,-710.2717646097465,3.2731317628501175,6.261788769900175,-216.0657110825647,3.2731317628501175
25.002951,0.009978000000000264,268.99341847687907,139.64418255059388,6.021726360716973,319.0655106966904,-709.6703886683031,3.279587238534255,6.261788769900175,-216.0657110825647,3.279587238534255
25.01292,0.009969000000001671,268.99341847687907,139.64418255059388,6.021726360716973,328.3812270590408,-708.9344847635488,3.289136868822914,6.261788769900175,-216.0657110825647,3.289136868822914
25.022998,0.010078000000000031,268.99341847687907,139.64418255059388,6.021726360716973,337.88411087399396,-708.2241280543627,3.300739177913755,6.261788769900175,-216.0657110825647,3.300739177913755
25.032934,0.009935999999999723,268.99341847687907,139.64418255059388,6.021726360716973,347.2883378066546,-707.5118949565399,3.31375199042765,6.261788769900175,-216.0657110825647,3.31375199042765
25.043838,0.010904000000000025,268.99341847687907,139.64418255059388,6.021726360716973,357.5402124503367,-706.6712959739335,3.326889239854425,6.261788769900175,-216.0657110825647,3.326889239854425
25.052935,0.009097000000000577,255.81110634958884,141.04739764904318,6.332549300977862,366.09967816596827,-705.8921639294003,3.3368252535310523,19.26672959624691,-213.49396464540595,3.3368252535310523
25.062951,0.010016000000000247,255.81110634958884,141.04739764904318,6.332549300977862,375.5307139263086,-704.9398842742103,3.3477650263116496,19.26672959624691,-213.49396464540595,3.3477650263116496
25.072935,0.009983999999999327,255.81110634958884,141.04739764904318,6.332549300977862,385.01184434222864,-703.8862022291182,3.358595357621959,19.26672959624691,-213.49396464540595,3.358595357621959
25.082987,0.010051999999998174,255.81110634958884,141.04739764904318,6.332549300977862,394.4162637463751,-702.8496316711227,3.3726225618922103,19.26672959624691,-213.49396464540595,3.3726225618922103
25.092943,0.009956000000002518,255.81110634958884,141.04739764904318,6.332549300977862,403.626885853036,-701.5764728655311,3.387168415131015,19.26672959624691,-213.49396464540595,3.387168415131015
25.102928,0.009984999999996802,255.81110634958884,141.04739764904318,6.332549300977862,412.6111670819134,-700.3184099103978,3.400127003196134,19.26672959624691,-213.49396464540595,3.400127003196134
25.112927,0.009999000000000535,255.81110634958884,141.04739764904318,6.332549300977862,421.7407140409408,-698.8544364590107,3.4143613376795345,19.26672959624691,-213.49396464540595,3.4143613376795345
25.122922,0.009994999999999976,255.81110634958884,141.04739764904318,6.332549300977862,430.730272055538,-697.3283164002265,3.4309030473957858,19.26672959624691,-213.49396464540595,3.4309030473957858
25.132948,0.010025999999999868,255.81110634958884,141.04739764904318,6.332549300977862,439.81120357506694,-695.658522603656,3.4476443332470716,19.26672959624691,-213.49396464540595,3.4476443332470716
25.142907,0.00995900000000205,249.95572652188744,139.46027867108077,6.763207591700781,448.68092794791374,-693.8899449517778,3.4640375640733847,25.020739520189235,-211.5715210514261,3.4640375640733847
25.153327,0.010419999999999874,249.95572652188744,139.46027867108077,6.763207591700781,457.9499445762738,-691.9128646758402,3.479420978703832,25.020739520189235,-211.5715210514261,3.479420978703832
25.162947,0.009619999999998186,249.95572652188744,139.46027867108077,6.763207591700781,466.58465055339195,-689.9530642770027,3.492738962703592,25.020739520189235,-211.5715210514261,3.492738962703592
25.172921,0.009973999999999705,249.95572652188744,139.46027867108077,6.763207591700781,475.6182123952818,-687.7754195680134,3.5065470263640526,25.020739520189235,-211.5715210514261,3.5065470263640526
25.182972,0.010051000000000698,249.95572652188744,139.46027867108077,6.763207591700781,484.60025330881336,-685.531107991655,3.5206103301718756,25.020739520189235,-211.5715210514261,3.5206103301718756
25.192907,0.009935000000002248,249.95572652188744,139.46027867108077,6.763207591700781,493.5317287036228,-683.1754330415575,3.5334815258708794,25.020739520189235,-211.5715210514261,3.5334815258708794
25.202925,0.01001799999999875,249.95572652188744,139.46027867108077,6.763207591700781,502.66003326046194,-680.7543062936293,3.5478363380343803,25.020739520189235,-211.5715210514261,3.5478363380343803
25.212945,0.010020000000000806,249.95572652188744,139.46027867108077,6.763207591700781,511.46593312505604,-678.4019767363773,3.560236939674548,25.020739520189235,-211.5715210514261,3.560236939674548
25.222907,0.009961999999998028,249.95572652188744,139.46027867108077,6.763207591700781,520.144251341942,-675.93347778189,3.5729665907699846,25.020739520189235,-211.5715210514261,3.5729665907699846
25.232924,0.010017000000001275,249.95572652188744,139.46027867108077,6.763207591700781,528.9619725085525,-673.3956898509036,3.587029032171988,25.020739520189235,-211.5715210514261,3.587029032171988
25.242966,0.010041999999998552,240.23125576735114,132.20408498212694,7.085265096067485,537.8341296671194,-670.7743111284083,3.60196677631178,35.890823485354595,-206.18088538411374,3.60196677631178
25.252918,0.00995200000000196,240.23125576735114,132.20408498212694,7.085265096067485,546.5885906156324,-668.080606248578,3.6163251348244483,35.890823485354595,-206.18088538411374,3.6163251348244483
25.263179,0.010260999999999854,240.23125576735114,132.20408498212694,7.085265096067485,555.7904884812023,-665.4326116191228,3.6299467773361096,35.890823485354595,-206.18088538411374,3.6299467773361096
25.272951,0.009771999999998116,240.23125576735114,132.20408498212694,7.085265096067485,564.514933773434,-662.8625500119427,3.644266767916101,35.890823485354595,-206.18088538411374,3.644266767916101
25.282956,0.010004999999999598,240.23125576735114,132.20408498212694,7.085265096067485,573.3412238736997,-660.0953456616535,3.660599754240031,35.890823485354595,-206.18088538411374,3.660599754240031
25.292944,0.009987999999999886,240.23125576735114,132.20408498212694,7.085265096067485,582.2944901228035,-657.2652564554285,3.6786908060564016,35.890823485354595,-206.18088538411374,3.6786908060564016
25.303006,0.010062000000001348,240.23125576735114,132.20408498212694,7.085265096067485,591.1498969923897,-654.3343128730653,3.698997801967677,35.890823485354595,-206.18088538411374,3.698997801967677
25.312963,0.009956999999999994,226.5941174159733,122.30392455198024,6.736993608787213,599.8230164486728,-651.5857733995088,3.719330346701343,50.00762018037618,-196.97758325777394,3.719330346701343
25.323034,0.010070999999999941,226.5941174159733,122.30392455198024,6.736993608787213,608.6263730737795,-648.583667458567,3.741478974203179,50.00762018037618,-196.97758325777394,3.741478974203179
25.332903,0.009869000000001904,226.5941174159733,122.30392455198024,6.736993608787213,617.2280811655772,-645.3541070516344,3.765563248586676,50.00762018037618,-196.97758325777394,3.765563248586676
25.342914,0.01001099999999866,216.51261785662405,115.15661472810072,7.062795967855855,626.0027635381845,-642.0240677070678,3.7918613484218784,59.84363019710657,-189.49603408434314,3.7918613484218784
25.352922,0.010007999999999129,216.51261785662405,115.15661472810072,7.062795967855855,634.8040776122521,-638.4559156034627,3.8196516180339994,59.84363019710657,-189.49603408434314,3.8196516180339994
25.363069,0.010146999999999906,216.51261785662405,115.15661472810072,7.062795967855855,643.7546045344488,-634.6416260965885,3.8473263096781247,59.84363019710657,-189.49603408434314,3.8473263096781247
25.372911,0.009841999999999018,225.6257741564201,125.98851206659742,7.246293848250837,652.3982721397412,-630.6874314307403,3.8759760702776336,59.84363019710657,-189.49603408434314,3.8759760702776336
25.383065,0.010153999999999996,225.6257741564201,125.98851206659742,7.246293848250837,661.1812909780618,-626.5373311041186,3.9067380720377556,59.84363019710657,-189.49603408434314,3.9067380720377556
25.393046,0.009980999999999796,225.6257741564201,125.98851206659742,7.246293848250837,669.7915420923975,-622.2639767569808,3.9379586706499565,59.84363019710657,-189.49603408434314,3.9379586706499565
25.402938,0.009892000000000678,225.6257741564201,125.98851206659742,7.246293848250837,678.3654661590546,-617.6100554903214,3.9699538978114544,59.84363019710657,-189.49603408434314,3.9699538978114544
25.412964,0.010025999999999868,225.6257741564201,125.98851206659742,7.246293848250837,686.9799568799056,-612.6924616093504,4.00366889461082,59.84363019710657,-189.49603408434314,4.00366889461082
25.422985,0.010021000000001834,214.2919935511192,114.44443418302797,6.90925692507638,695.5079386405688,-607.5795486272693,4.037367077627628,69.9533533373124,-176.86615621401518,4.037367077627628
25.432931,0.009945999999999344,214.2919935511192,114.44443418302797,6.90925692507638,703.8117960187117,-602.3870637117975,4.071932778547599,69.9533533373124,-176.86615621401518,4.071932778547599
25.442954,0.010023000000000337,205.7592946061842,105.81826892710171,7.2388041388469615,711.978935176195,-596.926995186173,4.107586001718673,76.85236451901868,-166.88510802145865,4.107586001718673
25.453012,0.010058000000000789,194.29003617424092,94.09236073242974,6.920491489182196,720.1178015661447,-591.4395341222645,4.142810288376147,85.69784081999444,-153.0721300305454,4.142810288376147
25.462916,0.009903999999998803,183.45102077857345,81.78152984166275,7.343660070501238,728.0297820965186,-585.8540182911801,4.179420432009467,94.03180782377011,-138.94464596760773,4.179420432009467
25.472937,0.010021000000001834,173.34037230464517,69.15239272039963,7.014112856730656,735.769863343499,-580.0422012422048,4.2174216754012015,101.71629627101666,-124.70846128577853,4.2174216754012015
25.483016,0.010078999999997507,159.68681458539794,60.474796359759296,6.684565642960075,743.5704720827183,-573.9934590161099,4.255105729049762,108.85897885721046,-110.19286958361572,4.255105729049762
25.493021,0.010004999999999598,159.68681458539794,60.474796359759296,6.684565642960075,750.8746945457804,-567.7439552598753,4.293119611689591,108.85897885721046,-110.19286958361572,4.293119611689591
25.503068,0.01004700000000014,159.68681458539794,60.474796359759296,6.684565642960075,757.9848173601672,-561.1657492330526,4.331033389438016,108.85897885721046,-110.19286958361572,4.331033389438016
25.512999,0.009931000000001688,159.68681458539794,60.474796359759296,6.684565642960075,764.9276318268304,-554.5840528762411,4.369476625072313,108.85897885721046,-110.19286958361572,4.369476625072313
25.522923,0.009923999999998045,159.68681458539794,60.474796359759296,6.684565642960075,771.6738919363937,-547.903752075683,4.4062215193153085,108.85897885721046,-110.19286958361572,4.4062215193153085
25.532956,0.010032999999999959,144.18523191243682,56.70627821713082,6.358763283891431,778.3952221883343,-541.4330784703589,4.4401351642941185,113.14880892522137,-94.82738383322182,4.4401351642941185
25.542935,0.009979000000001292,144.18523191243682,56.70627821713082,6.358763283891431,784.8948785270944,-535.0677777271121,4.473640260469926,113.14880892522137,-94.82738383322182,4.473640260469926
25.552937,0.010002000000000066,144.18523191243682,56.70627821713082,6.358763283891431,790.9422940382298,-528.9402394807227,4.506480334107304,113.14880892522137,-94.82738383322182,4.506480334107304
25.562919,0.009982000000000824,132.6242437828767,53.84984489147891,6.69205535236395,796.7169687179713,-522.9411515201759,4.5357450970415,115.24147430216017,-83.10405625544396,4.5357450970415
25.572994,0.0100750000000005,132.6242437828767,53.84984489147891,6.69205535236395,802.3294430713946,-516.6829667043613,4.564944252249724,115.24147430216017,-83.10405625544396,4.564944252249724
25.583035,0.010040999999997524,132.6242437828767,53.84984489147891,6.69205535236395,807.7571311106135,-510.62063222587756,4.593066955923549,115.24147430216017,-83.10405625544396,4.593066955923549
25.592909,0.009873999999999938,132.6242437828767,53.84984489147891,6.69205535236395,813.0772424876253,-504.69864837304374,4.618885454868361,115.24147430216017,-83.10405625544396,4.618885454868361
25.602916,0.010007000000001653,132.6242437828767,53.84984489147891,6.69205535236395,818.452308749537,-498.73794311899076,4.6450517217248315,115.24147430216017,-83.10405625544396,4.6450517217248315
25.613108,0.010191999999999979,132.6242437828767,53.84984489147891,6.69205535236395,823.9047081209309,-492.8397309184393,4.669856349580974,115.24147430216017,-83.10405625544396,4.669856349580974
25.622976,0.009868000000000876,132.6242437828767,53.84984489147891,6.69205535236395,829.0669724996264,-487.1874778668984,4.692804889857255,115.24147430216017,-83.10405625544396,4.692804889857255
25.632903,0.009926999999997577,132.6242437828767,53.84984489147891,6.69205535236395,834.1808003336338,-481.5631623033611,4.7157914436711,115.24147430216017,-83.10405625544396,4.7157914436711
25.642943,0.010040000000000049,132.6242437828767,53.84984489147891,6.69205535236395,839.014922938801,-476.0324594532318,4.740537814302049,115.24147430216017,-83.10405625544396,4.740537814302049
25.653018,0.0100750000000005,132.6242437828767,53.84984489147891,6.69205535236395,843.5193995418757,-470.52441826362366,4.766303353961952,115.24147430216017,-83.10405625544396,4.766303353961952
25.662929,0.009910999999998893,121.67820771870875,46.77737870481929,7.021602566134531,847.7161306722895,-465.1906933969939,4.791079047856337,114.21703592376751,-70.11228926675511,4.791079047856337
25.673046,0.010117000000001042,121.67820771870875,46.77737870481929,7.021602566134531,851.9232186770593,-459.64345524449055,4.817527550707065,114.21703592376751,-70.11228926675511,4.817527550707065
25.682962,0.00991600000000048,121.67820771870875,46.77737870481929,7.021602566134531,855.915364895908,-454.1111477472884,4.844091330289954,114.21703592376751,-70.11228926675511,4.844091330289954
25.692951,0.009989000000000914,121.67820771870875,46.77737870481929,7.021602566134531,859.681207725631,-448.65582913563145,4.871898044634109,114.21703592376751,-70.11228926675511,4.871898044634109
25.703007,0.010055999999998733,121.67820771870875,46.77737870481929,7.021602566134531,863.3295478646028,-443.04313829800356,4.89877523792033,114.21703592376751,-70.11228926675511,4.89877523792033
25.712936,0.009928999999999633,121.67820771870875,46.77737870481929,7.021602566134531,866.9585881802627,-437.597819056191,4.924122424023765,114.21703592376751,-70.11228926675511,4.924122424023765
25.722937,0.010001000000002591,121.67820771870875,46.77737870481929,7.021602566134531,870.2902965140776,-432.28339493499465,4.949922568899647,114.21703592376751,-70.11228926675511,4.949922568899647
25.733463,0.010525999999998703,121.67820771870875,46.77737870481929,7.021602566134531,873.6033404083697,-426.76981857643113,4.9771514127223355,114.21703592376751,-70.11228926675511,4.9771514127223355
25.742899,0.009436000000000888,121.67820771870875,46.77737870481929,7.021602566134531,876.4193709294052,-421.8951179726757,5.001560625178248,114.21703592376751,-70.11228926675511,5.001560625178248
25.752936,0.010036999999996965,121.67820771870875,46.77737870481929,7.021602566134531,879.2694007512688,-416.6985863711249,5.029253568969404,114.21703592376751,-70.11228926675511,5.029253568969404
25.762959,0.010023000000000337,121.67820771870875,46.77737870481929,7.021602566134531,881.7766400285933,-411.4576923695219,5.057518152723063,114.21703592376751,-70.11228926675511,5.057518152723063
25.772924,0.009965000000001112,121.67820771870875,46.77737870481929,7.021602566134531,884.2430143129455,-406.30101452069295,5.086357351093127,114.21703592376751,-70.11228926675511,5.086357351093127
25.782942,0.01001799999999875,100.67513995816353,26.477441369344277,7.081520241365546,886.6525885292531,-401.16422665027073,5.116916884267977,102.72047604556451,-43.26000031133904,5.116916884267977
25.792972,0.010030000000000427,100.67513995816353,26.477441369344277,7.081520241365546,888.9722630652665,-396.0234039716661,5.1477736033146,102.72047604556451,-43.26000031133904,5.1477736033146
25.803038,0.010066000000001907,100.67513995816353,26.477441369344277,7.081520241365546,891.1933036433142,-390.97592835340697,5.17856673055716,102.72047604556451,-43.26000031133904,5.17856673055716
25.812915,0.00987699999999947,100.67513995816353,26.477441369344277,7.081520241365546,893.2720865757,-386.17958557011104,5.2103765847000245,102.72047604556451,-43.26000031133904,5.2103765847000245
25.82292,0.010004999999999598,105.3558008982371,31.63579621416011,7.152672480702376,895.2908706029876,-381.45894210833933,5.243079880747628,102.72047604556451,-43.26000031133904,5.243079880747628
25.832914,0.009993999999998948,105.3558008982371,31.63579621416011,7.152672480702376,897.0667252761575,-376.604211588328,5.276727214729135,102.72047604556451,-43.26000031133904,5.276727214729135
25.842966,0.010052000000001726,105.3558008982371,31.63579621416011,7.152672480702376,898.236733167499,-371.8414806301961,5.312963043060272,102.72047604556451,-43.26000031133904,5.312963043060272
25.85292,0.009954000000000462,105.3558008982371,31.63579621416011,7.152672480702376,898.9513102950448,-367.20445123949935,5.347523392081311,102.72047604556451,-43.26000031133904,5.347523392081311
25.862933,0.010013000000000716,105.3558008982371,31.63579621416011,7.152672480702376,899.4132001584882,-362.46946249843876,5.381968418805105,102.72047604556451,-43.26000031133904,5.381968418805105
25.873043,0.010109999999997399,105.3558008982371,31.63579621416011,7.152672480702376,899.7711793752876,-357.64003853046466,5.419014075379289,102.72047604556451,-43.26000031133904,5.419014075379289
25.882926,0.009883000000002085,105.3558008982371,31.63579621416011,7.152672480702376,899.917643178107,-352.9658149466317,5.455566343361701,102.72047604556451,-43.26000031133904,5.455566343361701
25.892914,0.009987999999999886,105.3558008982371,31.63579621416011,7.152672480702376,900.1875988198135,-348.28181963209744,5.491309311496141,102.72047604556451,-43.26000031133904,5.491309311496141
25.903084,0.01016999999999868,99.4587978965336,21.549173122836503,7.497199113280709,900.1211678763865,-343.7048720915823,5.528962342650024,94.20517111629594,-35.25973833124756,5.528962342650024
25.912947,0.009862999999999289,99.4587978965336,21.549173122836503,7.497199113280709,899.9015416747978,-339.436986054505,5.565561534142443,94.20517111629594,-35.25973833124756,5.565561534142443
25.922962,0.010014999999999219,99.4587978965336,21.549173122836503,7.497199113280709,899.2490965530288,-335.2998449536065,5.602935581743115,94.20517111629594,-35.25973833124756,5.602935581743115
25.932927,0.009965000000001112,99.4587978965336,21.549173122836503,7.497199113280709,898.4117838940647,-331.3692373528581,5.6411161206772045,94.20517111629594,-35.25973833124756,5.6411161206772045
25.942972,0.010045000000001636,99.4587978965336,21.549173122836503,7.497199113280709,897.498861048993,-327.62432732917443,5.678679744342462,94.20517111629594,-35.25973833124756,5.678679744342462
25.952903,0.009930999999998136,99.4587978965336,21.549173122836503,7.497199113280709,896.3480104066755,-324.0465649376518,5.716252367378316,94.20517111629594,-35.25973833124756,5.716252367378316
25.962924,0.010021000000001834,99.4587978965336,21.549173122836503,7.497199113280709,895.011914096349,-320.6274963858766,5.755084049353112,94.20517111629594,-35.25973833124756,5.755084049353112
25.973469,0.01054500000000047,99.4587978965336,21.549173122836503,7.497199113280709,893.5090302563925,-317.222038449362,5.794896769575793,94.20517111629594,-35.25973833124756,5.794896769575793
25.983922,0.01045299999999827,99.4587978965336,21.549173122836503,7.497199113280709,891.9841585472672,-313.9707873038793,5.834589147747765,94.20517111629594,-35.25973833124756,5.834589147747765
25.992946,0.009024000000000143,91.77614222980475,7.824777107859434,7.190121027721759,890.6447828094717,-311.25763077878645,5.868855293411589,79.80761945673767,-28.927854703148398,5.868855293411589
26.002986,0.010040000000000049,91.77614222980475,7.824777107859434,7.190121027721759,889.2014541982775,-308.476775404562,5.90697406767484,79.80761945673767,-28.927854703148398,5.90697406767484
26.012925,0.009938999999999254,84.4357816080655,-5.0607524622949605,7.482219694472956,887.8304889740116,-305.70742626602174,5.94418897135799,65.82196509146355,-23.996400725304472,5.94418897135799
26.022926,0.010000999999999038,87.257313399106,3.472525569426397,7.587075626127231,886.1994583062927,-303.06260614242393,5.983306910379107,65.82196509146355,-23.996400725304472,5.983306910379107
26.032976,0.010050000000003223,87.257313399106,3.472525569426397,7.587075626127231,884.5315078415697,-300.7660230720639,6.0224263738320944,65.82196509146355,-23.996400725304472,6.0224263738320944
26.042936,0.009959999999999525,89.45942960013974,14.259924877469468,7.718145540695075,882.8081629595138,-298.7066467943569,6.060642161755506,65.82196509146355,-23.996400725304472,6.060642161755506
26.052933,0.00999699999999848,89.45942960013974,14.259924877469468,7.718145540695075,881.2159152392685,-296.9158918978386,6.097919734749612,65.82196509146355,-23.996400725304472,6.097919734749612
26.062953,0.010020000000000806,89.45942960013974,14.259924877469468,7.718145540695075,880.1121700245991,-295.43723600107654,6.133742508397182,65.82196509146355,-23.996400725304472,6.133742508397182
26.072929,0.009975999999998209,89.45942960013974,14.259924877469468,7.718145540695075,879.1365227753213,-294.1676660314523,6.1693534827427685,65.82196509146355,-23.996400725304472,6.1693534827427685
26.082927,0.00999800000000306,89.45942960013974,14.259924877469468,7.718145540695075,878.1261880200135,-293.2881189351294,6.2020658670262305,65.82196509146355,-23.996400725304472,6.2020658670262305
26.092961,0.010033999999997434,89.45942960013974,14.259924877469468,7.718145540695075,877.1254873269042,-292.59945848482204,6.230345428369488,65.82196509146355,-23.996400725304472,6.230345428369488
26.102929,0.009968000000000643,89.45942960013974,14.259924877469468,7.718145540695075,876.2139971263375,-292.0236506945071,6.25394884336029,65.82196509146355,-23.996400725304472,6.25394884336029
26.11292,0.009990999999999417,89.45942960013974,14.259924877469468,7.718145540695075,875.0381310687865,-291.6874883766249,6.273395077924294,65.82196509146355,-23.996400725304472,6.273395077924294
26.122977,0.01005699999999976,89.74759537944162,1.9052645597058113,8.03645819035984,874.1213220913274,-291.36591728838727,6.28824526262599,53.464102776850254,-24.05893149169163,6.28824526262599
26.132978,0.010001000000002591,89.74759537944162,1.9052645597058113,8.03645819035984,873.2929532187816,-291.08609976593954,6.297944134420214,53.464102776850254,-24.05893149169163,6.297944134420214
26.143066,0.010087999999999653,89.74759537944162,1.9052645597058113,8.03645819035984,872.6949826116313,-290.9057739943211,6.30345065300658,53.464102776850254,-24.05893149169163,6.30345065300658
26.152903,0.009836999999997431,89.74759537944162,1.9052645597058113,8.03645819035984,872.2337809573233,-290.9535143086027,6.304430978600564,53.464102776850254,-24.05893149169163,6.304430978600564
26.162959,0.010056000000002285,89.74759537944162,1.9052645597058113,8.03645819035984,871.823433676649,-291.05423220077626,6.301441944244272,53.464102776850254,-24.05893149169163,6.301441944244272
26.172948,0.009989000000000914,89.74759537944162,1.9052645597058113,8.03645819035984,871.4883170016104,-291.0967366580947,6.295875011818619,53.464102776850254,-24.05893149169163,6.295875011818619
26.182932,0.009983999999999327,89.74759537944162,1.9052645597058113,8.03645819035984,871.1742746313017,-291.14314992932685,6.289265343889249,53.464102776850254,-24.05893149169163,6.289265343889249
26.192978,0.010045999999999111,89.74759537944162,1.9052645597058113,8.03645819035984,870.8794221714536,-291.1939711630904,6.282614630345734,53.464102776850254,-24.05893149169163,6.282614630345734
26.202944,0.009965999999998587,89.74759537944162,1.9052645597058113,8.03645819035984,870.5903571074924,-291.1759246260568,6.27636608569404,53.464102776850254,-24.05893149169163,6.27636608569404
26.212929,0.009985000000000355,94.19281772442939,-10.822273239737799,8.343536275918792,870.2103628467305,-291.21311879262646,6.274087257919113,39.98318380728164,-23.93627804261872,6.274087257919113
26.222903,0.009973999999999705,94.19281772442939,-10.822273239737799,8.343536275918792,869.8038438156386,-291.2090892078257,6.275203490569945,39.98318380728164,-23.93627804261872,6.275203490569945
26.232919,0.010016000000000247,94.19281772442939,-10.822273239737799,8.343536275918792,869.3324205953071,-291.25168559385685,6.2801195826562735,39.98318380728164,-23.93627804261872,6.2801195826562735
26.242964,0.010045000000001636,94.19281772442939,-10.822273239737799,8.343536275918792,868.8413395647759,-291.2760986430671,6.286108510114661,39.98318380728164,-23.93627804261872,6.286108510114661
