timestamp,encoderR,encoderL,x_odom,y_odom,theta_odom,delta_S,dist_R,dist_L,theta_fused,x_fused,y_fused
23972961,0.01,0.01,0.0,0.0,0.0,0.0,0.0,0.0,-0.0,0.0,0.0
23982928,0.0,0.01,-0.0006241424503146274,3.246281652446076e-09,-1.0402374172051161e-05,-0.0006241424503230697,-0.0012482849006461394,0.0,-2.523039972808566e-05,-0.0006241424502734056,7.873681754250107e-09
23992902,0.0,0.01,-0.0006241424503146274,3.246281652446076e-09,-1.0402374172051161e-05,0.0,0.0,0.0,-0.0003893348596420746,-0.0006241424503146274,3.246281652446076e-09
24002946,0.0,0.02,-6.753809751042228e-14,-6.492563304540874e-09,-2.0804748344102323e-05,0.0006241424503230697,0.0,0.0012482849006461394,-0.00040137843086827913,-4.877043571511336e-11,-2.4351257724027743e-07
24012902,0.0,0.0,-0.0012482849006461394,6.492563305067791e-09,0.0,-0.0012482849006461394,0.0,-0.0024965698012922788,-0.00040137843086827913,-0.0012482848001614311,4.945420579402045e-07
24022930,0.01,0.0,-0.0006241424503315119,9.738844957513867e-09,1.0402374172051161e-05,0.0006241424503230697,0.0012482849006461394,0.0,-0.00036396923020476954,-0.0006241424960225486,-2.3235041313118206e-07
24033101,0.0,0.02,-1.6884497272551258e-14,6.49256330506779e-09,-2.0804748344102326e-05,0.0006241424503230697,-0.0012482849006461394,0.0024965698012922788,-0.0003273816666021034,-3.72983056115897e-11,-2.0601187212880273e-07
24042927,0.0,0.02,-1.6884497272551258e-14,6.49256330506779e-09,-2.0804748344102326e-05,0.0,0.0,0.0,-0.00031298123472950346,-1.6884497272551258e-14,6.49256330506779e-09
24052962,0.01,0.02,0.0006241424502302048,-3.2462816519191593e-09,-1.0402374172051165e-05,0.0006241424503230697,0.0012482849006461394,0.0,-0.00029961147973426444,0.0006241424210284562,-1.8467999263344997e-07
24063039,0.0,0.03,0.0006241424502302047,-3.2462816519191572e-09,-3.120712251615349e-05,-1.0842021724855044e-19,-0.0012482849006461394,0.0012482849006461392,-0.0002512789161156013,0.0006241424502302047,-3.2462816519191295e-09
24072897,0.0,-0.03,-0.0031207122517082136,-3.2462816519191572e-09,3.120712251615349e-05,-0.003744854701938418,0.0,-0.007489709403876836,-0.0002591592775352166,-0.003120712129744312,9.525121427433511e-07
24082919,0.01,-0.02,-0.001872427351669917,3.570909817128639e-08,3.120712251615349e-05,0.0012482849006461394,0.0012482849006461394,0.0012482849006461392,-0.0002271134336937134,-0.0018724273879584343,-3.0674972017330385e-07
24092932,0.0,-0.01,-0.001872427351669917,3.570909817128639e-08,1.0402374172051165e-05,0.0,-0.0012482849006461394,0.0012482849006461394,-0.0002284474781059439,-0.001872427351669917,3.570909817128639e-08
24102916,0.0,-0.01,-0.001872427351669917,3.570909817128639e-08,1.0402374172051165e-05,0.0,0.0,0.0,-0.00018322133409334946,-0.001872427351669917,3.570909817128639e-08
24112958,0.0,0.0,-0.0012482849013552896,3.8955379823732466e-08,3.3881317890172014e-21,0.0006241424503230697,0.0,0.0012482849006461394,-0.0001337187337196471,-0.0012482849091838145,-6.319877667992056e-08
24122976,0.0,0.04,0.0012482848993966844,-1.2985126611891956e-08,-4.1609496688204645e-05,0.0024965698012922788,0.0,0.0049931396025845575,-0.00012037162803531183,0.0012482848797890742,-2.782217813014662e-07
24132949,0.01,0.01,-9.79302576531449e-13,1.2985126605920258e-08,0.0,-0.0012482849006461394,0.0012482849006461394,-0.003744854701938418,-0.0001482746464500392,1.001176311993257e-11,1.5468841691134492e-07
24143006,0.0,0.0,-0.001248284901625442,1.2985126605920258e-08,0.0,-0.0012482849006461394,-0.0012482849006461394,-0.0012482849006461394,-0.00013085586082141397,-0.0012482848894681082,1.8720232480866603e-07
24152902,0.0,0.05,0.0018724273489346245,-6.817191469644972e-08,-5.2011870860255816e-05,0.003120712251615349,0.0,0.006241424503230698,-0.00010316827732275338,0.0018724273286257853,-3.5217587010090605e-07
24162973,2.59,1.37,0.24591208023891706,0.0001484394656745424,0.0012690896489902415,0.24403969807632026,0.3233057892673501,0.1647736068852904,-0.0006076744832166404,0.245912110011176,-8.680509641941788e-05
24173247,2.94,1.93,0.3027090050142363,0.00021431624447740543,0.0010506397913771673,0.05679696297939934,0.04368997152261489,0.06990395443618379,-0.0003914012761839397,0.3027090361318136,0.0001200672323943896
24182948,3.03,2.11,0.3195608426823857,0.00023123261532734984,0.0009570184238287067,0.016851846158722872,0.011234564105815237,0.022469128211630503,-0.0007261526288603993,0.3195608485421191,0.00020489982172647943
24192951,8.38,4.88,0.8263631731027401,0.0013963350592497783,0.003640830960217909,0.5068036696623327,0.6678324218456848,0.3457749174789806,-0.0010286782755205318,0.8263643172613326,-0.00021344469860481926
24202966,12.53,9.36,1.3649948664205342,0.00326495920207618,0.003297552612540219,0.5386349346288091,0.5180382337681476,0.5592316354894704,-0.0004749392625151783,1.3649979555089002,0.000991384630243922
24212936,12.61,15.32,1.741976895625921,0.00335515389064765,-0.0028190434006258648,0.3769820399951342,0.009986279205169124,0.7439778007850992,-0.009842219949086796,1.741971890502899,0.0013202759638067851
24222919,38.53,23.1,3.8452909210692496,0.017270693158360415,0.016050863347474947,2.1033600575887452,3.235554462474794,0.9711656527026965,-0.01768683995670856,3.8451377026594082,-0.02559569442124233
24232909,74.97,30.59,6.585822128343288,0.10255147126779231,0.046165736575563054,2.7418577842692446,4.548750177954531,0.9349653905839583,-0.025536960549330155,6.5865084047012346,-0.041981451006912654
24242967,133.84,118.75,15.758198965965219,0.38635699143750213,0.0156971826256252,9.176766447100094,7.348653210103824,11.004879684096366,-0.024915182073751273,15.75966889116831,-0.12891774229408798
24252945,190.31,131.96,20.104051222571744,0.552438542701104,0.06069785329391851,4.34902459385115,7.049064833948749,1.6489843537535513,-0.02691988910251542,20.105762981110686,0.2736536102354285
24262969,241.33,145.16,24.09935611439368,0.8742293026631105,0.10003963241261603,4.008242815974754,6.368749563096604,1.6477360688529024,-0.03200551101449575,24.110554485406446,0.43436197132418775
24272910,282.06,158.64,27.46078830464976,1.259826220803215,0.12838610203145545,3.3834762232013595,5.084264400331724,1.6826880460709948,-0.023989928945385392,27.481506317532368,0.7795120583099605
24283003,334.2,180.3,32.01912694993988,1.9219158572788273,0.16009253850786737,4.606171283384255,6.508557471968969,2.7037850947995414,-0.017188421619123116,32.06598331195646,1.164995653203971
24292915,365.7,202.04,35.29683821041319,2.468269182843107,0.17024525569978932,3.322934405520022,3.932097437035339,2.713771374004705,-0.017022027523950083,35.34157524077107,1.865079089763261
24302947,406.74,223.7,39.14675770376406,3.1701305735177328,0.19040505684522452,3.913373163525648,5.122961232251759,2.7037850947995374,-0.012223720381120653,39.209792986149694,2.4110464597021406
24313050,441.53,244.18,42.529097034589086,3.8481899458437345,0.20529085428542967,3.449635322935605,4.342783169347915,2.5564874765232957,-0.005414128183484426,42.59625888259118,3.139708895139808
24323015,481.48,268.04,46.421190435222506,4.692662375290932,0.22202827432826003,3.9826529755115114,4.986898178081333,2.9784077729416905,-0.002092349603156107,46.5117219587112,3.8332421328919852
24332945,515.85,294.92,50.14691438269019,5.549012351315564,0.22981965258312637,3.8228725082288024,4.290355203520782,3.3553898129368225,0.0003763426819827242,50.24406153630949,4.689382337851934
24342914,557.56,322.24,54.334626344460176,6.561857796248156,0.2447886690167079,4.308455334580145,5.206596320595038,3.4103143485652523,0.002950359858536067,54.45536375708935,5.5561788226645685
24352943,601.23,351.74,58.75705494870008,7.701264214231274,0.25952883321850445,4.566850309013906,5.4512601611216995,3.6824404569061113,0.0013603102851605829,58.9014660458968,6.571700881266093
24362930,649.83,378.19,63.27022636049192,8.955421794287213,0.2825700920095978,4.684189089674639,6.0666646171402405,3.301713562209037,-0.0033446220091496327,63.44124173287968,7.696616769329732
24372960,691.44,480.96,71.99975734959611,11.19150196219691,0.21894917157333293,9.011368697764482,5.194113471588588,12.828623923940373,-0.008880951618527911,72.2814266986465,8.900337561586108
24382897,741.67,509.77,76.80296839156443,12.31659852286861,0.24123105704986642,4.933221927353538,6.270135055945547,3.596308798761528,-0.014470536952327882,76.93264302495179,11.133904233139925
24392942,793.89,539.75,81.77035446205188,13.599798620851178,0.2643659372085082,5.130450941655635,6.518543751174143,3.742358132137128,-0.01817095805231434,81.93273605748963,12.23286944570003
24402945,840.44,572.21,86.52081003342165,14.923195672237343,0.27902288241692835,4.931349500002581,5.8107662125077875,4.051932787497373,-0.018670725089748482,86.7008673147005,13.508964150287806
24412911,882.54,602.45,90.8534838409648,16.193464322914558,0.29136009818498093,4.5150464856370816,5.255279431720236,3.774813539553927,-0.01856450248623474,91.03507404901548,14.839141136497384
24422964,926.85,631.89,95.25217627744173,17.549775279032318,0.30682842857882114,4.6030505711326395,5.531150394763051,3.674950747502227,-0.016662591886400804,95.45582041215442,16.112392466546154
24432967,967.77,668.9,99.88595704926885,19.028290974009078,0.31089575688009313,4.863942115367679,5.107981813443997,4.61990241729136,-0.015772340203718125,100.11547878334967,17.47089792057642
24442898,1014.9,707.84,104.99337064462996,20.69341759180446,0.31941530132700297,5.371994069930664,5.883166736745254,4.8608214031160735,-0.015645320736470084,105.25728831644638,18.943906700525428
24452908,1056.27,737.46,109.1914636588278,22.11041820642208,0.3316380909791631,4.430787254843472,5.164154633973079,3.697419875713865,-0.01551062261990071,109.42362029368105,20.62439770506163
24462913,1097.53,847.63,118.2323808740486,24.8655175339004,0.25995533055955855,9.451389125242242,5.15042350006597,13.752354750418514,-0.01594384065265003,118.64168392739023,21.961780148041925
24472913,1152.32,880.08,123.47783780900468,26.326137465863262,0.28319423445992076,5.4450187366184615,6.839352970640194,4.050684502596728,-0.01564540267368306,123.67672044017446,24.779519098783386
24482971,1200.53,917.78,128.6179978727736,27.85253258726402,0.29412712971474664,5.36200779072549,6.017981506015042,4.706034075435937,-0.015345233754438083,128.839201890474,26.243054773732897
24492954,1243.11,952.08,133.20430673334405,29.263377118104458,0.30274029552920484,4.79840715808376,5.315197106951253,4.281617209216267,-0.01623370546774621,133.41580690419613,27.776771431320217
24502929,1286.28,982.68,137.59014780130835,30.664792860212117,0.3158160798634733,4.604298856033283,5.388845916089393,3.819751795977175,-0.017005843791921924,137.80796971141575,29.186858231537354
24513041,1334.71,1019.15,142.61671187706253,32.34191251272401,0.32825731937324654,5.298969403242867,6.045443773829261,4.5524950326564735,-0.01772930861373425,142.8883180534065,30.572767231790827
24522958,1377.96,1058.73,147.50725660084058,34.01795367225969,0.3320749906943893,5.169771916025989,5.3988321952945535,4.940711636757425,-0.01875724439155086,147.78562352260286,32.2476041656465
24532994,1424.13,1091.33,152.14360717394104,35.65348054106333,0.34619101244586287,4.916370081194819,5.763331386283236,4.069408776106403,-0.02039386547800662,152.42268472982906,33.92171914614645
24542915,1462.19,1202.67,161.02927529147706,38.480972765311826,0.26996241451307174,9.324688207826668,4.7509723318592,13.898404083794135,-0.022839171683481135,161.46611687500103,35.451928942647704
24552919,1521.94,1236.65,166.64605993622928,40.11659202068624,0.29676933275444756,5.850087186878134,7.458502281360683,4.241672092395584,-0.024931738853253158,166.87769377652458,38.34125405564724
24562902,1568.47,1277.09,171.83188711728235,41.72039756966473,0.3031043786252269,5.428166890459725,5.808269642706483,5.0480641382129665,-0.026991982392047004,172.07239758778013,39.97568253894384
24572910,1621.15,1313.73,177.13852820110168,43.42873170474747,0.3197897867971969,5.57484036628567,6.575964856603871,4.573715875967468,-0.027690672598205374,177.40464388246178,41.56799302342367
24582975,1666.73,1343.16,181.57034665087696,44.93778110051604,0.33658962108505935,4.681692519873346,5.689682577145096,3.673702462601596,-0.028349090064645796,181.81838301062913,43.29756840050154
24592903,1730.62,1384.11,187.72045234095444,47.17244347154143,0.3604526674357448,6.543509449187043,7.9752922302281695,5.111726668145918,-0.030965429743553874,188.11097862908463,44.74374698689882
24602948,1783.44,1422.04,193.0049247695722,49.21114346931229,0.3759418025779291,5.664092736681872,6.593440845212929,4.734744628150815,-0.035684303088419064,193.3814002488825,46.98372327268302
24612897,1858.57,1451.0,198.98889270447887,51.74081194611419,0.42396956413028913,6.496698765412827,9.37836445855443,3.615033072271224,-0.042163433179939036,199.49670268770416,48.958330672621315
24622931,1928.32,1557.65,209.10905955626737,56.07665355830277,0.38558480343542023,11.009872823698956,8.706787182006822,13.31295846539109,-0.047839665451069886,209.9876191456032,51.2455178240638
24632918,1992.37,1586.95,214.46716386210937,58.36516901343296,0.42173305368329805,5.826369773765851,7.995264788638519,3.6574747588931826,-0.055236361894528734,214.9276931375113,55.77650694767314
24642925,2070.41,1616.38,220.51573504099258,61.26473360065577,0.47229899453363866,6.707658913622033,9.741615364642469,3.673702462601596,-0.06420376793124484,221.16286494400077,57.96482525682959
24652990,2142.32,1646.57,226.12636005891142,64.2862517642909,0.5156976995794366,6.372494417798549,8.976416720546426,3.768572115050673,-0.0721543935086894,226.8734242848822,60.83059930921587
24662912,2241.0,1671.25,232.67339998125053,68.3380854362084,0.5926752684526149,7.699421267185381,12.318075399576081,3.08076713479468,-0.0828645923410411,233.80266491333776,63.690070892828984
24672901,2344.26,1697.46,239.18976758776935,73.11677084656804,0.6728255614482692,8.080772304332799,12.889789884072062,3.271754724593536,-0.09396917856137253,240.72260695412285,67.62453926227477
24682940,2447.16,1722.97,245.25163822100038,78.35964689367196,0.7533295351657727,8.014613204598515,12.844851627648728,3.1843747815483012,-0.10569778993569326,247.16447423249772,72.31797253043939
24692910,2533.56,1745.79,250.06707783294306,83.18473203954215,0.8194678301516741,6.8168838424285685,10.785181541582656,2.848586143274482,-0.1173457882823391,252.02617481530075,77.60099067795326
24702918,2642.86,1769.26,255.44780287995914,89.48694168450234,0.9087514076703894,8.286739312939408,13.643753964062325,2.9297246618164925,-0.1235206629860021,258.2937936436953,82.18914406767135
24712962,2728.59,1787.33,259.248145851412,94.73381061409981,0.9791338713184876,6.478598634353461,10.701546453239356,2.255650815467566,-0.11706397063417578,261.8795845662032,88.70949419074988
24722924,2816.89,1803.18,262.66787325860935,100.26203200246279,1.0544990721949978,6.500443620114763,11.022355672705377,1.9785315675241482,-0.11101436687095906,265.7063663467126,93.99411115325782
24732917,2876.46,1815.1,264.7737598994984,104.19581329777066,1.104066385124822,4.461994377359627,7.436033153149074,1.487955601570179,-0.0975860703350584,267.10561964747257,99.79748834281325
24742916,2938.46,1827.94,266.76826295300236,108.41967001146902,1.1552044565546253,4.671082098217863,7.739366384006065,1.6027978124296614,-0.08414971117740096,269.4255707626504,103.77194579282123
24752927,2976.16,1923.36,270.3493559241833,115.91689257588405,1.095161952833546,8.308584298700683,4.706034075435922,11.911134521965444,-0.06499665981900167,275.0537552728851,107.80064653390183
24762927,3012.52,1942.97,271.9218422158661,119.03628490057991,1.1125859295717315,3.4933252944582374,4.538763898749379,2.4478866901670955,-0.049541835908212185,273.83695413811364,115.71694180421275
24772901,3044.46,1969.5,273.52689861637464,122.31372734569027,1.1182136139988113,3.6493609070389903,3.9870219726637766,3.3116998414142045,-0.04364440673632064,275.56724260609707,118.86631130048774
24782948,3083.53,1998.46,275.363543497622,126.1419907266917,1.1287304142867551,4.246041089547855,4.8770491068244874,3.615033072271224,-0.0420889834294548,277.7690391393359,122.13176933520879
24792962,3120.11,2023.55,276.98939151627513,129.63084226215955,1.140682742210442,3.8490864911423612,4.566226166563569,3.1319468157211534,-0.03913778248209676,279.209455993236,125.9857092742583
24802916,3157.23,2051.19,278.6566433877719,133.31290727691498,1.1505441929255462,4.041946508292199,4.633633551198455,3.4502594653859417,-0.03499876293894018,281.0285614103978,129.48104859637738
24812939,3197.89,2081.87,280.45214984548176,137.38747356431236,1.1609257623492533,4.4526322406047605,5.075526406027185,3.8297380751823358,-0.03242816274401477,283.1067454425331,133.16282206017738
24822910,3234.31,2114.03,282.1491340198179,141.3170795038818,1.165357173746547,4.280368924315637,4.546253608153249,4.014484240478024,-0.03181574789325722,284.73031067450967,137.2500033885708
24832970,3284.97,2150.12,284.2469426707255,146.30860366249436,1.1805134329152256,5.414435756552602,6.323811306673325,4.505060206431879,-0.033488450131370084,287.560683706553,141.14031822465859
24842936,3328.23,2181.04,285.9808667062461,150.60154866342208,1.1933499626435369,4.6298886964965495,5.400080480195227,3.8596969127978724,-0.035437634905847275,288.8740821769286,146.14907519456162
24852981,3378.79,2287.69,289.86163838108297,159.61363890472626,1.1350030459125018,9.812143461528981,6.311328457666874,13.31295846539109,-0.0366073159334741,295.78664464556,150.24816740402704
24863097,3425.24,2322.98,291.9883528492265,164.25097009487632,1.1466120954885106,5.101740388940758,5.798283363501295,4.405197414380222,-0.03810064202432887,294.9598199043149,159.42311291614135
24872936,3475.68,2358.3,294.1529497214218,169.1464104098892,1.162340485236652,5.35264565397066,6.296349038859134,4.408942269082185,-0.03805345098597975,297.33711867464933,164.04720640390184
24882917,3525.07,2394.41,296.23865820515556,174.0583526592201,1.1761548381371365,5.336417950262246,6.165279124291323,4.5075567762331685,-0.04036859972879613,299.48526581394475,168.93721760575426
24892946,3583.6,2429.35,298.41540018117695,179.4709038912359,1.2006940388090048,5.83385948316972,7.306211523481823,4.361507442857618,-0.04361016297670279,302.06737558130965,173.81346448415044
24902974,3641.03,2463.04,300.40689319357926,184.79800819504678,1.2253892750934545,5.687186007343833,7.1689001844108144,4.20547183027685,-0.04623815932331434,304.09684827037756,179.21549776005244
24912940,3691.6,2499.47,302.2077685308542,189.92071988052788,1.2400982321727347,5.430039317810678,6.312576742567491,4.547501893053866,-0.042369000990326235,305.8316043228181,184.55751670396717
24922941,3734.76,2530.76,303.6894186414963,194.32491227191937,1.2524458503149594,4.6467405426553,5.387597631188776,3.905883454121822,-0.03718312256978669,306.85083367249456,189.73593957519006
24933049,3780.51,2637.3,306.94840339534676,203.2538140059309,1.1892098177230603,9.505065375970027,5.710903420456089,13.299227331483966,-0.037367620658858805,313.1878813596621,193.97068947045258
24942920,3822.82,2669.49,308.6572422114922,207.57828849311642,1.1997370203851765,4.649861254906841,5.281493414633809,4.018229095179873,-0.03943631319000719,311.59483647066395,203.07529407292046
24952961,3874.03,2703.54,310.5424719561589,212.55459403577277,1.217587494464416,5.321438531454506,6.392466976208885,4.2504100867001275,-0.04265633734293811,313.9741985902992,207.35992432501152
24962900,3921.68,2739.99,312.3294480012923,217.49008961527926,1.229238153537113,5.249038007216982,5.948077551578809,4.5499984628551555,-0.046842087077582535,315.7862552620471,212.31978210656868
24972997,3976.32,2773.68,314.11936419033185,222.70448538529303,1.2510311274275605,5.513050263703699,6.820628697130547,4.20547183027685,-0.051094377556574866,317.8358897477759,217.22023316694867
24982916,4034.94,2806.61,315.8428936316629,228.15237654188118,1.2777548266755596,5.714024132707715,7.317446087587657,4.110602177827773,-0.057157514416287816,319.82502041217896,222.39535941216272
24992941,4095.9,2845.8,317.58065500206527,234.15675153334857,1.300400795248115,6.25078663998555,7.609544754338872,4.892028525632227,-0.059111560399041155,322.08312059048313,227.78919460257976
25002958,4150.69,2881.51,319.0353462146864,239.61470934198013,1.320248525168388,5.648489175423752,6.839352970640136,4.457625380207368,-0.05965339879794148,323.2191880296336,233.82152733687644
25012902,4203.28,2908.86,320.2088308609223,244.46414165259623,1.3465041175786454,4.989394747882622,6.564730292498065,3.4140592032671804,-0.05525224225902205,324.0165086639744,239.32821221459076
25022898,4249.21,3019.32,322.6979499251552,253.90239891812496,1.2793775970463996,9.760963780602506,5.733372548667754,13.788555012537259,-0.0501528586257366,329.95624195337405,243.9499520757053
25032949,4296.7,3052.4,324.10661649902187,258.7297833340281,1.2943674182283251,5.028715722252954,5.928104993168489,4.129326451337421,-0.04468930125229205,327.7210125224802,253.66402115366458
25043008,4340.29,3090.63,325.48665414365087,263.6465122701152,1.2999430907845446,5.106733528543367,5.44127388191654,4.772193175170194,-0.04269914427408371,329.2084759533099,258.5067195757865
25053019,4395.8,3125.36,326.9348448841672,269.08940790248334,1.321559224314067,5.632261471715395,6.929229483486747,4.335293459944045,-0.04339404258590307,331.1136981049369,263.4041374704254
25062934,4442.6,3157.6,328.1154574978715,273.87927558759577,1.336705081108574,4.933221927353541,5.8419733350239555,4.024470519683126,-0.04600167240568749,331.8631395936854,268.8689768686956
25072928,4493.6,3195.91,329.37263177847854,279.30987402038835,1.3499056939329068,5.574216223835332,6.366252993295311,4.7821794543753535,-0.04620139935848632,333.68375118605934,273.62238667744964
25082937,4541.03,3233.72,330.51229107099056,284.5065653674396,1.3599127778864195,5.320190246553805,5.920615283764563,4.719765209343047,-0.04461185366566282,334.687338484949,279.06838513094647
25092962,4590.83,3263.49,331.50120883240083,289.3734115766198,1.3807487333530382,4.966301477220676,6.216458805217798,3.7161441492235547,-0.044022835020143876,335.47371637124866,284.28654411255025
25102996,4637.1,3375.81,333.70380116006345,299.02351195862985,1.3120410519466406,9.8982751196736,5.775814235289742,14.02073600405746,-0.04427282452431285,341.3898394967704,288.9365661480761
25112966,4686.82,3411.63,335.0325601766629,304.19443138638644,1.3265003520457908,5.338914520063508,6.206472526012524,4.4713565141144915,-0.04456239729652962,339.03744990923985,298.78644810024207
25123001,4742.74,3451.8,336.43544804759597,310.0254287386998,1.3428840913667712,5.997384805154386,6.980409164413222,5.0143604458955515,-0.04420007693615864,341.02403944419785,303.9283474000292
25133008,4801.93,3487.62,337.70497911188284,315.8179172440558,1.3671944398068556,5.929977420519499,7.388598326924563,4.471356514114436,-0.040829633513497575,342.36006701992443,309.7733925496385
25142993,4857.35,3519.04,338.73455979379514,321.13928347470846,1.3921601378197783,5.4200530386055465,6.917994919380914,3.9221111578301793,-0.02925457194336761,343.12170471674676,315.62802605703274
25152973,4939.69,3555.04,339.871425315473,328.43736787763214,1.4403647397330626,7.386101757123159,10.278377871920217,4.493825642326102,-0.011717847355929362,346.11911168785696,320.987980829373
25162945,5024.56,3587.41,340.62470271752767,335.71593850656103,1.494977204136332,7.317446087587713,10.594193951783886,4.04069822339154,0.011047404038017704,347.188870991917,328.4349149112613
25172942,5102.66,3610.37,340.92193069256996,342.0165151816951,1.5523358953210216,6.307583602964911,9.74910507404628,2.866062131883541,0.042533820558697706,346.93002286310406,335.8849023197875
25182963,5179.05,3632.18,340.861084356754,348.1452920108959,1.6091120535520773,6.1290788621725625,9.535648356035901,2.722509368309223,0.08064721321244668,347.0393882304683,342.39376969888644
25192933,5245.62,3732.65,340.64545816165656,358.5687374475485,1.5738480051088233,10.425675490196554,8.309832583601313,12.541518396791794,0.11973156756889639,351.2344775859413,349.1880874556197
25202928,5318.0,3755.34,340.47401894707406,364.4999825643146,1.6255374023697455,5.9337222752214345,9.035086110876772,2.832358439566097,0.15744911595104955,346.52228624864597,359.3884640333265
25213035,5376.51,3783.75,340.0924292326528,369.9115918744495,1.6568485486276199,5.425046178208126,7.303714953680588,3.546377402735664,0.19558931219901574,345.8147647635972,365.45264208323056
25222909,5447.22,3813.67,339.41999835692013,376.1562376187466,1.6992798328754166,6.280745477601058,8.826622532468857,3.7348684227332583,0.2292365020243233,346.2320154187351,371.23569353900314
25232909,5507.01,3841.16,338.6313463626776,381.5463629462,1.732879501451142,5.447515306419737,7.463495420963263,3.4315351918762103,0.25584011614937885,344.70807297221864,377.4645532827639
25242927,5574.39,3871.7,337.5297074642893,387.55785871861036,1.7712018479009786,6.111602873563503,8.4109436605537,3.812262086573305,0.2748156963007983,344.52908327251123,383.1489823728064
25252986,5652.0,3905.49,335.9906826355052,394.3383360707819,1.8167850515229065,6.952946896598974,9.687939113914647,4.2179546792833005,0.2955428126812496,344.20183344698603,389.51392758701667
25262899,5723.38,3936.77,334.3011038336745,400.51900697104963,1.8584985719528315,6.407446395016653,8.910257620812157,3.9046351692211494,0.3210749966241414,342.0960057020625,396.2826610328126
25272950,5807.72,3965.71,332.10041871368287,407.2380786748426,1.9161277248659951,7.070285677259747,10.52803485204956,3.6125365024699345,0.35040144429042464,340.9766367125214,402.848427573152
25282921,5878.86,3988.15,329.9847224337589,412.6821486929681,1.9667872870838836,5.840725050123254,8.880298783196563,2.8011513170499436,0.3875196294206129,337.54807890008846,409.34451348384783
25292974,5958.04,4087.22,325.7998417271507,422.9903951624188,1.9460969648556745,11.125339177008719,9.883919843316168,12.366758510701269,0.42905762479571846,340.19557707222856,417.0993445631473
25302990,6035.99,4110.67,323.3140458545121,428.8105828396999,2.002789904093353,6.3288044462759325,9.730380800536635,2.9272280920152305,0.47275800037744453,331.49609396705483,425.7483792339081
25312912,6117.5,4132.89,320.42340965782984,434.60367111571,2.0644655805594443,6.4742296372012325,10.17477022516671,2.7736890492357538,0.5160482486324252,329.0130000097002,431.8826458163133
25322946,6205.57,4158.54,316.8589569855422,440.7414804186146,2.129397200141388,7.097747945073909,10.993645119990514,3.2018507701573027,0.5598271592341664,326.5187224838586,438.2403161966397
25332918,6278.95,4182.45,313.5092335186138,445.8062568360271,2.1808577451705253,6.072281899193143,9.159914600941384,2.9846491974449014,0.6033355603225222,321.9329252661227,444.07726418722604
25342935,6363.9,4202.13,309.5883362038865,451.0285858669571,2.2487540413915026,6.530402457730285,10.604180230988932,2.4566246844716386,0.6470402989609159,318.80443090959176,449.6281726972818
25352934,6439.0,4223.18,305.6945123320093,455.59495125413395,2.3049788737914394,6.00112965985635,9.374619603852553,2.6276397158601466,0.6906665025792944,314.2964214947469,454.74980745245716
25362944,6524.98,4244.55,301.04094264985685,460.4153824151925,2.3721886133170615,6.70016920421812,10.732753575755453,2.6675848326807863,0.7343406998210155,310.76471508695727,459.97505529272377
25372911,6609.32,4264.86,296.2003879150836,464.80075483761857,2.438795015140706,6.5316507426309025,10.52803485204956,2.5352666332122458,0.7778272856260339,305.79290319871296,464.8966023792007
25382935,6685.36,4288.63,291.3393021580566,468.6965648019171,2.493168224938017,6.229565796674583,9.49195838451324,2.967173208835928,0.8215625656611,300.54193132141467,469.26824751987795
25392990,6771.19,4310.94,285.8280144688262,472.59286310426097,2.559244105678886,6.749476457793639,10.714029302245805,2.784923613341473,0.8654331004528587,295.82671932600493,473.7382430557442
25402926,6840.61,4331.35,281.0683978816542,475.55610739452885,2.610226141496108,5.606671631252187,8.665593780285509,2.547749482218866,0.9087844315011845,289.3695027438362,476.93942813640473
25412922,6924.52,4350.89,275.39553363540205,478.63965712206726,2.6771862240416024,6.456753648592201,10.47435860132185,2.439148695862552,0.9523975459495605,284.92540507775135,480.7342502245273
25422922,6991.69,4453.67,266.001293178644,483.56541387012953,2.6401433696149277,10.607300943240503,8.384729677640015,12.829872208840989,0.9924628446258761,281.3705544503301,487.40401446083706
25432918,7068.87,4479.81,260.2662770013399,486.5140652015238,2.6932370873890767,6.448639796737995,9.63426286318694,3.263016730289049,1.0311909919374302,269.4210890319353,489.03258421226127
25442932,7148.38,4510.97,253.96828807527262,489.3508408511921,2.7435325665109445,6.907384497725417,9.925113245037481,3.889655750413352,1.0699888778095694,263.6996562772325,492.50771745597507
25452901,7212.78,4543.15,248.37324314127557,491.5940233685557,2.7770490160932937,6.027967785220147,8.038954760161094,4.0169808102791995,1.1100189622699106,256.75611401702963,494.6954102574323
25462970,7291.91,4572.72,241.974405752652,493.84865177779517,2.828603182489979,6.784428435011814,9.877678418812916,3.6911784512107118,1.1407085804296277,251.2963023898532,497.7164570202258
25472967,7357.11,4607.64,235.99951640047823,495.67885014577246,2.8601015714829496,6.248914212634567,8.138817552212807,4.359010873056328,1.165376935775631,244.50964170434486,499.5601758744011
25482946,7430.24,4645.43,229.31477769477624,497.47941452988033,2.8968635618069785,6.922988058983494,9.12870747842523,4.717268639541756,1.1915816675571111,238.64638540332908,502.07586883783324
25492931,7493.27,4677.32,223.54445161950636,498.82156952663456,2.929256554978747,5.924360138466582,7.867939728772699,3.9807805481604657,1.220186077841094,231.4289893718002,503.0136852166996
25502957,7555.86,4708.14,217.82575035406532,499.955894179332,2.962304897723352,5.830114628467785,7.813015193144092,3.847214063791479,1.2453587844450582,225.47785440845726,504.32176863546243
25512908,7619.05,4819.32,207.16879890036023,502.16333986498057,2.91238390407168,10.883171906283362,7.887912287183019,13.878431525383704,1.2650360716908484,221.2037328774095,510.30155340500227
25522914,7685.96,4852.95,201.03402496418818,503.4831059891962,2.947003005316266,6.275128195548141,8.352274270223301,4.197982120872981,1.2818012856064855,209.00749909390743,508.1630411466123
25532908,7744.74,4890.43,195.1269097724555,504.57946211608714,2.9691600623027345,6.007995226809882,7.3374186459979756,4.67857180762179,1.3004584460239337,202.6924424295418,509.25767594339885
25542937,7812.43,4921.3,189.047486682999,505.51869455663797,3.0074616040042277,6.1515479903842,8.449640492473781,3.8534554882946184,1.3165553596461643,196.72195912295987,510.5206202731686
25552917,7874.93,4954.86,183.09443157533266,506.23094701011297,3.037566074858144,5.995512377803376,7.8017806290383716,4.189244126568381,1.3329977841096006,190.5076667476473,511.333678894639
25562917,7939.26,4991.93,176.7911551830231,506.798813580141,3.065922946851155,6.328804446275961,8.030216765856606,4.627392126695316,1.3533008928661971,184.52275316171594,512.3964691425097
25572968,8013.84,5026.94,169.96155427242735,507.1754278517652,3.107085141449962,6.839977113090473,9.309708789018899,4.370245437162048,1.3741293662452552,178.1974841396398,513.492655957534
25582902,8075.2,5058.04,164.1917495756199,507.28373241827137,3.1385627256945883,5.770821095687106,7.6594761503646716,3.8821660410095395,1.3964968397826114,171.02581769859924,512.8472634874427
25592902,8146.27,5166.25,153.00491762886918,507.53376770486096,3.099928308019591,11.189625849392034,8.87156078889219,13.50769090989188,1.4229365794817164,165.98638586852624,518.3285052645351
25602932,8211.53,5196.23,147.06220043509197,507.67234463636316,3.136627884098588,5.944332696876902,8.146307261616734,3.7423581321370714,1.4509335965336314,153.7982591129547,513.424922133391
25612960,8282.94,5231.31,140.41635243604836,507.57975438630496,3.1744197094656488,6.646492953490412,8.914002475514064,4.378983431466762,1.4790760037756374,147.76403222771836,514.2816789988884
25622961,8360.79,5263.57,133.55490150372557,507.1913990692909,3.221844133316031,6.872432520507299,9.71789795153024,4.026967089484359,1.5093438388735245,140.9421729562537,514.4320417072992
25632916,8441.18,5289.62,126.9506052330277,506.47190931640523,3.278370634566956,6.643372241238729,10.034962316294243,3.2517821661832156,1.542079995074314,133.85431256569726,513.8280207815501
25642911,8521.72,5316.98,120.30695301175138,505.3694867427797,3.3336904604139237,6.734497038985842,10.053686589803888,3.4153074881677967,1.579296844466505,127.01867574381573,513.2060623272649
25652936,8589.85,5343.18,114.5535993391905,504.11968734433543,3.3773076153173345,5.887535733897625,8.504565028102274,3.270506439692976,1.6166254002600733,120.14703897628901,511.2548503270609
25662938,8660.12,5372.63,108.53397968406959,502.53800649146297,3.419770106687648,6.223948514621667,8.771697996840476,3.6761990324028577,1.659241272477382,114.13605588423731,510.32961428238286
25672944,8734.46,5399.8,102.48638188364022,500.64928328231457,3.4688381056572113,6.335670013229381,9.279749951403192,3.39159007505557,1.699449257282529,107.84759920953496,508.8363869468429
25682913,8811.55,5421.93,96.68157080464128,498.4919204740164,3.5260095541068046,6.192741392105513,9.623028299081106,2.76245448512992,1.7389493970300505,101.57073010497629,506.7739569691102
25692981,8880.36,5525.9,86.61239684272368,494.63122724491706,3.489434806517875,10.78393325668204,8.58944840134625,12.97841811201783,1.7764005069126065,94.67799390184454,509.0880941267626
25702952,8954.75,5555.47,80.56562313699223,492.2778760318306,3.536058247557007,6.488584913558635,9.285991375906558,3.6911784512107118,1.8073852443943184,85.18945269589643,500.9618641903966
25712898,9019.08,5585.88,75.14755325188241,489.9094223636696,3.5713431007486047,5.913125574360749,8.030216765856606,3.7960343828648924,1.838432757239056,79.09059158713973,498.0040733725707
25723001,9098.82,5619.45,68.7910736890068,486.80932755490085,3.619370862300965,7.072158104610671,9.953823797752289,4.190492411469053,1.8706326118648424,73.16774107619185,496.69880849244424
25732957,9169.33,5651.42,63.17120902723259,483.7550441742655,3.65946161236005,6.396211830910848,8.801656834455956,3.9907668273657397,1.900090418606343,66.81206640191759,492.8916836726838
25744105,9243.59,5688.7,57.18976725212275,480.19310498174616,3.697929592048296,6.961684890903518,9.269763672198259,4.653606109608776,1.9319819614859208,60.815218939751176,490.3059500068907
25752918,9313.64,5719.37,51.92052816223639,476.76477066905477,3.7388941415378327,6.286362759653917,8.744235729026116,3.8284897902817185,1.9605670552384837,54.88444840161883,486.04151175141214
25762920,9376.75,5753.68,46.9447017876887,473.2701513221572,3.76885297915334,6.080395751047407,7.877926007977859,4.282865494116955,1.9984536050511887,49.50399900593338,482.3443404845596
25772898,9481.83,5778.44,40.587869411805066,468.24388835624484,3.8524048485032556,8.103865574994689,13.116977735989625,3.0907534139997543,2.0371013787516072,43.441844344851475,480.57786142811676
25782942,9566.25,5881.51,31.646038725308863,460.6952750193902,3.8330044206723795,11.702046801107276,10.538021131254718,12.866072470959836,2.078694521068595,35.110532365269364,478.5849075620075
25792968,9658.62,5904.69,26.25937404538717,455.8998295337529,3.9049784475688027,7.2119660134830825,11.530407627268492,2.893524399697674,2.122438527216996,28.001579501220277,466.9186479588492
25802938,9741.33,5926.55,21.68901830669639,451.2405261642583,3.9682768944057325,6.5266576030283225,10.324564413244111,2.7287507928125336,2.165938202192017,22.71876216142085,461.3826506100132
25812985,9823.67,5949.53,17.38809132399412,446.26935805132325,4.030025387491029,6.5734682868025525,10.27837787192033,2.868558701684774,2.209773832530436,17.885349260827248,456.6017375112485
25822965,9905.77,5972.15,13.425160418503289,441.0717881694322,4.091898709066389,6.536019739783202,10.24841903430485,2.8236204452615543,2.253317138072132,13.37688039295923,451.42975928626436
25832990,9982.7,5991.48,10.079893450696003,436.0812776184497,4.151816384297404,6.007995226809883,9.603055740670788,2.4129347129489784,2.2970567811638656,9.534565303611961,445.64991838791155
25842977,10061.52,6013.68,6.886351963385228,430.6447883777178,4.2107146268595566,6.305087033163677,9.838981586892833,2.77119247943452,2.340630628102234,5.791118083891764,440.70302278114116
25852925,10144.12,6041.06,3.7595349397534887,424.53398760486107,4.2681565370376235,6.86431866865315,10.310833279337157,3.4178040579691435,2.38403431583057,2.002844730004706,435.4687108362924
25862920,10211.56,6070.54,1.2681466739257794,419.0216679867288,4.307643949394729,6.049188628531083,8.418433369957402,3.6799438871047645,2.4275338722297866,-0.7246578230144296,428.59412286490965
25873074,10284.94,6103.57,-1.2184839039753879,412.8632438257182,4.349617529178956,6.641499813887832,9.159914600941498,4.1230850268341666,2.462585697974312,-3.8263563799477853,423.28260197025224
25882927,10354.25,6132.6,-3.2759007379748866,407.08052545674764,4.391518292343977,6.137816856477077,8.651862646378328,3.6237710665758245,2.4979597635921706,-6.062340184465758,416.63283957295795
25892912,10428.18,6237.3,-6.961100042282473,396.55813176817793,4.359510187016576,11.149056590120999,9.228570270476945,13.069542909765055,2.5338010816961174,-12.3127260732454,413.6102460257715
25902922,10504.06,6264.35,-9.027535304072604,390.4752497867156,4.410304980098701,6.424298241175318,9.471985826102806,3.37661065624783,2.570412296508617,-12.301147360909905,400.1296164071465
25912944,10582.53,6293.64,-10.86363159176489,384.00496500554584,4.46146385627685,6.725759044681469,9.7952916153704,3.656226473992538,2.6082157102936434,-14.753384417584046,394.0037745005889
25922946,10660.93,6326.45,-12.427201578759977,377.24227662312575,4.508888280127231,6.941088190042803,9.786553621065687,4.0956227590199195,2.643958140706797,-16.902680409273316,387.4267473834451
25932966,10731.62,6355.55,-13.553705080523734,371.1166804163893,4.552151754308793,6.228317511773968,8.824125962667624,3.6325090608803117,2.6803696392249967,-17.953329624847154,380.11522769227383
25942909,10801.81,6382.12,-14.381778284864149,365.13451861781203,4.597526910447279,6.039202349325922,8.76171171763509,3.3166929810167565,2.7188275340262287,-19.012543183301503,373.69990545183725
25952903,10871.79,6414.15,-14.986505393803995,358.796425088572,4.637003920430215,6.366877135745705,8.735497734721857,3.998256536769553,2.752618671413754,-20.23140669538803,367.6482751534521
25962979,10941.91,6450.98,-15.373918695997123,352.1324733493607,4.671633424048972,6.675203506205162,8.752973723330602,4.5974332890797225,2.7820167207462907,-21.199604189429785,361.23686464017885
25972915,11002.08,6482.68,-15.522686466531878,346.40040686298744,4.701248983316801,5.733996691118092,7.51093024718783,3.957063135048353,2.8049632204528887,-20.763999483083452,354.0884250774041
25982932,11069.78,6515.0,-15.477353805963961,340.1578986740011,4.738052583137519,6.242672788131371,8.450888777374454,4.034456798888287,2.8232509337044434,-21.433586999934715,348.4084453147841
25992981,11127.27,6629.37,-15.519409664215223,329.4314689680948,4.678883878846892,10.726512151252255,7.176389893814628,14.276634408689883,2.8354879380396403,-25.68527132928528,343.4528163919467
26002990,11196.63,6666.77,-15.631895624806182,322.76907369104316,4.712129866700765,6.66334479964905,8.65810407088147,4.66858552841663,2.8451158909777154,-21.882599126194446,331.40883686253596
26012902,11256.59,6706.59,-15.568274135834876,316.54170530556456,4.733080248283278,6.227693369323631,7.48471626427437,4.970670474372891,2.855199901380424,-21.596983464445085,324.55845676006714
26022931,11321.76,6740.83,-15.340129447533073,310.3413010941029,4.765254791597433,6.2046000986616265,8.1350726975109,4.274127499812353,2.8682383078821028,-21.531455578125037,318.255627553112
26032904,11379.71,6781.56,-14.959606346780355,304.1940295402179,4.783167679921703,6.159037699788014,7.233810999244242,5.084264400331785,2.883129218709429,-21.2827019501499,311.9598119647962
26043070,11442.98,6825.5,-14.41930942725151,297.5244470288643,4.8032754691962785,6.691431209913633,7.8978985663881796,5.484963853439087,2.8968373925137048,-21.44034451624836,305.85994803036283
26052919,11494.78,6858.83,-13.88625532256015,292.2379290375659,4.822488654292058,5.313324679600356,6.466115785347139,4.160533573853574,2.91011811293455,-19.58271515341339,298.77770696115647
26062952,11559.07,6973.19,-12.950093802875388,281.1269929647145,4.770403966812597,11.150304875021561,8.025223626253913,14.275386123789211,2.9212609194673376,-24.75325563581145,294.7354484064048
26072902,11620.09,7008.95,-12.520659070803747,275.1018266039058,4.796680363971198,6.04045063422671,7.617034463742797,4.463866804710622,2.9280151105178844,-18.848941239742317,282.42724016471084
26082962,11675.45,7050.08,-11.969227113447822,269.1047749633572,4.811482942418028,6.022350503167344,6.910505209977101,5.134195796357585,2.9345705485360014,-18.410327372770297,276.3590111073938
26092952,11736.67,7086.1,-11.289689327903195,263.07377621430294,4.837696925331596,6.069161186941516,7.642000161755584,4.496322212127448,2.9423621060045004,-17.91361049863179,270.3291211901355
26102916,11790.3,7119.55,-10.553857169457228,257.6887851420975,4.858688916410794,5.435032457413229,6.694551922165145,4.1755129926613135,2.9503139273323296,-16.62144691619282,264.12826131749375
26112915,11846.25,7161.71,-9.617759882778385,251.63729742476104,4.873033790394054,6.123461580119674,6.984154019115241,5.262769141124106,2.9572199441748137,-16.569622651374114,258.83217807096275
26122962,11892.01,7203.2,-8.734767064985126,246.26371853820154,4.87747560416552,5.445642879068783,5.712151705356762,5.179134052780805,2.960330790788545,-14.972653364118923,252.62731872243558
26132918,11953.52,7236.46,-7.677087929018571,240.44405220707952,4.906862311201564,5.914998001711759,7.678200423874432,4.151795579549087,2.9601822283626156,-14.552780425094362,247.3304527608852
26142897,12005.66,7354.38,-5.983334394024183,229.96589732805526,4.838435493897811,10.614166510194092,6.508557471968898,14.719775548419285,2.96083369049214,-18.1177013716935,242.3556279044458
26152898,12061.03,7394.53,-5.187060936081523,224.05750402847607,4.854267907387674,5.961808685485989,6.911753494877774,5.011863876094204,2.964312706051243,-11.849866021567763,231.02748550873883
26163005,12115.42,7434.77,-4.3088872163876095,218.21689462592767,4.868987266841126,5.906260007407216,6.78942157461428,5.023098440200152,2.9688735323713904,-11.003112389859243,225.08582925043066
26172944,12173.87,7472.88,-3.306041894077155,212.2741974945695,4.890145695907079,6.026719500319587,7.296225244276776,4.757213756362397,2.9737650728711613,-10.2484512158,219.23813281186503
26182914,12221.78,7511.57,-2.324805027248489,206.95893691331764,4.8997366848937105,5.40507361979775,5.980532958995636,4.829614280599864,2.9782481375786456,-8.637184517726947,213.16511789602967
26192916,12280.03,7553.3,-1.1099132418252897,200.83816594998927,4.916921407025939,6.240176218330079,7.271259546263761,5.2090928903963984,2.979604702866864,-8.482604650376553,207.96953230080769
26202936,12328.64,7584.86,-0.050196874796218705,195.94791896987346,4.934657454989285,5.003750024239941,6.067912902040729,3.9395871464391528,2.980296220968878,-6.048435988390967,201.64346551334108
26212940,12383.38,7698.56,1.9518262777800426,185.62724855371522,4.87332505687087,10.513055433241817,6.833111546136941,14.192999320346695,2.9797071033325473,-10.426294110411925,197.639350523163
26222913,12430.78,7738.32,2.844879044203612,180.2610268612605,4.8812724707383195,5.440025597015923,5.916870429062883,4.963180764968964,2.979523740640108,-3.4169912600717827,186.50456077946106
26232915,12483.11,7775.85,3.8301040226435976,174.73969566315702,4.896667984512955,5.60854405860314,6.532274885081239,4.684813232125043,2.978876107309976,-2.689874815452284,181.16781579498033
26242949,12530.67,7813.54,4.8319176472127,169.5140440077306,4.906935127820769,5.320814389004113,5.936842987472976,4.704785790535249,2.978479065156296,-1.4202556869101324,175.60270706663215
26252923,12580.25,7854.87,5.952715658319014,163.95176169766853,4.915517086512711,5.674079015887019,6.188996537403551,5.159161494370485,2.977793379385071,-0.7665299516638999,170.43738422734754
26262991,12620.74,7896.83,6.98699641104065,158.91071614426318,4.913987937509419,5.146054502913699,5.054305562716191,5.237803443111206,2.974705540740743,0.8768434227916719,164.7987552015167
26272897,12686.84,7934.79,8.38048690349429,152.56714038535372,4.943260218429572,6.4948263380618885,8.251163193271028,4.738489482852749,2.971667387223588,0.5840513447711091,159.99932242750654
26284360,12743.07,8044.53,10.469331659057417,142.42103885850716,4.887597114234926,10.358892248011946,7.019105996333187,13.698678499690704,2.969101641308914,-1.8269547332018305,154.33201540624455
26292907,12791.83,8081.26,11.432287015336405,137.17285702654877,4.900111170363903,5.3357938078119656,6.086637175550603,4.584950440073329,2.967656596221188,5.213382640396854,143.34065588353747
26302957,12842.09,8120.24,12.503826539044049,131.70705414154446,4.911845048429978,5.569847226683061,6.2738799106475245,4.8658145427185975,2.968627352348084,5.946014754371888,138.13411391581423
26313075,12894.14,8153.2,13.606689451579085,126.51710441855933,4.931703180724423,5.305834970196372,6.497322907863064,4.11434703252968,2.970216684071535,7.276437213317344,132.61605665432276
26322927,12937.31,8188.88,14.696087416177424,121.71783072082687,4.9394945589792885,4.921363220797428,5.388845916089393,4.453880525505462,2.9717143540337587,8.756791939628812,127.35275391122727
26332953,12980.39,8225.38,15.83098794157022,116.88230066624065,4.946339321184499,4.966925619670928,5.3776113519835596,4.556239887358295,2.9705522285497867,9.801147713088804,122.56039550437181
26342900,13036.39,8266.72,17.284421461001514,110.98331364339144,4.9615892017207255,6.075402611444769,6.990395443618381,5.160409779271158,2.968809523287076,9.845139638490522,117.92159705499019
26352920,13087.34,8302.32,18.658452609167245,105.75903057112042,4.977556846074824,5.401952907546237,6.360011568792172,4.443894246300302,2.9678136304220137,11.963366241980845,111.9146924983587
26362938,13135.5,8412.23,20.936930739758054,96.15991936209835,4.913322185562408,9.865819712256744,6.011740081511789,13.7198993430017,2.9679978204804573,8.941070997179605,107.46399192017155
26372907,13188.63,8452.94,22.142933219786514,90.42847507825664,4.926241934284094,5.8569527538316954,6.632137677132838,5.081767830530552,2.9720926063191127,15.165947583509492,97.159743832149
26382924,13233.07,8498.96,23.336628805382485,84.91011269873934,4.924598359164912,5.6459926056224345,5.5473780984715075,5.744607112773362,2.9677138580757827,16.579950593110116,91.39307696403117
26392908,13282.2,8536.58,24.508684655073473,79.62405560038692,4.9365714918369425,5.414435756552743,6.1328237168746105,4.696047796230876,2.958817609512364,18.00805600218581,85.87054304127834
26402933,13328.13,8580.3,25.758872912418273,74.17007125006187,4.938870416528965,5.595437067146184,5.733372548667528,5.45750158562484,2.9521540856518333,19.0098692847377,80.65940360726796
26412934,13389.87,8620.92,27.261761201218476,67.96063511324387,4.960840230780338,6.388722121507092,7.706910976589466,5.070533266424718,2.9494785348120485,19.4860593329166,75.38150847198197
26422917,13439.14,8656.19,28.596475970590312,62.85573632513604,4.975403554621208,5.276500275031172,6.150299705483356,4.402700844578988,2.952457841156076,22.080838883516375,68.96038462704236
26432914,13495.43,8767.28,31.02400495276022,52.69479414225852,4.918398544158368,10.446896333507604,7.026595705737228,13.867196961277982,2.955103019802864,18.333287621725106,64.80627674224411
26442912,13542.92,8800.98,32.09612216169872,47.74209440529816,4.932743418141627,5.067412554172922,5.928104993168489,4.206720115177354,2.9585543508427867,26.04284158215248,53.62575142887542
26452945,13594.11,8840.93,33.371904361298235,42.19856985169793,4.944435686711013,5.688434292244535,6.3899704064076515,4.986898178081418,2.9601771156137566,26.50187372780237,48.772952861649856
26462936,13639.87,8874.41,34.5399858168556,37.392783605089264,4.957209802194292,4.945704776359991,5.712151705356762,4.17925784736322,2.9621671300345374,28.50647669039171,43.08604340853619
26473001,13688.65,8909.9,35.85007432831767,32.29890790112129,4.971034557468947,5.259648428872422,6.089133745351724,4.430163112393122,2.9639412365683473,29.363943187000203,38.326852279898446
26483100,13741.95,8950.62,37.38807545227737,26.63585440136492,4.984120744177387,5.868187317937641,6.653358520444058,5.083016115431224,2.964889815689088,30.073752603477008,33.33318529599076
26492932,13796.32,8988.58,38.98211032597768,21.097998534736565,5.0011910401937225,5.762707243832785,6.786925004812933,4.7384894828526365,2.9658133160272526,31.714634289173112,27.64623064164232
26502970,13850.94,9022.54,40.61355022087907,15.815535379579725,5.02268234523318,5.528653824961861,6.818132127329314,4.239175522594407,2.9655083944831926,33.53879747726783,22.065654644796165
26512897,13927.61,9133.19,43.986080458269164,4.621084771682222,4.987335077796551,11.691436379451725,9.57060033325396,13.812272425649489,2.9653721680710623,29.103035923283798,17.86437534883601
26523007,14005.16,9165.45,46.00168095887387,-1.929538966323567,5.03444743042177,6.853708246997597,9.68044940451072,4.026967089484473,2.9626930490321914,37.24012903705689,5.831645037677681
26533027,14104.93,9199.77,48.91934053245183,-9.773615366041827,5.102530969377846,8.36912611638205,12.454138453746586,4.284113779017514,2.960179287282979,37.7680035813584,-0.4299294188419527
26542990,14204.98,9228.15,52.24210174552816,-17.068359593203603,5.177084785068937,8.01586148949909,12.489090430964536,3.5426325480336436,2.959276666944843,41.035675425639326,-8.323836106133058
26552943,14302.56,9249.95,55.84115461821182,-23.592499901863956,5.255913976544739,7.45101257195687,12.18076406050502,2.7212610834087205,2.9616264284978135,44.91299697408485,-15.726043834275675
26563089,14415.56,9273.21,60.5741795528991,-30.65834035327841,5.349264882364728,8.504565028102048,14.105619377301377,2.9035106789027205,2.9625307587256917,47.473253066294774,-22.073997371526673
26572939,14541.43,9297.21,66.52735572895605,-37.87342440590904,5.455233868055414,9.354022902991897,15.712162044433057,2.9958837615507345,2.960982212016079,51.371008880746416,-28.985201372522308
26582916,14644.42,9318.91,72.02886475231975,-43.37793615691911,5.539794767700017,7.782432213078388,12.856086191754562,2.7087782344022133,2.9611563435155506,58.87138914216101,-36.47613174757367
26593045,14755.88,9340.25,78.38690191883353,-48.69549649701004,5.633540963738541,8.288611740290321,13.91338350260176,2.66383997797888,2.959412790502456,63.87611442416667,-41.88336375382905
26602917,14868.29,9358.2,85.09973546000765,-53.293059435928924,5.731801790167737,8.136320982411686,14.031970568163462,2.240671396659911,2.959754757792355,70.38497620634266,-47.22277655737112
26612935,14956.68,9371.56,90.63490095265831,-56.40636815457581,5.8098508035806375,6.350649432037121,11.033590236811154,1.6677086272630879,2.960802505588575,78.85318844739629,-52.14789629127684
26622974,15068.31,9386.54,97.84046395154928,-59.650700830920265,5.910389749953509,7.902267563540422,13.934604345912755,1.8699307811680894,2.958353527663341,82.86317081390375,-54.97596845653438
26632922,15139.61,9478.48,107.28876254556442,-63.46320835513313,5.888919249662398,10.188501359073777,8.90027134160711,11.476731376540444,2.966187874742924,87.81533666675304,-57.83345487412678
26642953,15230.09,9490.72,113.3033696996067,-65.68308988868642,5.970307425184526,6.411191249718533,11.294481781046217,1.5279007183908473,2.978489828641762,100.96918249982656,-62.38326331672645
26652960,15300.77,9501.17,118.16765861371695,-67.09000990444119,6.032960924822789,5.063667699471129,8.82287767776695,1.3044577211753063,2.9937034876196043,108.30079597419062,-64.89887901625234
26662904,15371.23,9513.07,123.1844602902239,-68.21063283844147,6.09387722797432,5.140437220860726,8.795415409952591,1.4854590317688605,3.01610672575119,113.07516731540814,-66.38956204895204
26672943,15437.02,9522.77,127.83582996456067,-68.96191086100546,6.152224144705356,4.711651357488953,8.21246636135106,1.210836353626846,3.03778372478684,118.5037400804965,-67.67163670415378
26682970,15498.75,9535.09,132.43202355783325,-69.44751066303222,6.20362227548946,4.621774844642286,7.705662691688564,1.5378869975960077,3.067092246589393,123.23241117174396,-68.5504037134246
26693001,15563.53,9547.32,137.2319898293676,-69.69844493950278,6.25828675176359,4.806521009937973,8.086389586385772,1.5266524334901739,3.097335942051719,127.63397350639218,-69.16227405450944
26703068,15609.73,9564.72,141.20134053465546,-69.73781876272362,6.2882455893790965,3.969545984054633,5.767076240985029,2.1720157271242373,3.126047843167395,133.2642182103327,-69.57977017931535
26712921,15652.58,9584.24,145.09354155004993,-69.67088712565184,6.312514328322492,3.8927764626650356,5.348900799268753,2.4366521260613188,3.1414382593659984,137.3086840005314,-69.70726232935675
26722956,15690.47,9607.48,148.9063202440996,-69.52994553572947,6.327753806484546,3.815382798824875,4.72975148854815,2.901014109101601,3.149603168741591,141.278188186215,-69.68587414143812
26732916,15735.79,9634.11,153.3904089558981,-69.28626707193368,6.34719584381211,4.490704930074646,5.657227169728494,3.3241826904207965,3.1577070548782027,144.41594201535497,-69.58411316271389
26742903,15779.22,9659.07,157.6473578399179,-68.97231535915233,6.366409028907888,4.268510217759324,5.421301323505992,3.1157191120126555,3.164047270484082,149.12269242656288,-69.36857809400745
26753018,15829.14,9686.98,162.48330572940674,-68.51311604276187,6.389304654460572,4.857700690864447,6.231438224025537,3.483963157703357,3.1770047713822818,152.79169029437278,-69.11284538855803
26762919,15880.58,9712.9,167.27729928698972,-67.9380126100836,6.415851513347647,4.828365995699304,6.421177528923805,3.2355544624748025,3.196932755190435,157.65990966273074,-68.73213333066337
26772915,15929.82,9734.52,171.6522532446002,-67.29007904998849,6.4445828708108515,4.422673402989308,6.146554850781563,2.6987919551970534,3.213312311028977,162.86354793832265,-68.21879555409683
26782928,15978.55,9837.3,181.02476379742615,-66.0334122381262,6.3883580384109155,9.456382264844729,6.082892320848583,12.829872208840875,3.2280001400076346,162.22541173819405,-68.03695571448428
26792939,16034.66,9861.24,185.98394580947243,-65.42585079678534,6.421822476122404,4.996260314836241,7.004126577525561,2.9883940521469214,3.2462942383663953,176.05129573256374,-66.5101013835883
26803125,16088.66,9885.66,190.8205295117856,-64.67496198987234,6.452592698923332,4.894525095433517,6.740738463489153,3.0483117273778815,3.2674920375376866,181.1219190886735,-65.98894233114346
26812962,16146.93,9915.49,196.22620402433853,-63.66782266078098,6.482177051068645,5.498694987346267,7.27375611606511,3.7236338586274247,3.2882571160284497,185.372818519912,-65.42201721733981
26822910,16195.52,9942.18,200.82115084310402,-62.686607652595264,6.504958250505437,4.69854436603211,6.06541633223961,3.3316723998246096,3.306709117388957,191.584635761105,-64.39731784055627
26832941,16263.31,9969.29,206.57034240838803,-61.261809289485505,6.54727510863734,5.923111853565908,8.46212334148006,3.384100365651757,3.3237995450324487,194.98713047087398,-63.71006274504327
26842914,16323.08,9997.35,211.83781382253443,-59.743801013574185,6.580261037136915,5.481843141187516,7.46099885116203,3.5026874312130034,3.347692501086431,201.19149560836405,-62.31945352383678
26852932,16390.78,10025.2,217.50286001325088,-57.88027101041988,6.621714498212538,5.963681112836886,8.450888777374228,3.4764734482995436,3.3769920674846836,206.0188498793306,-61.04961533548257
26863005,16453.11,10056.29,222.97048215229472,-55.85477779657619,6.654211515126027,5.830738770918236,7.780559785727606,3.880917756108866,3.4085662022551,211.85510032247464,-59.3295208473811
26872902,16521.84,10084.61,228.56821675950567,-53.5404138221514,6.6962475091552855,6.057302480385347,8.579462122140862,3.5351428386298305,3.4395886594994973,217.15325607078267,-57.54320726074058
26882903,16576.75,10107.36,232.97448160690462,-51.520732121378586,6.729701544492602,4.84709026920895,6.854332389447934,2.839848148969967,3.471691272240006,223.95819231574677,-55.03773099155995
26892913,16665.73,10211.27,243.87325959601185,-46.406421291519344,6.714170799853729,12.039083724281657,11.107239045949294,12.970928402614017,3.5056085247211177,221.6531956445305,-55.61560954059577
26902945,16744.75,10238.08,249.7973961966487,-43.485019623553214,6.768481595406009,6.605299551769042,9.863947284905848,3.3466518186322363,3.541801660966432,237.74434073984267,-48.86941455645007
26912986,16820.99,10262.5,255.27360534646965,-40.4056656187265,6.82238669836558,6.282617904952124,9.516924082526366,3.0483117273778815,3.5818974498786234,244.06146559264235,-46.048296402531335
26923059,16899.98,10288.97,260.82750548107896,-36.873013241003754,6.8770199675171915,6.5822062811069255,9.860202430203602,3.304210132010249,3.625846519690397,249.38227885030366,-43.341259535230655
26933087,16977.14,10312.21,265.9207333584512,-33.222441238782665,6.933109569052891,6.266390201243597,9.631766293385594,2.901014109101601,3.669599251952133,255.34675078691527,-39.91093590898668
26942992,17061.98,10332.63,271.014970447267,-29.073945793777852,7.000121663469245,6.569723432100646,10.590449097081866,2.5489977671194257,3.7128153282437664,260.3185601415917,-36.65419315618504
26952933,17141.43,10355.47,275.70205232078774,-24.73906075177604,7.059009503657228,6.3843531243547345,9.917623535633668,2.851082713075801,3.7561884745754295,265.72030782549746,-32.64136958947335
26962984,17229.41,10379.28,280.5169220026573,-19.689349463862474,7.125761538719278,6.977288452161651,10.98241055588468,2.9721663484386216,3.8000415571405184,270.09114208481105,-28.886378013389898
26972922,17319.7,10402.31,285.0366441484174,-14.249095752915977,7.195727907400496,7.072782247061007,11.2707643679341,2.874800126187914,3.843401614302179,275.01789292933574,-24.13737463972491
26983049,17396.79,10427.46,288.8024981998,-9.097545465773344,7.2497578388501305,6.381232412103051,9.623028299081106,3.1394365251249954,3.8875862891739983,280.2556489700899,-18.47546679697775
26993075,17478.81,10450.36,292.3554136041626,-3.5966656920617437,7.311256674955296,6.548502588789766,10.23843275509969,2.858572422479841,3.9313302953223994,284.09153924469217,-13.64614435759433
27002969,17552.03,10471.36,295.25473647649653,1.5196033093048076,7.365577872881745,5.880670166943808,9.139942042530725,2.6213982913568925,3.97449837799069,288.3063337159169,-7.861314994288937
27012901,17628.96,10576.01,300.7161916673528,11.450033545284818,7.336742491676819,11.333178612966297,9.603055740670788,13.063301485261803,4.017832256812346,287.814041130353,-7.0289047616556015
27022909,17714.25,10606.14,304.0972870921739,17.81114034322957,7.394121987609855,7.203852161628875,10.646621917611032,3.761082405646719,4.0595949971693805,296.2219776703912,5.819977904696584
27032920,17784.47,10637.29,306.78953570020025,23.536685400661206,7.434764063500059,6.326932018925121,8.765456572337337,3.888407465512906,4.098506635075365,300.3527632449497,12.71127662645543
27042904,17859.86,10669.96,309.3973013586355,29.756622176870565,7.479203005963063,6.744483318190946,9.410819865971172,4.0781467704107195,4.13254728952908,302.9988001366108,17.958300408901117
27053223,17928.53,10702.97,311.6105319273522,35.70446933427975,7.516297872260595,6.346280434884878,8.571972412736821,4.120588457032934,4.163585071696928,306.0030330104065,24.394326237777534
27063042,17997.68,10734.94,313.5859515833075,41.69868188334934,7.554973899432282,6.311328457667044,8.631890087968236,3.9907668273658534,4.191652450165478,308.3940053304598,30.274292214512727
27072914,18065.63,10773.45,315.445815925377,48.07770113128175,7.585598488994801,6.64462052613946,8.48209589989061,4.80714515238831,4.2201593695549935,310.36261391808443,35.88825365194093
27082948,18134.69,10807.05,317.03066939244025,54.286051056418565,7.622485307808894,6.4074463950163985,8.620655523861949,4.194237266170847,4.2459296779606905,312.4907169443791,42.39239029391203
27092918,18194.93,10834.26,318.1915030995587,59.61930536949011,7.656844349699179,5.458125728075403,7.5196682414925435,3.3965832146582633,4.271293861839035,314.63802574156546,49.380300061575134
27102897,18265.03,10943.78,320.61221923792766,70.56568454000708,7.615838190712951,11.210846692702916,8.750477153529255,13.671216231876574,4.294605569959606,313.52374322675956,49.426410719922984
27112923,18325.2,10975.97,321.8904121124078,76.18677000111289,7.644944033646354,5.764579671183908,7.510930247188058,4.018229095179759,4.3171067237268534,318.3327480549283,65.27093337387072
27123054,18398.86,11011.3,323.1691272096204,82.86803354870432,7.6848163338478255,6.802528566071123,9.194866578159445,4.410190553982802,4.33749088530745,319.335091846499,69.88242759045264
27132953,18470.6,11043.29,324.1269603077293,89.27101763047284,7.726165771181725,6.474229637201175,8.95519587723515,3.9932633971671994,4.360322921258915,320.8673381576486,76.81680090109964
27142933,18526.04,11070.24,324.7067936000106,94.38053246764231,7.755802135197902,5.1423096482118495,6.9204914891824885,3.3641278072412097,4.384658134952091,322.4125587219939,84.42290709945969
27152952,18604.34,11109.52,325.2777840814678,101.69695250702979,7.7963921992172445,7.338666930898649,9.774070772059181,4.903263089738117,4.4099587643311144,322.4325918058012,87.40313764422288
27162919,18668.3,11147.68,325.55922313170424,108.06447856517924,7.823230324581136,6.373742702699124,7.9840302245325985,4.76345518086565,4.437696269042707,323.4639860603607,95.5867370624781
27173008,18737.88,11176.57,325.6181474405889,114.21012679766315,7.865557585087214,6.14593070833134,8.685566338696056,3.6062950779666245,4.465773291721071,323.9753386785438,102.12614762874207
27182923,18812.93,11284.94,325.68402361679927,125.65795808189144,7.830896874345938,11.44802082382575,9.368378179349186,13.527663468302315,4.493498182631727,322.9775767627042,103.07080153632693
27192938,18891.37,11314.73,325.6690339710844,132.41303519060264,7.881504424692967,6.755093739846443,9.791546760668155,3.718640719024732,4.524079253569244,324.3181670869359,119.04239103333526
27202934,18973.13,11349.18,325.2911008487854,139.65634162188385,7.930718056900942,7.253159415204566,10.20597734768309,4.300341482726042,4.557440329571803,324.4302826319943,125.26644043349816
27212965,19046.26,11381.28,324.6479786236103,146.19262960697716,7.973398998128865,6.567851004749522,9.128707478424891,4.006994531074152,4.59429407000791,324.39722887820636,133.14960206041357
27222912,19131.72,11406.66,323.6096103056086,153.03225276477994,8.035896462154552,6.917994919381027,10.667842760922252,3.168147077839802,4.634838803701724,323.9723215572843,139.3077083123431
27232936,19206.83,11434.44,322.29271142456014,159.31757805815633,8.08513089911087,6.4218016713741415,9.375867888753225,3.4677354539950573,4.67857408373679,323.2522128532206,146.62040406354797
27242929,19288.91,11464.81,320.50166233051266,166.10368376585004,8.138921575954546,7.0184818538827365,10.245922464503275,3.7910412432621987,4.722174109015164,322.2083872080073,152.29960278320814
27252992,19366.7,11493.58,318.46999707167186,172.43663733922529,8.189914014145941,6.650861950642712,9.710408242126427,3.5913156591589974,4.7660795482602625,320.71271094246146,159.4561712107734
27262954,19447.0,11522.26,316.0561677659232,178.795830045126,8.243611069622068,6.801904423620786,10.023727752188409,3.580081095053164,4.809544318781944,318.98253053271605,165.65407047708658
27272917,19538.13,11547.43,313.07025815591777,185.41203612879085,8.312225129660918,7.258776697257368,11.375620299588395,3.141933094926342,4.85272939243035,316.9161077351221,171.5881714523498
27282935,19616.57,11649.96,308.20091442441327,195.6036458862071,8.287165810280447,11.29510592349644,9.791546760668155,12.798665086324723,4.896438494125411,314.89424549346967,174.26517612179987
27292912,19706.01,11678.7,304.8949089071191,202.1973858767741,8.350308221504795,7.376115477918056,11.164660151378907,3.5875708044572048,4.939968710497104,309.7083317327044,188.38320458374872
27302940,19783.17,11709.79,301.5361255884626,208.05970045155428,8.398231959315435,6.75634202474723,9.631766293385594,3.880917756108866,4.98372144275884,306.5628938678649,195.6501739719942
27312919,19877.0,11737.78,297.3789100734948,214.4258437650214,8.466721190864222,7.60330332983573,11.712657222762942,3.4939494369085167,5.027260385243869,303.7328967239769,200.7806608099764
27323043,19968.08,11765.89,292.9035815465953,220.3682712832521,8.532224941025632,7.4391538654007,11.369378875085255,3.5089288557161433,5.071431970945685,299.83842033606936,207.40503045733428
27332941,20052.53,11795.8,288.26936561924254,225.79696403422685,8.588959489759995,7.137693061894435,10.541765985956285,3.733620137832585,5.114617505840646,295.5553116089694,213.74143267633573
27342935,20143.0,11825.05,283.08476824520926,231.1778768082284,8.652642824441294,7.472233415267864,11.293233496145769,3.651233334389958,5.1582218941756866,291.3437229257334,218.9864868582669
27352923,20231.11,11857.02,277.56502556251496,236.24769011170233,8.711041753043189,7.49470254347953,10.998638259593207,3.9907668273658534,5.201800104170722,286.46311689476397,224.48778513342376
27362924,20324.32,11883.8,271.7378798971136,240.95202550016137,8.780144724668125,7.489085261426387,11.635263558922558,3.3429069639302162,5.245435033902436,281.22905395257345,229.7161287356025
27372916,20419.18,11904.27,265.82117424403447,245.05168153407044,8.857527986134013,7.198234879576072,11.841230567529351,2.5552391916227926,5.289030696124142,275.52998641401336,234.83365042617058
27382980,20502.4,12003.63,256.26207777694896,251.255165339016,8.840738554220325,11.3955928579986,10.388226943177317,12.402958772819884,5.332940498425908,272.2424045663728,235.63747218156763
27392976,20603.03,12026.19,249.6809307108765,255.23088106238748,8.921949889381525,7.688810845529814,12.561490955201775,2.816130735857854,5.376553612874284,260.8683304172408,245.0988475408398
27402913,20688.06,12048.07,243.7317041527211,258.25275485506535,8.987640882278031,6.672706936404043,10.614166510194433,2.731247362613653,5.419909306979277,253.90692429347595,250.06696819529117
27413000,20781.65,12073.44,236.89780511776254,261.1554188156112,9.058605878879764,7.424798589043296,11.682698385147237,3.1668987929393553,5.463919459584396,248.6804504836993,252.71763571998892
27422910,20866.78,12096.67,230.508290219053,263.37241594858307,9.122996575004757,6.763207591700592,10.626649359200258,2.8997658242009274,5.507157351159367,241.62118052526904,256.3148918103979
27432958,20947.81,12121.28,224.15802732642408,265.1465702186015,9.181686770083472,6.593440845213099,10.114852549935977,3.072029140490222,5.550997344554453,235.31413425303893,258.85829086166683
27442933,21031.23,12149.82,217.33034053994726,266.63432820176325,9.238774999539688,6.9878988738169205,10.413192641189879,3.5626051064439634,5.594518834812812,229.45543698837616,260.58935818226297
27452947,21101.0,12184.97,210.87402938449168,267.7292859266662,9.27478801892333,6.548502588789652,8.709283751808169,4.387721425771135,5.635772941726581,222.47116163654502,262.57787105196365
27462924,21174.37,12229.35,203.591533360126,268.71778441420344,9.304944501648103,7.349277352554147,9.158666316040598,5.539888389067694,5.659819039630696,216.78902692571583,263.36755671773113
27472935,21234.04,12267.05,197.5499333056588,269.37531059545586,9.327798517704103,6.077275038795779,7.448516002155749,4.706034075435809,5.673098132898399,208.54922838139544,265.20288299691583
27482963,21309.68,12381.24,185.782880523026,270.7587305688118,9.287697365270844,11.84809613448283,9.442026988487326,14.254165280478333,5.684633527131568,207.2996008440685,262.6431961503185
27492980,21379.63,12424.76,178.75453199637295,271.6299860199338,9.315190840207576,7.082144383815945,8.731752880019837,5.432535887612053,5.69899091012509,191.66230655748382,266.8104247829645
27502928,21440.09,12463.63,172.58488913807165,272.23878274119943,9.337649566045034,6.199606959058933,7.54713050930645,4.852083408811417,5.717363388422702,183.95716692939115,268.25838162431586
27512939,21508.82,12502.6,165.8801218827866,272.7200008027299,9.368607031581057,6.7220141899795065,8.579462122140862,4.864566257818151,5.734160987921844,178.2893322148357,268.6828294296043
27522940,21567.02,12545.16,159.598516877752,273.0219779978964,9.384876344786147,6.288859329455265,7.265018121760623,5.312700537149906,5.748484778523283,171.26809994487203,269.4766315563809
27532908,21622.58,12586.56,153.5500346722103,273.21884533638286,9.399606106613772,6.051685198332543,6.935470907990115,5.167899488674972,5.758840904675213,164.8214139947272,269.9651431241734
27542978,21692.01,12624.16,146.87008600596866,273.2764043759523,9.432716863603407,6.68019664580763,8.66684206518573,4.6935512264295305,5.765782542755112,159.34433558571163,269.8945252328944
27553314,21754.6,12740.27,135.71886830280746,273.4983189260548,9.377043357034589,11.153425587273302,7.813015193144206,14.493835981402398,5.76917841735698,156.5729567794046,267.77611337593737
27562962,21810.73,12780.29,129.72238548206653,273.7344353697158,9.393801581825764,6.001129659856406,7.006623147326907,4.995636172385904,5.773041089460251,140.9502294028453,270.5578396733787
27572913,21874.71,12823.21,123.05164008802099,273.86801941513426,9.415708981832106,6.672082793953479,7.986526794333945,5.357638793573012,5.780950717253566,135.55777850570632,270.499489146202
27582976,21927.97,12860.55,117.39691124680118,273.8724792390387,9.432269561514014,5.654730599927148,6.648365380841593,4.6610958190127025,5.789812783743431,128.02007568622568,271.1679035168357
